year,tree_area_km2,tree_percent
1992,2689.1567999999997,100.0
1997,2676.1779,100.0
2000,2685.4847999999997,100.0
2005,2687.3082,100.0
2010,2687.5719,100.0
