{"type":"FeatureCollection","features":[{"type":"Feature","id":"sindhudurg_kudal.1","geometry":{"type":"MultiPolygon","coordinates":[[[[73.924831,16.097839],[73.925432,16.098086],[73.926405,16.098486],[73.926772,16.098413],[73.927804,16.098208],[73.927829,16.098203],[73.927885,16.098191],[73.928777,16.097803],[73.929108,16.097866],[73.929109,16.097866],[73.929308,16.097892],[73.929761,16.097803],[73.931335,16.098006],[73.931493,16.098009],[73.931579,16.09801],[73.932197,16.098036],[73.933274,16.098081],[73.934299,16.098083],[73.935735,16.098069],[73.936844,16.098076],[73.937005,16.097923],[73.937632,16.097112],[73.938226,16.097331],[73.938911,16.097586],[73.939248,16.097711],[73.939649,16.097852],[73.940666,16.098208],[73.940923,16.098506],[73.941122,16.098736],[73.941699,16.099397],[73.942123,16.09988],[73.942504,16.099843],[73.943163,16.09973],[73.943334,16.099701],[73.944615,16.098807],[73.94488,16.098687],[73.941483,16.098168],[73.937601,16.096033],[73.934578,16.09688],[73.926931,16.097597],[73.925641,16.097718],[73.924743,16.097802],[73.924831,16.097839]]],[[[73.920413,16.098232],[73.920418,16.098234],[73.920834,16.098242],[73.921082,16.098288],[73.921465,16.098359],[73.922228,16.098251],[73.923251,16.098066],[73.923564,16.097913],[73.920368,16.098212],[73.920413,16.098232]]],[[[73.915396,16.099502],[73.91627,16.099019],[73.916293,16.098999],[73.914445,16.099397],[73.915396,16.099502]]],[[[73.901658,16.099317],[73.902279,16.099741],[73.902937,16.100096],[73.903338,16.100286],[73.903761,16.100488],[73.904405,16.10073],[73.904492,16.100763],[73.905248,16.1009],[73.905782,16.100897],[73.906841,16.100635],[73.90732,16.100508],[73.904234,16.099367],[73.90383,16.097421],[73.903132,16.097678],[73.902293,16.098417],[73.901623,16.098722],[73.901291,16.09891],[73.901658,16.099317]]]]},"geometry_name":"the_geom","properties":{"ADI_2001":0,"ADI_2011":0,"ADI_2019":0,"ASSET_2001":0,"ASSET_2011":0,"ASSET_2019":0,"BF_2001":0,"BF_2011":0,"BF_2019":0,"FC_2001":0,"FC_2011":0,"FC_2019":0,"F_ILL":0,"F_LIT":0,"F_SC":0,"F_ST":0,"MSW_2001":0,"MSW_2011":0,"MSW_2019":0,"M_ILL":0,"M_LIT":0,"M_SC":0,"M_ST":0,"No_HH":0,"P_ILL":0,"P_LIT":0,"P_SC":0,"P_ST":0,"TOT_F":0,"TOT_M":0,"TOT_P":0,"block_cen":0,"dist_cen":0,"district":"SINDHUDURG","state":"MAHARASHTRA","state_cen":0,"tehsil":"Kudal","vill_ID":0,"vill_name":"HANAMANTE"}},{"type":"Feature","id":"sindhudurg_kudal.2","geometry":{"type":"MultiPolygon","coordinates":[[[[73.754189,16.20021],[73.754506,16.199843],[73.754595,16.199671],[73.753558,16.19822],[73.754051,16.200435],[73.754189,16.20021]]]]},"geometry_name":"the_geom","properties":{"ADI_2001":0,"ADI_2011":0,"ADI_2019":0,"ASSET_2001":0,"ASSET_2011":0,"ASSET_2019":0,"BF_2001":0,"BF_2011":0,"BF_2019":0,"FC_2001":0,"FC_2011":0,"FC_2019":0,"F_ILL":54,"F_LIT":207,"F_SC":19,"F_ST":6,"MSW_2001":0,"MSW_2011":0,"MSW_2019":0,"M_ILL":40,"M_LIT":196,"M_SC":15,"M_ST":4,"No_HH":142,"P_ILL":94,"P_LIT":403,"P_SC":34,"P_ST":10,"TOT_F":261,"TOT_M":236,"TOT_P":497,"block_cen":4277,"dist_cen":529,"district":"SINDHUDURG","state":"MAHARASHTRA","state_cen":27,"tehsil":"Kudal","vill_ID":566463,"vill_name":"LINGESHWAR NAGAR"}},{"type":"Feature","id":"sindhudurg_kudal.3","geometry":{"type":"MultiPolygon","coordinates":[[[[73.721135,16.193803],[73.72134,16.19456],[73.722576,16.194566],[73.723275,16.194429],[73.723866,16.194749],[73.724103,16.195446],[73.723947,16.196052],[73.724083,16.196522],[73.724621,16.196685],[73.724856,16.196517],[73.725176,16.196395],[73.725237,16.196403],[73.725335,16.196416],[73.725776,16.196389],[73.72639,16.196304],[73.726516,16.196392],[73.727677,16.197147],[73.727822,16.197218],[73.728065,16.197258],[73.728352,16.197177],[73.728422,16.197372],[73.728471,16.197536],[73.728499,16.197642],[73.728678,16.198185],[73.729068,16.199109],[73.729527,16.199512],[73.729739,16.199577],[73.729935,16.199882],[73.730574,16.200353],[73.732091,16.2007],[73.73225,16.200738],[73.732523,16.200825],[73.732943,16.201245],[73.733493,16.201314],[73.733949,16.201225],[73.734327,16.20123],[73.734892,16.201457],[73.735163,16.201443],[73.735262,16.201433],[73.735386,16.201424],[73.735711,16.201415],[73.736785,16.201927],[73.737288,16.20211],[73.73801,16.202511],[73.73815,16.202574],[73.738241,16.202639],[73.738545,16.202805],[73.738809,16.203177],[73.740023,16.203791],[73.740649,16.204417],[73.741033,16.204727],[73.741421,16.204981],[73.741778,16.20529],[73.742362,16.205381],[73.743035,16.205765],[73.743715,16.205981],[73.743996,16.206228],[73.744242,16.206327],[73.744768,16.206576],[73.744913,16.206826],[73.745091,16.206944],[73.745415,16.207567],[73.745929,16.207944],[73.746021,16.208274],[73.746128,16.208397],[73.746131,16.208306],[73.746376,16.206736],[73.746616,16.205341],[73.746655,16.204112],[73.747034,16.201796],[73.745923,16.201847],[73.744482,16.20133],[73.743381,16.200832],[73.741868,16.199522],[73.74036,16.198036],[73.737107,16.196369],[73.734611,16.195356],[73.73278,16.194819],[73.730936,16.19472],[73.728119,16.194658],[73.725789,16.194534],[73.724244,16.194189],[73.722216,16.19373],[73.721236,16.193507],[73.721135,16.193803]]]]},"geometry_name":"the_geom","properties":{"ADI_2001":0,"ADI_2011":0,"ADI_2019":0,"ASSET_2001":0,"ASSET_2011":0,"ASSET_2019":0,"BF_2001":0,"BF_2011":0,"BF_2019":0,"FC_2001":0,"FC_2011":0,"FC_2019":0,"F_ILL":98,"F_LIT":210,"F_SC":38,"F_ST":0,"MSW_2001":0,"MSW_2011":0,"MSW_2019":0,"M_ILL":43,"M_LIT":254,"M_SC":34,"M_ST":0,"No_HH":140,"P_ILL":141,"P_LIT":464,"P_SC":72,"P_ST":0,"TOT_F":308,"TOT_M":297,"TOT_P":605,"block_cen":4277,"dist_cen":529,"district":"SINDHUDURG","state":"MAHARASHTRA","state_cen":27,"tehsil":"Kudal","vill_ID":566464,"vill_name":"TALAVADE"}},{"type":"Feature","id":"sindhudurg_kudal.4","geometry":{"type":"MultiPolygon","coordinates":[[[[73.746206,16.208485],[73.746422,16.209019],[73.746561,16.209544],[73.747165,16.21047],[73.747875,16.210959],[73.748482,16.211511],[73.74869,16.211353],[73.748725,16.211326],[73.748791,16.211193],[73.74908,16.211078],[73.749269,16.210983],[73.749346,16.210951],[73.749368,16.210871],[73.749386,16.210809],[73.749758,16.20985],[73.749801,16.209348],[73.749935,16.20875],[73.750281,16.207928],[73.750903,16.206979],[73.751604,16.206165],[73.751998,16.205807],[73.752356,16.205183],[73.752601,16.20388],[73.753095,16.202459],[73.753344,16.20186],[73.753494,16.201494],[73.753548,16.20137],[73.753704,16.200999],[73.754051,16.200435],[73.753558,16.19822],[73.752422,16.199223],[73.75112,16.200378],[73.749346,16.201157],[73.747674,16.201767],[73.747034,16.201796],[73.746655,16.204112],[73.746616,16.205341],[73.746376,16.206736],[73.746131,16.208306],[73.746128,16.208397],[73.746206,16.208485]]]]},"geometry_name":"the_geom","properties":{"ADI_2001":0,"ADI_2011":0,"ADI_2019":0,"ASSET_2001":0,"ASSET_2011":0,"ASSET_2019":0,"BF_2001":0,"BF_2011":0,"BF_2019":0,"FC_2001":0,"FC_2011":0,"FC_2019":0,"F_ILL":106,"F_LIT":460,"F_SC":15,"F_ST":0,"MSW_2001":0,"MSW_2011":0,"MSW_2019":0,"M_ILL":74,"M_LIT":457,"M_SC":19,"M_ST":0,"No_HH":259,"P_ILL":180,"P_LIT":917,"P_SC":34,"P_ST":0,"TOT_F":566,"TOT_M":531,"TOT_P":1097,"block_cen":4277,"dist_cen":529,"district":"SINDHUDURG","state":"MAHARASHTRA","state_cen":27,"tehsil":"Kudal","vill_ID":566468,"vill_name":"PHANAS NAGAR"}},{"type":"Feature","id":"sindhudurg_kudal.5","geometry":{"type":"MultiPolygon","coordinates":[[[[73.773116,16.183624],[73.773644,16.183396],[73.774183,16.183035],[73.7745,16.183013],[73.774848,16.183005],[73.775188,16.182993],[73.775545,16.183289],[73.77586,16.18353],[73.776201,16.183772],[73.777103,16.18386],[73.777541,16.18366],[73.778075,16.183354],[73.778175,16.183128],[73.778547,16.182641],[73.778834,16.182247],[73.778986,16.182127],[73.779043,16.182009],[73.779383,16.181632],[73.779389,16.181613],[73.777477,16.181953],[73.775118,16.18242],[73.773092,16.183632],[73.773116,16.183624]]],[[[73.754652,16.199559],[73.754987,16.199408],[73.755188,16.199358],[73.755197,16.199069],[73.755382,16.199074],[73.755671,16.198849],[73.756698,16.198723],[73.757103,16.198304],[73.757641,16.196971],[73.757945,16.196766],[73.758158,16.196508],[73.758444,16.196331],[73.758822,16.195933],[73.759091,16.195841],[73.759472,16.195403],[73.760169,16.195281],[73.760759,16.194961],[73.761242,16.194922],[73.761685,16.194797],[73.761798,16.194537],[73.762438,16.194071],[73.762578,16.193975],[73.763258,16.193368],[73.763428,16.192963],[73.763758,16.192055],[73.763759,16.191769],[73.764033,16.191231],[73.764176,16.19065],[73.765312,16.189782],[73.765799,16.189305],[73.766207,16.18916],[73.766543,16.188947],[73.766708,16.188704],[73.766833,16.188707],[73.766937,16.188592],[73.76694,16.188543],[73.767093,16.188498],[73.767654,16.188723],[73.76807,16.188318],[73.768259,16.18799],[73.768437,16.187737],[73.768649,16.18755],[73.768657,16.187543],[73.76878,16.187372],[73.769087,16.187014],[73.769244,16.187162],[73.769252,16.187169],[73.769406,16.187291],[73.76941,16.187294],[73.769653,16.187447],[73.769807,16.187421],[73.769996,16.187392],[73.770266,16.187352],[73.770366,16.187362],[73.770503,16.187403],[73.770475,16.18712],[73.770499,16.186842],[73.770496,16.186468],[73.770554,16.186104],[73.770586,16.185907],[73.770631,16.185703],[73.770878,16.185254],[73.770744,16.18533],[73.770222,16.185626],[73.767575,16.185991],[73.765197,16.187074],[73.763403,16.188195],[73.761489,16.190011],[73.759768,16.191926],[73.758634,16.193789],[73.757815,16.194955],[73.757509,16.19539],[73.7566,16.19639],[73.754818,16.197341],[73.753824,16.197987],[73.753558,16.19822],[73.754595,16.199671],[73.754652,16.199559]]]]},"geometry_name":"the_geom","properties":{"ADI_2001":0,"ADI_2011":0,"ADI_2019":0,"ASSET_2001":0,"ASSET_2011":0,"ASSET_2019":0,"BF_2001":0,"BF_2011":0,"BF_2019":0,"FC_2001":0,"FC_2011":0,"FC_2019":0,"F_ILL":70,"F_LIT":219,"F_SC":48,"F_ST":0,"MSW_2001":0,"MSW_2011":0,"MSW_2019":0,"M_ILL":32,"M_LIT":261,"M_SC":52,"M_ST":0,"No_HH":152,"P_ILL":102,"P_LIT":480,"P_SC":100,"P_ST":0,"TOT_F":289,"TOT_M":293,"TOT_P":582,"block_cen":4277,"dist_cen":529,"district":"SINDHUDURG","state":"MAHARASHTRA","state_cen":27,"tehsil":"Kudal","vill_ID":566469,"vill_name":"KALASULI"}},{"type":"Feature","id":"sindhudurg_kudal.6","geometry":{"type":"MultiPolygon","coordinates":[[[[73.826465,16.219983],[73.827165,16.220511],[73.827195,16.22049],[73.827749,16.219628],[73.828188,16.218951],[73.829115,16.217864],[73.828545,16.217574],[73.829459,16.216974],[73.830196,16.216578],[73.830532,16.216582],[73.830952,16.216343],[73.831122,16.216318],[73.831273,16.216278],[73.831303,16.21627],[73.831537,16.216152],[73.831823,16.216008],[73.832393,16.215515],[73.832362,16.215231],[73.832794,16.215122],[73.832817,16.215196],[73.833128,16.217113],[73.833151,16.217243],[73.833194,16.217191],[73.833508,16.216377],[73.834004,16.214621],[73.834344,16.213331],[73.834678,16.212162],[73.835131,16.211354],[73.835862,16.210431],[73.836015,16.210371],[73.835965,16.210028],[73.835267,16.209904],[73.835256,16.209902],[73.835591,16.209568],[73.836154,16.209068],[73.836233,16.208914],[73.836413,16.208562],[73.83647,16.208458],[73.836794,16.207926],[73.836985,16.207837],[73.83734,16.207609],[73.837425,16.207526],[73.837739,16.208027],[73.838258,16.208034],[73.838694,16.208045],[73.839002,16.208058],[73.83966,16.208078],[73.839799,16.208082],[73.839888,16.208058],[73.840231,16.207924],[73.841381,16.20748],[73.842078,16.207214],[73.842113,16.206599],[73.842135,16.206213],[73.842871,16.206174],[73.843952,16.20721],[73.845654,16.207171],[73.848419,16.206088],[73.854218,16.203146],[73.858532,16.20162],[73.859998,16.201283],[73.863652,16.201277],[73.864293,16.201318],[73.865865,16.20066],[73.866503,16.200564],[73.869402,16.200126],[73.872124,16.200227],[73.874761,16.200488],[73.879232,16.199732],[73.880771,16.199326],[73.880862,16.199278],[73.881712,16.198831],[73.882624,16.198638],[73.884137,16.198498],[73.88531,16.198944],[73.886694,16.199139],[73.888764,16.199627],[73.889845,16.200046],[73.890048,16.200051],[73.890973,16.200072],[73.892317,16.199731],[73.893504,16.198989],[73.894392,16.198127],[73.894968,16.197114],[73.895394,16.196847],[73.896199,16.196924],[73.896915,16.197789],[73.897734,16.198065],[73.898219,16.197875],[73.898474,16.196719],[73.899016,16.19652],[73.899427,16.196197],[73.899959,16.195959],[73.900703,16.195245],[73.901722,16.194791],[73.902461,16.19436],[73.902708,16.194103],[73.902988,16.193664],[73.903403,16.193235],[73.904754,16.192523],[73.90557,16.192008],[73.905945,16.191853],[73.906119,16.19173],[73.906568,16.191564],[73.907188,16.190991],[73.908781,16.190347],[73.906662,16.189407],[73.906656,16.189412],[73.903593,16.191051],[73.900616,16.192242],[73.899987,16.192487],[73.897532,16.193447],[73.895007,16.194698],[73.892304,16.195538],[73.889511,16.196216],[73.887253,16.196598],[73.884185,16.196795],[73.879392,16.197037],[73.874245,16.197303],[73.869171,16.197669],[73.863588,16.198028],[73.858436,16.198818],[73.855695,16.1995],[73.851847,16.200908],[73.849454,16.20219],[73.847046,16.203729],[73.844963,16.204605],[73.842875,16.205564],[73.840919,16.205849],[73.838464,16.206365],[73.836088,16.207124],[73.834561,16.20807],[73.834176,16.208308],[73.832769,16.209172],[73.831249,16.210369],[73.829744,16.21131],[73.826997,16.212861],[73.82523,16.213269],[73.823983,16.212936],[73.822325,16.213089],[73.82076,16.213332],[73.819699,16.213219],[73.819849,16.213497],[73.820399,16.213719],[73.821061,16.213757],[73.821376,16.21403],[73.821464,16.214605],[73.821472,16.214651],[73.821702,16.215474],[73.821915,16.2162],[73.822379,16.216804],[73.822556,16.217379],[73.82274,16.217745],[73.822735,16.21779],[73.822735,16.217921],[73.822947,16.21787],[73.822956,16.218],[73.822959,16.218033],[73.822963,16.218097],[73.82332,16.218121],[73.823414,16.218167],[73.823677,16.218313],[73.823928,16.21845],[73.824042,16.218653],[73.824423,16.219235],[73.82481,16.21961],[73.825049,16.220017],[73.824641,16.221336],[73.824741,16.221375],[73.82524,16.221569],[73.825342,16.221609],[73.825343,16.221609],[73.825468,16.221639],[73.82593,16.221],[73.826465,16.219983]]]]},"geometry_name":"the_geom","properties":{"ADI_2001":0,"ADI_2011":0,"ADI_2019":0,"ASSET_2001":0,"ASSET_2011":0,"ASSET_2019":0,"BF_2001":0,"BF_2011":0,"BF_2019":0,"FC_2001":0,"FC_2011":0,"FC_2019":0,"F_ILL":156,"F_LIT":368,"F_SC":56,"F_ST":41,"MSW_2001":0,"MSW_2011":0,"MSW_2019":0,"M_ILL":91,"M_LIT":420,"M_SC":64,"M_ST":27,"No_HH":262,"P_ILL":247,"P_LIT":788,"P_SC":120,"P_ST":68,"TOT_F":524,"TOT_M":511,"TOT_P":1035,"block_cen":4277,"dist_cen":529,"district":"SINDHUDURG","state":"MAHARASHTRA","state_cen":27,"tehsil":"Kudal","vill_ID":566486,"vill_name":"DARISTE"}},{"type":"Feature","id":"sindhudurg_kudal.7","geometry":{"type":"MultiPolygon","coordinates":[[[[73.833369,16.218436],[73.835757,16.218191],[73.835906,16.218169],[73.833194,16.217191],[73.833151,16.217243],[73.833369,16.218436]]]]},"geometry_name":"the_geom","properties":{"ADI_2001":0,"ADI_2011":0,"ADI_2019":0,"ASSET_2001":0,"ASSET_2011":0,"ASSET_2019":0,"BF_2001":0,"BF_2011":0,"BF_2019":0,"FC_2001":0,"FC_2011":0,"FC_2019":0,"F_ILL":81,"F_LIT":105,"F_SC":5,"F_ST":0,"MSW_2001":0,"MSW_2011":0,"MSW_2019":0,"M_ILL":31,"M_LIT":129,"M_SC":5,"M_ST":0,"No_HH":108,"P_ILL":112,"P_LIT":234,"P_SC":10,"P_ST":0,"TOT_F":186,"TOT_M":160,"TOT_P":346,"block_cen":4277,"dist_cen":529,"district":"SINDHUDURG","state":"MAHARASHTRA","state_cen":27,"tehsil":"Kudal","vill_ID":566490,"vill_name":"RANJANGAON"}},{"type":"Feature","id":"sindhudurg_kudal.8","geometry":{"type":"MultiPolygon","coordinates":[[[[73.836029,16.218152],[73.836729,16.21718],[73.838118,16.216763],[73.838649,16.216003],[73.839057,16.215408],[73.839311,16.215052],[73.839498,16.214789],[73.839914,16.214175],[73.839294,16.213753],[73.837876,16.214102],[73.836239,16.214486],[73.83559,16.214827],[73.835536,16.214845],[73.835547,16.214747],[73.835649,16.214425],[73.83565,16.214319],[73.835767,16.214028],[73.835731,16.213503],[73.835773,16.213005],[73.835889,16.212857],[73.835961,16.212296],[73.836149,16.211598],[73.836099,16.210944],[73.836015,16.210371],[73.835862,16.210431],[73.835131,16.211354],[73.834678,16.212162],[73.834344,16.213331],[73.834004,16.214621],[73.833508,16.216377],[73.833194,16.217191],[73.835906,16.218169],[73.836029,16.218152]]]]},"geometry_name":"the_geom","properties":{"ADI_2001":0,"ADI_2011":0,"ADI_2019":0,"ASSET_2001":0,"ASSET_2011":0,"ASSET_2019":0,"BF_2001":0,"BF_2011":0,"BF_2019":0,"FC_2001":0,"FC_2011":0,"FC_2019":0,"F_ILL":178,"F_LIT":348,"F_SC":77,"F_ST":0,"MSW_2001":0,"MSW_2011":0,"MSW_2019":0,"M_ILL":105,"M_LIT":380,"M_SC":72,"M_ST":0,"No_HH":276,"P_ILL":283,"P_LIT":728,"P_SC":149,"P_ST":0,"TOT_F":526,"TOT_M":485,"TOT_P":1011,"block_cen":4277,"dist_cen":529,"district":"SINDHUDURG","state":"MAHARASHTRA","state_cen":27,"tehsil":"Kudal","vill_ID":566491,"vill_name":"NARDAVE"}},{"type":"Feature","id":"sindhudurg_kudal.9","geometry":{"type":"MultiPolygon","coordinates":[[[[73.907409,16.191253],[73.908309,16.191145],[73.908891,16.190538],[73.908973,16.19043],[73.908781,16.190347],[73.907188,16.190991],[73.906568,16.191564],[73.907409,16.191253]]],[[[73.903413,16.193807],[73.904216,16.193066],[73.905945,16.191853],[73.90557,16.192008],[73.904754,16.192523],[73.903403,16.193235],[73.902988,16.193664],[73.902708,16.194103],[73.902461,16.19436],[73.903413,16.193807]]],[[[73.898648,16.197707],[73.898804,16.197595],[73.899111,16.197374],[73.899313,16.196862],[73.899722,16.196186],[73.899959,16.195959],[73.899427,16.196197],[73.899016,16.19652],[73.898474,16.196719],[73.898219,16.197875],[73.898648,16.197707]]]]},"geometry_name":"the_geom","properties":{"ADI_2001":0,"ADI_2011":0,"ADI_2019":0,"ASSET_2001":0,"ASSET_2011":0,"ASSET_2019":0,"BF_2001":0,"BF_2011":0,"BF_2019":0,"FC_2001":0,"FC_2011":0,"FC_2019":0,"F_ILL":78,"F_LIT":174,"F_SC":0,"F_ST":0,"MSW_2001":0,"MSW_2011":0,"MSW_2019":0,"M_ILL":58,"M_LIT":179,"M_SC":0,"M_ST":0,"No_HH":113,"P_ILL":136,"P_LIT":353,"P_SC":0,"P_ST":0,"TOT_F":252,"TOT_M":237,"TOT_P":489,"block_cen":4277,"dist_cen":529,"district":"SINDHUDURG","state":"MAHARASHTRA","state_cen":27,"tehsil":"Kudal","vill_ID":566494,"vill_name":"JAMBHALGAON"}},{"type":"Feature","id":"sindhudurg_kudal.10","geometry":{"type":"MultiPolygon","coordinates":[[[[73.909355,16.189925],[73.909811,16.189606],[73.910468,16.189079],[73.911158,16.188541],[73.911764,16.187688],[73.912092,16.187424],[73.912751,16.187211],[73.913867,16.1871],[73.914236,16.186729],[73.91645,16.186243],[73.918538,16.185683],[73.919332,16.185401],[73.921319,16.184981],[73.922083,16.184744],[73.923248,16.184207],[73.924579,16.184034],[73.925526,16.183419],[73.926188,16.18268],[73.926889,16.182138],[73.927434,16.181856],[73.923905,16.182338],[73.920259,16.183052],[73.91645,16.184407],[73.913082,16.185866],[73.908845,16.187828],[73.906662,16.189407],[73.908781,16.190347],[73.908973,16.19043],[73.909355,16.189925]]]]},"geometry_name":"the_geom","properties":{"ADI_2001":0,"ADI_2011":0,"ADI_2019":0,"ASSET_2001":0,"ASSET_2011":0,"ASSET_2019":0,"BF_2001":0,"BF_2011":0,"BF_2019":0,"FC_2001":0,"FC_2011":0,"FC_2019":0,"F_ILL":90,"F_LIT":123,"F_SC":0,"F_ST":0,"MSW_2001":0,"MSW_2011":0,"MSW_2019":0,"M_ILL":50,"M_LIT":145,"M_SC":0,"M_ST":0,"No_HH":108,"P_ILL":140,"P_LIT":268,"P_SC":0,"P_ST":0,"TOT_F":213,"TOT_M":195,"TOT_P":408,"block_cen":4277,"dist_cen":529,"district":"SINDHUDURG","state":"MAHARASHTRA","state_cen":27,"tehsil":"Kudal","vill_ID":566495,"vill_name":"YEVTESHWARGAON"}},{"type":"Feature","id":"sindhudurg_kudal.11","geometry":{"type":"MultiPolygon","coordinates":[[[[73.556644,16.014801],[73.55664,16.014802],[73.556678,16.014942],[73.556682,16.014959],[73.556682,16.014959],[73.557021,16.014921],[73.557651,16.014849],[73.557942,16.014816],[73.558421,16.014761],[73.558423,16.014332],[73.556644,16.014801]]]]},"geometry_name":"the_geom","properties":{"ADI_2001":0,"ADI_2011":0,"ADI_2019":0,"ASSET_2001":0,"ASSET_2011":0,"ASSET_2019":0,"BF_2001":0,"BF_2011":0,"BF_2019":0,"FC_2001":0,"FC_2011":0,"FC_2019":0,"F_ILL":34,"F_LIT":127,"F_SC":0,"F_ST":0,"MSW_2001":0,"MSW_2011":0,"MSW_2019":0,"M_ILL":20,"M_LIT":133,"M_SC":0,"M_ST":0,"No_HH":73,"P_ILL":54,"P_LIT":260,"P_SC":0,"P_ST":0,"TOT_F":161,"TOT_M":153,"TOT_P":314,"block_cen":4278,"dist_cen":529,"district":"SINDHUDURG","state":"MAHARASHTRA","state_cen":27,"tehsil":"Kudal","vill_ID":566602,"vill_name":"AMBERI"}},{"type":"Feature","id":"sindhudurg_kudal.12","geometry":{"type":"MultiPolygon","coordinates":[[[[73.561987,16.007872],[73.561884,16.007995],[73.561927,16.0082],[73.561882,16.008277],[73.562138,16.00865],[73.561931,16.008921],[73.561864,16.009009],[73.561795,16.009113],[73.561608,16.009593],[73.561593,16.009901],[73.561503,16.010058],[73.561572,16.010191],[73.561446,16.010448],[73.561402,16.010537],[73.561313,16.010668],[73.560962,16.011154],[73.560732,16.011647],[73.560468,16.011597],[73.560319,16.01173],[73.560338,16.011839],[73.560204,16.01187],[73.560209,16.011971],[73.559857,16.012278],[73.559632,16.012687],[73.559579,16.012758],[73.559289,16.014104],[73.558423,16.014332],[73.558421,16.014761],[73.562661,16.014277],[73.562714,16.014271],[73.563722,16.014476],[73.563737,16.014479],[73.563746,16.014481],[73.563769,16.01447],[73.565467,16.013693],[73.565462,16.013702],[73.565446,16.013735],[73.565301,16.014037],[73.567911,16.013263],[73.566685,16.011485],[73.565335,16.009604],[73.564699,16.008949],[73.563817,16.008042],[73.562295,16.007724],[73.5619,16.007789],[73.561987,16.007872]]]]},"geometry_name":"the_geom","properties":{"ADI_2001":0,"ADI_2011":0,"ADI_2019":0,"ASSET_2001":0,"ASSET_2011":0,"ASSET_2019":0,"BF_2001":0,"BF_2011":0,"BF_2019":0,"FC_2001":0,"FC_2011":0,"FC_2019":0,"F_ILL":33,"F_LIT":141,"F_SC":23,"F_ST":0,"MSW_2001":0,"MSW_2011":0,"MSW_2019":0,"M_ILL":14,"M_LIT":117,"M_SC":17,"M_ST":0,"No_HH":78,"P_ILL":47,"P_LIT":258,"P_SC":40,"P_ST":0,"TOT_F":174,"TOT_M":131,"TOT_P":305,"block_cen":4278,"dist_cen":529,"district":"SINDHUDURG","state":"MAHARASHTRA","state_cen":27,"tehsil":"Kudal","vill_ID":566603,"vill_name":"MALA"}},{"type":"Feature","id":"sindhudurg_kudal.13","geometry":{"type":"MultiPolygon","coordinates":[[[[73.676952,16.108614],[73.676951,16.108665],[73.67699,16.108553],[73.676952,16.108614]]],[[[73.676422,16.109779],[73.67599,16.110112],[73.675243,16.110544],[73.674366,16.110848],[73.673469,16.111093],[73.673092,16.111076],[73.673061,16.111139],[73.673089,16.111398],[73.673146,16.111626],[73.67301,16.111829],[73.67294,16.111905],[73.672917,16.111946],[73.672908,16.11222],[73.672675,16.112238],[73.672525,16.112328],[73.672495,16.112367],[73.67241,16.11249],[73.672237,16.112669],[73.672034,16.112675],[73.672024,16.112678],[73.671958,16.112733],[73.671763,16.112882],[73.671615,16.112996],[73.671441,16.113093],[73.671335,16.113151],[73.671237,16.113229],[73.671109,16.113318],[73.670955,16.113423],[73.670806,16.113492],[73.670699,16.113532],[73.670567,16.113606],[73.670343,16.113751],[73.67025,16.11382],[73.670169,16.113963],[73.670118,16.114053],[73.670115,16.11406],[73.670069,16.114141],[73.670016,16.114236],[73.669922,16.114309],[73.669689,16.114183],[73.669615,16.114143],[73.669348,16.114136],[73.669152,16.114131],[73.669077,16.114129],[73.668446,16.114173],[73.668103,16.114006],[73.667656,16.113658],[73.667052,16.11329],[73.666357,16.112987],[73.665959,16.112717],[73.665614,16.112378],[73.665237,16.112164],[73.664891,16.112147],[73.664424,16.112146],[73.664525,16.111938],[73.664551,16.111885],[73.664587,16.111395],[73.664576,16.111397],[73.664494,16.110933],[73.664549,16.110724],[73.664556,16.110605],[73.664584,16.110337],[73.664576,16.110251],[73.664546,16.10993],[73.664515,16.109537],[73.664503,16.109491],[73.664343,16.109238],[73.664261,16.109107],[73.664079,16.108924],[73.663831,16.108667],[73.663583,16.108413],[73.663363,16.108186],[73.663162,16.107977],[73.663196,16.107704],[73.663218,16.107385],[73.663225,16.107184],[73.663077,16.106928],[73.662925,16.10667],[73.662814,16.106484],[73.662773,16.106367],[73.662694,16.106126],[73.662514,16.106198],[73.662464,16.105902],[73.662299,16.105445],[73.662087,16.104859],[73.661432,16.104124],[73.661253,16.103688],[73.660993,16.102684],[73.660971,16.102611],[73.659601,16.102329],[73.658099,16.102271],[73.656974,16.102113],[73.656236,16.101168],[73.655923,16.10096],[73.655471,16.100992],[73.655005,16.101048],[73.654879,16.101051],[73.654364,16.101067],[73.654219,16.101038],[73.654005,16.101048],[73.653856,16.10101],[73.653712,16.101051],[73.653243,16.101007],[73.653024,16.100979],[73.652496,16.100919],[73.652321,16.100831],[73.65221,16.101106],[73.652185,16.101233],[73.652151,16.101411],[73.652126,16.101479],[73.652121,16.101493],[73.652073,16.101666],[73.652044,16.101716],[73.651994,16.101765],[73.65195,16.101804],[73.651843,16.101844],[73.651837,16.101893],[73.651783,16.101913],[73.651748,16.101939],[73.651717,16.101997],[73.651685,16.102036],[73.651612,16.102153],[73.651539,16.102304],[73.651524,16.102358],[73.651343,16.102874],[73.651335,16.10289],[73.652312,16.102928],[73.653834,16.103921],[73.655184,16.104908],[73.655675,16.106328],[73.656333,16.107909],[73.656815,16.109792],[73.657812,16.111383],[73.658982,16.112826],[73.659978,16.114416],[73.6603,16.115513],[73.661639,16.116962],[73.66316,16.117799],[73.663595,16.117818],[73.664525,16.117857],[73.666241,16.117466],[73.667551,16.116496],[73.667627,16.11644],[73.668844,16.115252],[73.670923,16.113632],[73.672649,16.112617],[73.674546,16.111607],[73.675499,16.111109],[73.675925,16.110887],[73.67645,16.110129],[73.676577,16.109757],[73.676422,16.109779]]]]},"geometry_name":"the_geom","properties":{"ADI_2001":0,"ADI_2011":0,"ADI_2019":0,"ASSET_2001":0,"ASSET_2011":0,"ASSET_2019":0,"BF_2001":0,"BF_2011":0,"BF_2019":0,"FC_2001":0,"FC_2011":0,"FC_2019":0,"F_ILL":193,"F_LIT":705,"F_SC":135,"F_ST":91,"MSW_2001":0,"MSW_2011":0,"MSW_2019":0,"M_ILL":123,"M_LIT":713,"M_SC":126,"M_ST":97,"No_HH":429,"P_ILL":316,"P_LIT":1418,"P_SC":261,"P_ST":188,"TOT_F":898,"TOT_M":836,"TOT_P":1734,"block_cen":4278,"dist_cen":529,"district":"SINDHUDURG","state":"MAHARASHTRA","state_cen":27,"tehsil":"Kudal","vill_ID":566610,"vill_name":"SUKALWAD"}},{"type":"Feature","id":"sindhudurg_kudal.14","geometry":{"type":"MultiPolygon","coordinates":[[[[73.684256,16.098962],[73.68396,16.099336],[73.683807,16.099638],[73.6836,16.100266],[73.683026,16.10099],[73.683249,16.100863],[73.684114,16.100112],[73.684267,16.09896],[73.684256,16.098962]]],[[[73.660654,16.101585],[73.660297,16.100587],[73.659892,16.100126],[73.659392,16.100367],[73.658635,16.100712],[73.65853,16.100672],[73.658312,16.100504],[73.658247,16.100284],[73.65805,16.100249],[73.657667,16.100439],[73.65763,16.100715],[73.657585,16.100728],[73.657532,16.100746],[73.657368,16.100802],[73.657286,16.100829],[73.657274,16.100807],[73.657147,16.100829],[73.65699,16.100839],[73.656907,16.10085],[73.656785,16.100895],[73.656163,16.100938],[73.655951,16.100958],[73.655923,16.10096],[73.656236,16.101168],[73.656974,16.102113],[73.658099,16.102271],[73.659601,16.102329],[73.660971,16.102611],[73.660654,16.101585]]]]},"geometry_name":"the_geom","properties":{"ADI_2001":0,"ADI_2011":0,"ADI_2019":0,"ASSET_2001":0,"ASSET_2011":0,"ASSET_2019":0,"BF_2001":0,"BF_2011":0,"BF_2019":0,"FC_2001":0,"FC_2011":0,"FC_2019":0,"F_ILL":126,"F_LIT":294,"F_SC":99,"F_ST":0,"MSW_2001":0,"MSW_2011":0,"MSW_2019":0,"M_ILL":76,"M_LIT":313,"M_SC":98,"M_ST":0,"No_HH":215,"P_ILL":202,"P_LIT":607,"P_SC":197,"P_ST":0,"TOT_F":420,"TOT_M":389,"TOT_P":809,"block_cen":4278,"dist_cen":529,"district":"SINDHUDURG","state":"MAHARASHTRA","state_cen":27,"tehsil":"Kudal","vill_ID":566611,"vill_name":"TALGAON"}},{"type":"Feature","id":"sindhudurg_kudal.15","geometry":{"type":"MultiPolygon","coordinates":[[[[73.656313,16.062571],[73.65986,16.065311],[73.660043,16.065453],[73.660955,16.06586],[73.66056,16.064348],[73.65916,16.063221],[73.6566,16.062484],[73.656041,16.061936],[73.656313,16.062571]]]]},"geometry_name":"the_geom","properties":{"ADI_2001":0,"ADI_2011":0,"ADI_2019":0,"ASSET_2001":0,"ASSET_2011":0,"ASSET_2019":0,"BF_2001":0,"BF_2011":0,"BF_2019":0,"FC_2001":0,"FC_2011":0,"FC_2019":0,"F_ILL":48,"F_LIT":216,"F_SC":0,"F_ST":0,"MSW_2001":0,"MSW_2011":0,"MSW_2019":0,"M_ILL":23,"M_LIT":206,"M_SC":0,"M_ST":0,"No_HH":148,"P_ILL":71,"P_LIT":422,"P_SC":0,"P_ST":0,"TOT_F":264,"TOT_M":229,"TOT_P":493,"block_cen":4278,"dist_cen":529,"district":"SINDHUDURG","state":"MAHARASHTRA","state_cen":27,"tehsil":"Kudal","vill_ID":566612,"vill_name":"MHAVLUNGE"}},{"type":"Feature","id":"sindhudurg_kudal.16","geometry":{"type":"MultiPolygon","coordinates":[[[[73.637716,16.047525],[73.637769,16.049681],[73.637797,16.05039],[73.637806,16.050607],[73.638137,16.050584],[73.639607,16.050294],[73.641238,16.049601],[73.642942,16.048439],[73.643784,16.04739],[73.64419,16.047009],[73.644989,16.046624],[73.645642,16.046696],[73.647801,16.047494],[73.647897,16.04753],[73.647819,16.047728],[73.647732,16.047953],[73.649512,16.04869],[73.64871,16.046687],[73.646648,16.0437],[73.643909,16.042304],[73.642597,16.042447],[73.641691,16.042546],[73.640332,16.043792],[73.638974,16.045038],[73.637699,16.045964],[73.637625,16.045986],[73.637716,16.047525]]]]},"geometry_name":"the_geom","properties":{"ADI_2001":0,"ADI_2011":0,"ADI_2019":0,"ASSET_2001":0,"ASSET_2011":0,"ASSET_2019":0,"BF_2001":0,"BF_2011":0,"BF_2019":0,"FC_2001":0,"FC_2011":0,"FC_2019":0,"F_ILL":209,"F_LIT":657,"F_SC":99,"F_ST":0,"MSW_2001":0,"MSW_2011":0,"MSW_2019":0,"M_ILL":92,"M_LIT":680,"M_SC":93,"M_ST":0,"No_HH":448,"P_ILL":301,"P_LIT":1337,"P_SC":192,"P_ST":0,"TOT_F":866,"TOT_M":772,"TOT_P":1638,"block_cen":4278,"dist_cen":529,"district":"SINDHUDURG","state":"MAHARASHTRA","state_cen":27,"tehsil":"Kudal","vill_ID":566622,"vill_name":"WARAD"}},{"type":"Feature","id":"sindhudurg_kudal.17","geometry":{"type":"MultiPolygon","coordinates":[[[[73.665397,16.067844],[73.665591,16.067599],[73.665688,16.067476],[73.66582,16.067309],[73.666499,16.066451],[73.666091,16.060607],[73.664825,16.057155],[73.665399,16.05683],[73.66462,16.055516],[73.663081,16.054813],[73.661886,16.055736],[73.661206,16.057809],[73.661379,16.060235],[73.661208,16.062004],[73.65916,16.063221],[73.66056,16.064348],[73.660955,16.06586],[73.665397,16.067844]]]]},"geometry_name":"the_geom","properties":{"ADI_2001":0,"ADI_2011":0,"ADI_2019":0,"ASSET_2001":0,"ASSET_2011":0,"ASSET_2019":0,"BF_2001":0,"BF_2011":0,"BF_2019":0,"FC_2001":0,"FC_2011":0,"FC_2019":0,"F_ILL":33,"F_LIT":124,"F_SC":0,"F_ST":0,"MSW_2001":0,"MSW_2011":0,"MSW_2019":0,"M_ILL":15,"M_LIT":114,"M_SC":0,"M_ST":0,"No_HH":80,"P_ILL":48,"P_LIT":238,"P_SC":0,"P_ST":0,"TOT_F":157,"TOT_M":129,"TOT_P":286,"block_cen":4278,"dist_cen":529,"district":"SINDHUDURG","state":"MAHARASHTRA","state_cen":27,"tehsil":"Kudal","vill_ID":566623,"vill_name":"KHAND"}},{"type":"Feature","id":"sindhudurg_kudal.18","geometry":{"type":"MultiPolygon","coordinates":[[[[73.675538,16.065697],[73.676233,16.066438],[73.677095,16.067358],[73.678247,16.068175],[73.680906,16.067584],[73.680933,16.067576],[73.681777,16.06732],[73.681025,16.066441],[73.680344,16.064645],[73.67949,16.064452],[73.679391,16.064479],[73.678463,16.064735],[73.677095,16.064845],[73.674351,16.06447],[73.675538,16.065697]]]]},"geometry_name":"the_geom","properties":{"ADI_2001":0,"ADI_2011":0,"ADI_2019":0,"ASSET_2001":0,"ASSET_2011":0,"ASSET_2019":0,"BF_2001":0,"BF_2011":0,"BF_2019":0,"FC_2001":0,"FC_2011":0,"FC_2019":0,"F_ILL":22,"F_LIT":84,"F_SC":0,"F_ST":0,"MSW_2001":0,"MSW_2011":0,"MSW_2019":0,"M_ILL":7,"M_LIT":74,"M_SC":0,"M_ST":0,"No_HH":61,"P_ILL":29,"P_LIT":158,"P_SC":0,"P_ST":0,"TOT_F":106,"TOT_M":81,"TOT_P":187,"block_cen":4278,"dist_cen":529,"district":"SINDHUDURG","state":"MAHARASHTRA","state_cen":27,"tehsil":"Kudal","vill_ID":566624,"vill_name":"PEDAVE"}},{"type":"Feature","id":"sindhudurg_kudal.19","geometry":{"type":"MultiPolygon","coordinates":[[[[73.637625,16.045986],[73.637699,16.045964],[73.637624,16.045974],[73.637625,16.045986]]]]},"geometry_name":"the_geom","properties":{"ADI_2001":0,"ADI_2011":0,"ADI_2019":0,"ASSET_2001":0,"ASSET_2011":0,"ASSET_2019":0,"BF_2001":0,"BF_2011":0,"BF_2019":0,"FC_2001":0,"FC_2011":0,"FC_2019":0,"F_ILL":48,"F_LIT":307,"F_SC":83,"F_ST":0,"MSW_2001":0,"MSW_2011":0,"MSW_2019":0,"M_ILL":32,"M_LIT":299,"M_SC":64,"M_ST":0,"No_HH":164,"P_ILL":80,"P_LIT":606,"P_SC":147,"P_ST":0,"TOT_F":355,"TOT_M":331,"TOT_P":686,"block_cen":4278,"dist_cen":529,"district":"SINDHUDURG","state":"MAHARASHTRA","state_cen":27,"tehsil":"Kudal","vill_ID":566625,"vill_name":"KHARARE"}},{"type":"Feature","id":"sindhudurg_kudal.20","geometry":{"type":"MultiPolygon","coordinates":[[[[73.623762,16.032666],[73.62364,16.033468],[73.623611,16.034411],[73.623688,16.034662],[73.623696,16.034689],[73.623823,16.035107],[73.624039,16.035531],[73.624251,16.035809],[73.624412,16.036018],[73.624975,16.036327],[73.625953,16.036556],[73.626817,16.036723],[73.628379,16.037024],[73.629352,16.037219],[73.631144,16.037961],[73.631721,16.038377],[73.632388,16.039096],[73.6315,16.03699],[73.629756,16.035283],[73.62961,16.035139],[73.626184,16.033236],[73.623915,16.03235],[73.623762,16.032666]]]]},"geometry_name":"the_geom","properties":{"ADI_2001":0,"ADI_2011":0,"ADI_2019":0,"ASSET_2001":0,"ASSET_2011":0,"ASSET_2019":0,"BF_2001":0,"BF_2011":0,"BF_2019":0,"FC_2001":0,"FC_2011":0,"FC_2019":0,"F_ILL":39,"F_LIT":165,"F_SC":19,"F_ST":0,"MSW_2001":0,"MSW_2011":0,"MSW_2019":0,"M_ILL":23,"M_LIT":171,"M_SC":15,"M_ST":0,"No_HH":110,"P_ILL":62,"P_LIT":336,"P_SC":34,"P_ST":0,"TOT_F":204,"TOT_M":194,"TOT_P":398,"block_cen":4278,"dist_cen":529,"district":"SINDHUDURG","state":"MAHARASHTRA","state_cen":27,"tehsil":"Kudal","vill_ID":566628,"vill_name":"PARAD"}},{"type":"Feature","id":"sindhudurg_kudal.21","geometry":{"type":"MultiPolygon","coordinates":[[[[73.579122,16.021388],[73.581714,16.022024],[73.582986,16.022149],[73.584268,16.022245],[73.584742,16.022265],[73.585387,16.022332],[73.586096,16.022452],[73.586469,16.022437],[73.587056,16.022242],[73.587798,16.02186],[73.588439,16.021509],[73.589402,16.021022],[73.590074,16.020626],[73.59093,16.020167],[73.591643,16.019908],[73.592261,16.019574],[73.592795,16.019294],[73.59304,16.018958],[73.593731,16.018566],[73.592729,16.016672],[73.591821,16.012558],[73.589445,16.014096],[73.587069,16.015473],[73.582146,16.019493],[73.579257,16.020855],[73.578789,16.020946],[73.579122,16.021388]]]]},"geometry_name":"the_geom","properties":{"ADI_2001":0,"ADI_2011":0,"ADI_2019":0,"ASSET_2001":0,"ASSET_2011":0,"ASSET_2019":0,"BF_2001":0,"BF_2011":0,"BF_2019":0,"FC_2001":0,"FC_2011":0,"FC_2019":0,"F_ILL":19,"F_LIT":167,"F_SC":0,"F_ST":0,"MSW_2001":0,"MSW_2011":0,"MSW_2019":0,"M_ILL":19,"M_LIT":192,"M_SC":0,"M_ST":0,"No_HH":104,"P_ILL":38,"P_LIT":359,"P_SC":0,"P_ST":0,"TOT_F":186,"TOT_M":211,"TOT_P":397,"block_cen":4278,"dist_cen":529,"district":"SINDHUDURG","state":"MAHARASHTRA","state_cen":27,"tehsil":"Kudal","vill_ID":566629,"vill_name":"BAGWADI"}},{"type":"Feature","id":"sindhudurg_kudal.22","geometry":{"type":"MultiPolygon","coordinates":[[[[73.596344,16.017084],[73.596406,16.016606],[73.596487,16.016578],[73.596779,16.016477],[73.597158,16.016462],[73.597261,16.016458],[73.597762,16.016282],[73.598185,16.016172],[73.598826,16.015764],[73.599228,16.015356],[73.599773,16.015009],[73.600096,16.014753],[73.600918,16.013998],[73.601796,16.013138],[73.602007,16.012967],[73.603523,16.012199],[73.604891,16.011389],[73.605791,16.010711],[73.606909,16.010383],[73.607558,16.010251],[73.608263,16.010117],[73.608319,16.008901],[73.60855,16.008949],[73.608842,16.009036],[73.609196,16.00922],[73.609273,16.009261],[73.609479,16.009304],[73.609725,16.009355],[73.609919,16.009427],[73.609943,16.009436],[73.610716,16.009651],[73.611424,16.009628],[73.612031,16.009621],[73.612648,16.009738],[73.613017,16.009808],[73.613636,16.010092],[73.613761,16.010149],[73.614375,16.010378],[73.614786,16.010468],[73.615149,16.010539],[73.615526,16.010731],[73.615853,16.010897],[73.616312,16.011238],[73.616765,16.011661],[73.6171,16.011865],[73.617122,16.011879],[73.617549,16.012112],[73.617599,16.012265],[73.618258,16.012573],[73.61927,16.013023],[73.618887,16.011742],[73.617514,16.010097],[73.616729,16.009651],[73.615121,16.00874],[73.612387,16.007216],[73.611317,16.006738],[73.609315,16.005846],[73.607099,16.005302],[73.603525,16.005361],[73.602847,16.00582],[73.6003,16.007026],[73.598096,16.008563],[73.596401,16.009956],[73.594366,16.011183],[73.592288,16.012306],[73.591821,16.012558],[73.592729,16.016672],[73.593731,16.018566],[73.596344,16.017084]]]]},"geometry_name":"the_geom","properties":{"ADI_2001":0,"ADI_2011":0,"ADI_2019":0,"ASSET_2001":0,"ASSET_2011":0,"ASSET_2019":0,"BF_2001":0,"BF_2011":0,"BF_2019":0,"FC_2001":0,"FC_2011":0,"FC_2019":0,"F_ILL":137,"F_LIT":326,"F_SC":132,"F_ST":0,"MSW_2001":0,"MSW_2011":0,"MSW_2019":0,"M_ILL":78,"M_LIT":344,"M_SC":128,"M_ST":0,"No_HH":227,"P_ILL":215,"P_LIT":670,"P_SC":260,"P_ST":0,"TOT_F":463,"TOT_M":422,"TOT_P":885,"block_cen":4278,"dist_cen":529,"district":"SINDHUDURG","state":"MAHARASHTRA","state_cen":27,"tehsil":"Kudal","vill_ID":566631,"vill_name":"KALSE"}},{"type":"Feature","id":"sindhudurg_kudal.23","geometry":{"type":"MultiPolygon","coordinates":[[[[73.574169,15.982227],[73.573491,15.98243],[73.573132,15.982922],[73.573183,15.983282],[73.573191,15.983405],[73.573191,15.983414],[73.573289,15.983586],[73.573545,15.983937],[73.573816,15.984462],[73.57381,15.984993],[73.574257,15.985424],[73.574882,15.985581],[73.575416,15.985984],[73.57583,15.986078],[73.575869,15.986104],[73.575937,15.985527],[73.575598,15.984418],[73.575257,15.982673],[73.575424,15.981721],[73.574129,15.981892],[73.574169,15.982227]]],[[[73.55767,15.969402],[73.557677,15.969598],[73.557721,15.969752],[73.557839,15.970451],[73.558006,15.970917],[73.558355,15.971402],[73.558541,15.971662],[73.558591,15.971731],[73.558594,15.97193],[73.558866,15.972312],[73.558921,15.97244],[73.558981,15.972529],[73.559272,15.973071],[73.559356,15.973205],[73.559433,15.97335],[73.559639,15.973767],[73.559639,15.974733],[73.559838,15.97499],[73.560186,15.975333],[73.560681,15.975393],[73.560963,15.975424],[73.561618,15.975513],[73.5626,15.975605],[73.562914,15.975663],[73.563043,15.975697],[73.5631,15.975889],[73.563565,15.977137],[73.563674,15.977061],[73.563814,15.977238],[73.564228,15.977742],[73.563892,15.977725],[73.563513,15.978385],[73.563584,15.97886],[73.563718,15.978929],[73.564919,15.979576],[73.565437,15.980122],[73.565528,15.980287],[73.565486,15.980397],[73.565206,15.980962],[73.565158,15.982103],[73.56535,15.982578],[73.565481,15.982733],[73.565997,15.982824],[73.566654,15.982968],[73.566866,15.983044],[73.566846,15.982939],[73.566875,15.982831],[73.566883,15.982731],[73.567006,15.982536],[73.56708,15.982397],[73.567209,15.982089],[73.567466,15.981844],[73.567764,15.98157],[73.568039,15.980966],[73.56876,15.98018],[73.569255,15.978354],[73.569859,15.977861],[73.569858,15.977418],[73.570692,15.974716],[73.571359,15.972965],[73.571018,15.971534],[73.569506,15.971858],[73.567325,15.97282],[73.564975,15.973941],[73.563295,15.974268],[73.562287,15.974116],[73.561447,15.973017],[73.560103,15.971768],[73.558928,15.970679],[73.557921,15.969434],[73.557636,15.968957],[73.55767,15.969402]]]]},"geometry_name":"the_geom","properties":{"ADI_2001":0,"ADI_2011":0,"ADI_2019":0,"ASSET_2001":0,"ASSET_2011":0,"ASSET_2019":0,"BF_2001":0,"BF_2011":0,"BF_2019":0,"FC_2001":0,"FC_2011":0,"FC_2019":0,"F_ILL":199,"F_LIT":590,"F_SC":23,"F_ST":4,"MSW_2001":0,"MSW_2011":0,"MSW_2019":0,"M_ILL":126,"M_LIT":606,"M_SC":19,"M_ST":0,"No_HH":367,"P_ILL":325,"P_LIT":1196,"P_SC":42,"P_ST":4,"TOT_F":789,"TOT_M":732,"TOT_P":1521,"block_cen":4279,"dist_cen":529,"district":"SINDHUDURG","state":"MAHARASHTRA","state_cen":27,"tehsil":"Kudal","vill_ID":566635,"vill_name":"RAVADAS"}},{"type":"Feature","id":"sindhudurg_kudal.24","geometry":{"type":"MultiPolygon","coordinates":[[[[73.605838,15.925375],[73.606403,15.925942],[73.606191,15.926522],[73.605615,15.927391],[73.605556,15.927919],[73.605601,15.928232],[73.605635,15.928393],[73.606947,15.927331],[73.607448,15.926383],[73.607078,15.925209],[73.605858,15.924792],[73.605336,15.924755],[73.605838,15.925375]]],[[[73.594193,15.915291],[73.594168,15.915293],[73.593615,15.915414],[73.593726,15.915604],[73.593775,15.915698],[73.593783,15.915737],[73.593766,15.916008],[73.593754,15.91608],[73.593736,15.916193],[73.593667,15.916477],[73.593642,15.91679],[73.593798,15.917478],[73.593856,15.917889],[73.593924,15.91825],[73.593973,15.918598],[73.594057,15.918829],[73.594273,15.919155],[73.594903,15.919361],[73.59567,15.919386],[73.596921,15.919372],[73.597203,15.919684],[73.597362,15.919966],[73.597398,15.920217],[73.597448,15.920931],[73.597562,15.921379],[73.597616,15.921419],[73.597644,15.921438],[73.597673,15.921457],[73.597701,15.921476],[73.59773,15.921494],[73.59776,15.921512],[73.597789,15.921529],[73.597819,15.921546],[73.59785,15.921562],[73.59788,15.921578],[73.597911,15.921593],[73.597942,15.921608],[73.597974,15.921622],[73.598005,15.921636],[73.598037,15.921649],[73.598069,15.921661],[73.598101,15.921674],[73.598134,15.921685],[73.598166,15.921696],[73.598199,15.921707],[73.598232,15.921717],[73.598265,15.921726],[73.598298,15.921735],[73.598331,15.921744],[73.598364,15.921752],[73.598398,15.921759],[73.598431,15.921766],[73.598465,15.921772],[73.598484,15.921775],[73.598651,15.921518],[73.598713,15.921424],[73.598438,15.921181],[73.598456,15.921086],[73.598389,15.921064],[73.598287,15.920734],[73.598297,15.92068],[73.598223,15.920505],[73.598332,15.920325],[73.598428,15.920329],[73.598555,15.920316],[73.59892,15.920288],[73.599438,15.920612],[73.599558,15.9207],[73.599624,15.920969],[73.599587,15.921082],[73.599605,15.921116],[73.599639,15.921181],[73.599687,15.921254],[73.599717,15.921297],[73.599748,15.921339],[73.599833,15.921479],[73.599962,15.921519],[73.600261,15.921612],[73.600338,15.921563],[73.601074,15.921407],[73.601521,15.921497],[73.601752,15.92179],[73.601982,15.922074],[73.602183,15.922385],[73.602364,15.922751],[73.602554,15.923189],[73.603239,15.923684],[73.603741,15.923673],[73.603793,15.923675],[73.603844,15.923678],[73.603896,15.923682],[73.603947,15.923688],[73.603998,15.923693],[73.603999,15.923693],[73.603044,15.922605],[73.601279,15.920976],[73.599869,15.919697],[73.598108,15.918046],[73.596004,15.916683],[73.594421,15.915679],[73.594297,15.915281],[73.594193,15.915291]]],[[[73.589968,15.945564],[73.589951,15.945773],[73.590561,15.946013],[73.590353,15.945386],[73.59004,15.94485],[73.589968,15.945564]]],[[[73.576274,15.959613],[73.576032,15.959238],[73.575758,15.95933],[73.575532,15.959484],[73.574283,15.958885],[73.57403,15.95705],[73.574755,15.956203],[73.574892,15.956066],[73.574887,15.955918],[73.574863,15.955838],[73.574809,15.955726],[73.574761,15.95559],[73.574686,15.955371],[73.574697,15.955325],[73.574677,15.955099],[73.574813,15.955081],[73.57499,15.955064],[73.575102,15.955032],[73.574998,15.95499],[73.574893,15.954871],[73.574643,15.954746],[73.574352,15.954669],[73.574221,15.954664],[73.574048,15.954635],[73.573244,15.954409],[73.573212,15.954404],[73.573084,15.954405],[73.573134,15.954282],[73.573268,15.95407],[73.573268,15.954017],[73.572705,15.953997],[73.572576,15.953988],[73.572461,15.954004],[73.57244,15.95401],[73.572448,15.955262],[73.573118,15.95557],[73.573459,15.956523],[73.572965,15.957809],[73.572133,15.958619],[73.571136,15.960068],[73.571143,15.961343],[73.57148,15.961817],[73.572149,15.96149],[73.574325,15.960988],[73.576232,15.960541],[73.576274,15.959613]]]]},"geometry_name":"the_geom","properties":{"ADI_2001":0,"ADI_2011":0,"ADI_2019":0,"ASSET_2001":0,"ASSET_2011":0,"ASSET_2019":0,"BF_2001":0,"BF_2011":0,"BF_2019":0,"FC_2001":0,"FC_2011":0,"FC_2019":0,"F_ILL":129,"F_LIT":470,"F_SC":150,"F_ST":3,"MSW_2001":0,"MSW_2011":0,"MSW_2019":0,"M_ILL":92,"M_LIT":497,"M_SC":153,"M_ST":2,"No_HH":289,"P_ILL":221,"P_LIT":967,"P_SC":303,"P_ST":5,"TOT_F":599,"TOT_M":589,"TOT_P":1188,"block_cen":4279,"dist_cen":529,"district":"SINDHUDURG","state":"MAHARASHTRA","state_cen":27,"tehsil":"Kudal","vill_ID":566643,"vill_name":"MHAPAN"}},{"type":"Feature","id":"sindhudurg_kudal.25","geometry":{"type":"MultiPolygon","coordinates":[[[[73.605405,15.901246],[73.605203,15.900701],[73.605015,15.900399],[73.604858,15.900056],[73.604678,15.899943],[73.60454,15.899952],[73.604139,15.900107],[73.603899,15.900158],[73.603635,15.900233],[73.603384,15.900297],[73.603218,15.900292],[73.603154,15.90029],[73.603131,15.900279],[73.603364,15.900754],[73.603751,15.901032],[73.603652,15.901121],[73.603569,15.901187],[73.603541,15.90131],[73.603447,15.901504],[73.603438,15.90161],[73.603446,15.901807],[73.603389,15.902002],[73.603352,15.902471],[73.603318,15.902595],[73.603136,15.903199],[73.603071,15.903379],[73.603054,15.903552],[73.603016,15.903768],[73.603067,15.903877],[73.603075,15.904019],[73.603059,15.904247],[73.603047,15.904756],[73.603097,15.905156],[73.603114,15.905734],[73.603011,15.906095],[73.602842,15.906316],[73.602695,15.906477],[73.602594,15.906609],[73.602665,15.906932],[73.60273,15.906905],[73.603266,15.906372],[73.604161,15.905433],[73.60492,15.903043],[73.605464,15.901292],[73.605405,15.901246]]]]},"geometry_name":"the_geom","properties":{"ADI_2001":0,"ADI_2011":0,"ADI_2019":0,"ASSET_2001":0,"ASSET_2011":0,"ASSET_2019":0,"BF_2001":0,"BF_2011":0,"BF_2019":0,"FC_2001":0,"FC_2011":0,"FC_2019":0,"F_ILL":130,"F_LIT":322,"F_SC":63,"F_ST":1,"MSW_2001":0,"MSW_2011":0,"MSW_2019":0,"M_ILL":60,"M_LIT":376,"M_SC":59,"M_ST":1,"No_HH":225,"P_ILL":190,"P_LIT":698,"P_SC":122,"P_ST":2,"TOT_F":452,"TOT_M":436,"TOT_P":888,"block_cen":4279,"dist_cen":529,"district":"SINDHUDURG","state":"MAHARASHTRA","state_cen":27,"tehsil":"Kudal","vill_ID":566647,"vill_name":"KELUS"}},{"type":"Feature","id":"sindhudurg_kudal.26","geometry":{"type":"MultiPolygon","coordinates":[[[[73.664856,15.933761],[73.664843,15.933759],[73.664408,15.933641],[73.66433,15.933621],[73.663838,15.933604],[73.662882,15.933588],[73.662622,15.933598],[73.662156,15.933387],[73.661902,15.933441],[73.661781,15.933412],[73.661407,15.933297],[73.660849,15.933126],[73.660456,15.933009],[73.660404,15.932984],[73.660042,15.932824],[73.659594,15.932395],[73.65898,15.931843],[73.658832,15.931716],[73.658781,15.931655],[73.658671,15.931547],[73.65829,15.931236],[73.658198,15.931164],[73.657757,15.93082],[73.657585,15.9307],[73.6575,15.930697],[73.65746,15.930659],[73.656908,15.928997],[73.656364,15.928407],[73.65633,15.928297],[73.656268,15.92811],[73.656224,15.927978],[73.656109,15.92763],[73.655747,15.927175],[73.655315,15.926642],[73.655198,15.926731],[73.654969,15.92623],[73.654594,15.926074],[73.654442,15.925859],[73.654346,15.925723],[73.653961,15.925633],[73.653675,15.925265],[73.653551,15.925106],[73.653528,15.925077],[73.653301,15.924794],[73.653041,15.924467],[73.652971,15.924399],[73.652962,15.924386],[73.652699,15.924042],[73.652282,15.923486],[73.652025,15.923165],[73.651875,15.922979],[73.651823,15.922924],[73.651809,15.922905],[73.6515,15.922514],[73.651633,15.921378],[73.652021,15.92069],[73.652231,15.920329],[73.652358,15.920019],[73.652288,15.919781],[73.651957,15.919659],[73.651956,15.919655],[73.65181,15.919734],[73.651667,15.919793],[73.651604,15.919941],[73.651475,15.92006],[73.65092,15.920427],[73.650795,15.920482],[73.650576,15.92056],[73.650031,15.920599],[73.649715,15.920603],[73.649545,15.922145],[73.649717,15.923729],[73.650574,15.925357],[73.652628,15.92706],[73.653998,15.929508],[73.655539,15.931966],[73.657079,15.933793],[73.658276,15.93481],[73.659641,15.935208],[73.661176,15.935302],[73.663564,15.936235],[73.66512,15.933818],[73.664856,15.933761]]]]},"geometry_name":"the_geom","properties":{"ADI_2001":0,"ADI_2011":0,"ADI_2019":0,"ASSET_2001":0,"ASSET_2011":0,"ASSET_2019":0,"BF_2001":0,"BF_2011":0,"BF_2019":0,"FC_2001":0,"FC_2011":0,"FC_2019":0,"F_ILL":95,"F_LIT":275,"F_SC":0,"F_ST":0,"MSW_2001":0,"MSW_2011":0,"MSW_2019":0,"M_ILL":48,"M_LIT":325,"M_SC":0,"M_ST":0,"No_HH":180,"P_ILL":143,"P_LIT":600,"P_SC":0,"P_ST":0,"TOT_F":370,"TOT_M":373,"TOT_P":743,"block_cen":4279,"dist_cen":529,"district":"SINDHUDURG","state":"MAHARASHTRA","state_cen":27,"tehsil":"Kudal","vill_ID":566652,"vill_name":"WARCHIWADI"}},{"type":"Feature","id":"sindhudurg_kudal.27","geometry":{"type":"MultiPolygon","coordinates":[[[[73.702809,15.936542],[73.702718,15.936558],[73.702669,15.936707],[73.702635,15.936805],[73.702619,15.936853],[73.702591,15.937059],[73.702545,15.937282],[73.702527,15.9374],[73.702465,15.937608],[73.702527,15.937693],[73.702663,15.937758],[73.702677,15.93789],[73.702683,15.938297],[73.702609,15.938614],[73.702526,15.938951],[73.702517,15.93901],[73.702505,15.939015],[73.702435,15.939188],[73.702351,15.939253],[73.702329,15.939382],[73.702298,15.939483],[73.702234,15.939708],[73.702184,15.93982],[73.702109,15.940056],[73.702085,15.940158],[73.702104,15.94053],[73.701952,15.940808],[73.701737,15.941196],[73.702503,15.940341],[73.704019,15.93905],[73.705536,15.938072],[73.704679,15.937672],[73.703323,15.936675],[73.703004,15.936361],[73.702809,15.936542]]],[[[73.700516,15.94206],[73.700055,15.941971],[73.69941,15.941786],[73.699209,15.941835],[73.699206,15.941836],[73.699061,15.942023],[73.698988,15.942122],[73.698787,15.942378],[73.698564,15.942664],[73.698544,15.942696],[73.698027,15.942635],[73.697782,15.942599],[73.697641,15.942603],[73.697139,15.942451],[73.696241,15.942434],[73.695825,15.942321],[73.695631,15.94227],[73.695459,15.942284],[73.695018,15.942311],[73.694624,15.942333],[73.694195,15.942345],[73.693695,15.942342],[73.693132,15.942317],[73.692544,15.942347],[73.692024,15.94291],[73.69147,15.943018],[73.691459,15.942988],[73.691078,15.942754],[73.690702,15.942921],[73.690034,15.943185],[73.68843,15.943098],[73.687769,15.943066],[73.687276,15.94305],[73.687112,15.943044],[73.686866,15.943042],[73.68643,15.943019],[73.685796,15.942992],[73.685728,15.942989],[73.685705,15.942977],[73.685031,15.943111],[73.684334,15.943377],[73.683917,15.943386],[73.683591,15.9434],[73.682355,15.943815],[73.682339,15.943813],[73.682099,15.943811],[73.681277,15.943837],[73.680658,15.943319],[73.680142,15.943385],[73.680066,15.943189],[73.680029,15.943156],[73.679877,15.943041],[73.679477,15.9428],[73.679285,15.942727],[73.677834,15.942143],[73.677755,15.942104],[73.676676,15.9413],[73.67611,15.94094],[73.675814,15.940833],[73.675781,15.940827],[73.675401,15.941005],[73.675036,15.941154],[73.674858,15.941258],[73.674588,15.941416],[73.674327,15.941539],[73.674159,15.941521],[73.673852,15.941486],[73.673187,15.941325],[73.673108,15.941344],[73.673098,15.941289],[73.673057,15.94124],[73.672886,15.941031],[73.672522,15.940836],[73.672315,15.940842],[73.671967,15.940649],[73.671296,15.94],[73.671046,15.939603],[73.670884,15.939489],[73.670487,15.939208],[73.670253,15.938645],[73.669107,15.936852],[73.669009,15.935679],[73.669039,15.935675],[73.667965,15.935326],[73.667313,15.934665],[73.6673,15.934622],[73.666619,15.934663],[73.666602,15.93468],[73.666056,15.934051],[73.666031,15.934027],[73.665856,15.933985],[73.665357,15.933863],[73.665261,15.933848],[73.66512,15.933818],[73.663564,15.936235],[73.664929,15.937106],[73.665954,15.938583],[73.66715,15.940228],[73.667972,15.941118],[73.668686,15.941892],[73.669882,15.943536],[73.672776,15.944497],[73.67366,15.944699],[73.674647,15.944924],[73.676346,15.945029],[73.678724,15.944862],[73.68076,15.94452],[73.694992,15.944031],[73.697191,15.943866],[73.699217,15.943224],[73.700049,15.942605],[73.700723,15.942104],[73.700516,15.94206]]]]},"geometry_name":"the_geom","properties":{"ADI_2001":0,"ADI_2011":0,"ADI_2019":0,"ASSET_2001":0,"ASSET_2011":0,"ASSET_2019":0,"BF_2001":0,"BF_2011":0,"BF_2019":0,"FC_2001":0,"FC_2011":0,"FC_2019":0,"F_ILL":240,"F_LIT":583,"F_SC":2,"F_ST":6,"MSW_2001":0,"MSW_2011":0,"MSW_2019":0,"M_ILL":138,"M_LIT":635,"M_SC":4,"M_ST":23,"No_HH":411,"P_ILL":378,"P_LIT":1218,"P_SC":6,"P_ST":29,"TOT_F":823,"TOT_M":773,"TOT_P":1596,"block_cen":4279,"dist_cen":529,"district":"SINDHUDURG","state":"MAHARASHTRA","state_cen":27,"tehsil":"Kudal","vill_ID":566653,"vill_name":"PALKARWADI"}},{"type":"Feature","id":"sindhudurg_kudal.28","geometry":{"type":"MultiPolygon","coordinates":[[[[73.71353,15.934594],[73.713361,15.934441],[73.713189,15.934275],[73.712794,15.934057],[73.712678,15.933994],[73.712666,15.933988],[73.712238,15.933952],[73.711808,15.933922],[73.711572,15.933904],[73.711518,15.933898],[73.711437,15.93389],[73.711225,15.933869],[73.711112,15.933858],[73.710829,15.93383],[73.710779,15.933839],[73.710722,15.933842],[73.710614,15.933849],[73.710437,15.933868],[73.710261,15.933887],[73.710195,15.933894],[73.710129,15.933901],[73.710083,15.933906],[73.710036,15.933911],[73.710016,15.933917],[73.709792,15.933955],[73.709733,15.933957],[73.709698,15.933958],[73.709375,15.933997],[73.709347,15.934005],[73.709305,15.934027],[73.708837,15.934237],[73.70881,15.934244],[73.708794,15.934248],[73.708667,15.934299],[73.708454,15.934384],[73.708444,15.934389],[73.708174,15.934525],[73.708166,15.934531],[73.708157,15.934538],[73.707481,15.934891],[73.707372,15.934947],[73.707347,15.93496],[73.706683,15.935184],[73.706545,15.935229],[73.70653,15.935234],[73.706231,15.935341],[73.706047,15.935407],[73.705791,15.935506],[73.705756,15.935523],[73.705582,15.935553],[73.705674,15.936207],[73.705701,15.936404],[73.705205,15.93657],[73.704573,15.936776],[73.704462,15.936816],[73.704319,15.93677],[73.703876,15.936627],[73.703401,15.936462],[73.703285,15.936318],[73.703112,15.936258],[73.703047,15.936321],[73.703004,15.936361],[73.703323,15.936675],[73.704679,15.937672],[73.705536,15.938072],[73.707221,15.937261],[73.709077,15.937393],[73.710933,15.93768],[73.713677,15.934642],[73.71353,15.934594]]]]},"geometry_name":"the_geom","properties":{"ADI_2001":0,"ADI_2011":0,"ADI_2019":0,"ASSET_2001":0,"ASSET_2011":0,"ASSET_2019":0,"BF_2001":0,"BF_2011":0,"BF_2019":0,"FC_2001":0,"FC_2011":0,"FC_2019":0,"F_ILL":90,"F_LIT":229,"F_SC":0,"F_ST":0,"MSW_2001":0,"MSW_2011":0,"MSW_2019":0,"M_ILL":57,"M_LIT":258,"M_SC":0,"M_ST":0,"No_HH":152,"P_ILL":147,"P_LIT":487,"P_SC":0,"P_ST":0,"TOT_F":319,"TOT_M":315,"TOT_P":634,"block_cen":4279,"dist_cen":529,"district":"SINDHUDURG","state":"MAHARASHTRA","state_cen":27,"tehsil":"Kudal","vill_ID":566658,"vill_name":"BHANDARWADA"}},{"type":"Feature","id":"sindhudurg_kudal.29","geometry":{"type":"MultiPolygon","coordinates":[[[[73.737569,15.917859],[73.737449,15.918263],[73.736969,15.918983],[73.736721,15.919353],[73.736697,15.919828],[73.736602,15.920066],[73.736175,15.920603],[73.736056,15.920728],[73.735934,15.921078],[73.73593,15.92136],[73.735978,15.921564],[73.736401,15.921813],[73.735912,15.922602],[73.736028,15.923104],[73.7361,15.923363],[73.73631,15.922534],[73.73715,15.919844],[73.737983,15.917752],[73.737569,15.917859]]],[[[73.735708,15.924406],[73.734716,15.924586],[73.734667,15.924595],[73.734532,15.924686],[73.734519,15.925017],[73.734361,15.925387],[73.734341,15.925652],[73.734183,15.926123],[73.734088,15.926353],[73.734003,15.926439],[73.733708,15.926565],[73.733479,15.926799],[73.733324,15.927076],[73.733113,15.927205],[73.732744,15.927216],[73.732462,15.927625],[73.732739,15.928052],[73.732889,15.928081],[73.733174,15.928043],[73.733343,15.927968],[73.733519,15.927959],[73.733667,15.928101],[73.733683,15.928166],[73.733614,15.928317],[73.733477,15.928554],[73.73307,15.928918],[73.732788,15.929255],[73.732852,15.929475],[73.732939,15.929825],[73.733194,15.930274],[73.733435,15.930468],[73.733767,15.930649],[73.733785,15.930711],[73.733847,15.930918],[73.733422,15.931858],[73.733406,15.931894],[73.733452,15.932133],[73.733347,15.932444],[73.733077,15.932627],[73.732941,15.932768],[73.732893,15.933165],[73.733133,15.933956],[73.733388,15.934247],[73.733434,15.934571],[73.733338,15.934785],[73.733035,15.934895],[73.732873,15.935148],[73.732692,15.935504],[73.733065,15.935743],[73.733229,15.935965],[73.733142,15.936195],[73.732829,15.936394],[73.732718,15.936543],[73.732723,15.936793],[73.732808,15.937296],[73.732732,15.937366],[73.732171,15.93733],[73.732035,15.93747],[73.731964,15.937721],[73.732462,15.938037],[73.732687,15.938233],[73.733136,15.937161],[73.733634,15.934278],[73.734135,15.932781],[73.734635,15.929598],[73.735472,15.925834],[73.735828,15.924432],[73.735708,15.924406]]],[[[73.731775,15.938682],[73.73132,15.938851],[73.731225,15.939082],[73.731576,15.939666],[73.731518,15.940068],[73.732136,15.939546],[73.732493,15.938695],[73.731775,15.938682]]],[[[73.73103,15.940174],[73.730285,15.9399],[73.728052,15.938442],[73.72722,15.938852],[73.726875,15.939663],[73.726674,15.939763],[73.726452,15.939776],[73.726263,15.939759],[73.726097,15.939764],[73.724883,15.939283],[73.723863,15.939216],[73.723096,15.939285],[73.722802,15.939253],[73.721583,15.939146],[73.721677,15.938776],[73.721689,15.938701],[73.72177,15.938447],[73.721605,15.938367],[73.720231,15.93781],[73.720053,15.937727],[73.719841,15.937625],[73.719688,15.937552],[73.71931,15.937373],[73.718538,15.936707],[73.716834,15.936059],[73.71675,15.935898],[73.716753,15.935803],[73.716652,15.935952],[73.716512,15.935881],[73.716253,15.935738],[73.715858,15.935514],[73.715468,15.935297],[73.715157,15.935116],[73.714939,15.934985],[73.714753,15.934917],[73.714265,15.934824],[73.713775,15.934674],[73.713677,15.934642],[73.710933,15.93768],[73.71262,15.938109],[73.714643,15.938409],[73.717678,15.9394],[73.720373,15.939904],[73.722058,15.940645],[73.723572,15.940755],[73.726095,15.941095],[73.728783,15.941141],[73.730629,15.940817],[73.730757,15.940709],[73.731282,15.940267],[73.73103,15.940174]]]]},"geometry_name":"the_geom","properties":{"ADI_2001":0,"ADI_2011":0,"ADI_2019":0,"ASSET_2001":0,"ASSET_2011":0,"ASSET_2019":0,"BF_2001":0,"BF_2011":0,"BF_2019":0,"FC_2001":0,"FC_2011":0,"FC_2019":0,"F_ILL":70,"F_LIT":241,"F_SC":0,"F_ST":0,"MSW_2001":0,"MSW_2011":0,"MSW_2019":0,"M_ILL":42,"M_LIT":242,"M_SC":0,"M_ST":0,"No_HH":141,"P_ILL":112,"P_LIT":483,"P_SC":0,"P_ST":0,"TOT_F":311,"TOT_M":284,"TOT_P":595,"block_cen":4279,"dist_cen":529,"district":"SINDHUDURG","state":"MAHARASHTRA","state_cen":27,"tehsil":"Kudal","vill_ID":566659,"vill_name":"KAMBLEVIR"}},{"type":"Feature","id":"sindhudurg_kudal.30","geometry":{"type":"MultiPolygon","coordinates":[[[[73.650992,16.103529],[73.650861,16.103592],[73.650594,16.103782],[73.650528,16.103929],[73.650357,16.104357],[73.650301,16.104438],[73.650222,16.104549],[73.650038,16.104868],[73.649946,16.104954],[73.649578,16.105346],[73.6494,16.105526],[73.649345,16.105494],[73.649161,16.105362],[73.649112,16.105441],[73.648918,16.105495],[73.648859,16.105509],[73.64888,16.105715],[73.648915,16.106068],[73.648925,16.106126],[73.648941,16.106554],[73.648955,16.106797],[73.648961,16.107049],[73.64897,16.107543],[73.648983,16.107959],[73.649005,16.108068],[73.649117,16.108542],[73.649184,16.108821],[73.648995,16.109023],[73.648721,16.109325],[73.648482,16.109577],[73.648278,16.109786],[73.648218,16.109853],[73.648088,16.109988],[73.647949,16.110134],[73.647927,16.110153],[73.647858,16.110271],[73.647705,16.110539],[73.64763,16.110674],[73.647503,16.110892],[73.64743,16.111027],[73.647367,16.111204],[73.647323,16.111332],[73.647257,16.111516],[73.647199,16.111696],[73.647113,16.111878],[73.646998,16.112126],[73.646977,16.112159],[73.646831,16.112446],[73.646691,16.112719],[73.646644,16.112806],[73.646622,16.112851],[73.646549,16.112994],[73.646505,16.113113],[73.646456,16.113223],[73.646281,16.11361],[73.646149,16.11389],[73.646089,16.114028],[73.646063,16.114148],[73.646038,16.114229],[73.646033,16.11425],[73.646031,16.114266],[73.646029,16.114282],[73.645591,16.114441],[73.645541,16.114747],[73.6454,16.114911],[73.645202,16.115146],[73.645057,16.115313],[73.6449,16.115567],[73.644772,16.115775],[73.644712,16.115868],[73.644615,16.115961],[73.644398,16.116183],[73.644209,16.116384],[73.644151,16.116446],[73.644036,16.11661],[73.643921,16.116859],[73.643815,16.117088],[73.643676,16.117412],[73.643515,16.117765],[73.643478,16.11783],[73.64336,16.118061],[73.643213,16.118342],[73.643075,16.11861],[73.642997,16.118784],[73.642905,16.118971],[73.642811,16.119169],[73.642715,16.119378],[73.642562,16.119511],[73.642267,16.119769],[73.64209,16.119924],[73.642052,16.119995],[73.641902,16.12025],[73.641738,16.120423],[73.641647,16.120447],[73.641276,16.120526],[73.640913,16.120607],[73.640747,16.120648],[73.64076,16.120741],[73.640844,16.121233],[73.640907,16.121611],[73.640965,16.121969],[73.640961,16.121989],[73.641149,16.122212],[73.641179,16.122246],[73.641334,16.122421],[73.641556,16.122684],[73.641656,16.122798],[73.641831,16.123068],[73.642028,16.123373],[73.642198,16.12363],[73.642449,16.124023],[73.642531,16.124309],[73.642663,16.124736],[73.642766,16.125072],[73.642834,16.125304],[73.643077,16.125541],[73.643189,16.125878],[73.643379,16.126259],[73.643534,16.12658],[73.643712,16.126931],[73.643946,16.127406],[73.644141,16.127799],[73.64429,16.128259],[73.644439,16.12873],[73.644564,16.129128],[73.644416,16.12919],[73.64442,16.129225],[73.644395,16.129719],[73.644381,16.129787],[73.644527,16.130045],[73.644747,16.130431],[73.644888,16.130682],[73.645074,16.131023],[73.645246,16.131335],[73.645461,16.131777],[73.64575,16.132384],[73.645818,16.132503],[73.645841,16.132564],[73.645902,16.132883],[73.645909,16.132915],[73.645947,16.133158],[73.645966,16.133246],[73.646485,16.133919],[73.646541,16.133918],[73.646946,16.133859],[73.647471,16.133778],[73.648118,16.133685],[73.648827,16.133582],[73.649373,16.133507],[73.649861,16.133469],[73.650469,16.133426],[73.650677,16.133411],[73.650897,16.13313],[73.652056,16.132304],[73.654366,16.130943],[73.65503,16.130386],[73.655869,16.129251],[73.657738,16.125666],[73.660934,16.120658],[73.662114,16.118646],[73.663595,16.117818],[73.66316,16.117799],[73.661639,16.116962],[73.6603,16.115513],[73.659978,16.114416],[73.658982,16.112826],[73.657812,16.111383],[73.656815,16.109792],[73.656333,16.107909],[73.655675,16.106328],[73.655184,16.104908],[73.653834,16.103921],[73.652312,16.102928],[73.651335,16.10289],[73.650992,16.103529]]]]},"geometry_name":"the_geom","properties":{"ADI_2001":0,"ADI_2011":0,"ADI_2019":0,"ASSET_2001":0,"ASSET_2011":0,"ASSET_2019":0,"BF_2001":0,"BF_2011":0,"BF_2019":0,"FC_2001":0,"FC_2011":0,"FC_2019":0,"F_ILL":146,"F_LIT":414,"F_SC":42,"F_ST":4,"MSW_2001":0,"MSW_2011":0,"MSW_2019":0,"M_ILL":101,"M_LIT":479,"M_SC":37,"M_ST":3,"No_HH":267,"P_ILL":247,"P_LIT":893,"P_SC":79,"P_ST":7,"TOT_F":560,"TOT_M":580,"TOT_P":1140,"block_cen":4280,"dist_cen":529,"district":"SINDHUDURG","state":"MAHARASHTRA","state_cen":27,"tehsil":"Kudal","vill_ID":566715,"vill_name":"GAORAI"}},{"type":"Feature","id":"sindhudurg_kudal.31","geometry":{"type":"MultiPolygon","coordinates":[[[[73.65099,16.13339],[73.651558,16.133347],[73.651584,16.133344],[73.652022,16.133419],[73.652638,16.133525],[73.653256,16.133625],[73.653921,16.133744],[73.654466,16.133845],[73.654891,16.13392],[73.654955,16.13395],[73.655594,16.134207],[73.656088,16.13463],[73.656296,16.134807],[73.656485,16.134967],[73.656515,16.134965],[73.656884,16.134862],[73.65723,16.134762],[73.657256,16.134743],[73.657321,16.13453],[73.657351,16.134506],[73.657591,16.134281],[73.657627,16.134259],[73.657658,16.134247],[73.657707,16.134593],[73.657265,16.134896],[73.65739,16.13502],[73.657434,16.135051],[73.6583,16.135745],[73.658665,16.135891],[73.65895,16.13606],[73.65912,16.136051],[73.659034,16.136159],[73.659151,16.13615],[73.659802,16.136644],[73.660785,16.137785],[73.660888,16.137892],[73.660949,16.137955],[73.661227,16.13825],[73.661744,16.139175],[73.662316,16.140946],[73.662648,16.141599],[73.662752,16.141769],[73.662923,16.142029],[73.663559,16.142557],[73.663831,16.142596],[73.663853,16.142611],[73.664005,16.142718],[73.664791,16.142894],[73.666394,16.143187],[73.667011,16.143073],[73.668102,16.143411],[73.668405,16.143924],[73.668524,16.144038],[73.66855,16.144051],[73.668597,16.143888],[73.668653,16.143688],[73.668728,16.144047],[73.669023,16.144482],[73.66942,16.145048],[73.669539,16.145091],[73.669568,16.145189],[73.671827,16.143887],[73.673986,16.14223],[73.675186,16.139794],[73.675526,16.135589],[73.675646,16.134093],[73.67525,16.12996],[73.67448,16.127865],[73.673046,16.126329],[73.671117,16.125065],[73.669504,16.124257],[73.66838,16.123472],[73.66791,16.122567],[73.667773,16.121235],[73.667665,16.118429],[73.667551,16.116496],[73.666241,16.117466],[73.664525,16.117857],[73.663595,16.117818],[73.662114,16.118646],[73.660934,16.120658],[73.657738,16.125666],[73.655869,16.129251],[73.65503,16.130386],[73.654366,16.130943],[73.652056,16.132304],[73.650897,16.13313],[73.650677,16.133411],[73.65099,16.13339]]]]},"geometry_name":"the_geom","properties":{"ADI_2001":0,"ADI_2011":0,"ADI_2019":0,"ASSET_2001":0,"ASSET_2011":0,"ASSET_2019":0,"BF_2001":0,"BF_2011":0,"BF_2019":0,"FC_2001":0,"FC_2011":0,"FC_2019":0,"F_ILL":162,"F_LIT":488,"F_SC":47,"F_ST":5,"MSW_2001":0,"MSW_2011":0,"MSW_2019":0,"M_ILL":72,"M_LIT":510,"M_SC":41,"M_ST":6,"No_HH":296,"P_ILL":234,"P_LIT":998,"P_SC":88,"P_ST":11,"TOT_F":650,"TOT_M":582,"TOT_P":1232,"block_cen":4280,"dist_cen":529,"district":"SINDHUDURG","state":"MAHARASHTRA","state_cen":27,"tehsil":"Kudal","vill_ID":566716,"vill_name":"PADAVE"}},{"type":"Feature","id":"sindhudurg_kudal.32","geometry":{"type":"MultiPolygon","coordinates":[[[[73.669638,16.145426],[73.669802,16.145616],[73.669838,16.145845],[73.670292,16.146651],[73.670754,16.147464],[73.670773,16.14753],[73.670868,16.147835],[73.670891,16.147956],[73.671088,16.148377],[73.670386,16.150122],[73.670231,16.150669],[73.670152,16.150966],[73.670265,16.151173],[73.670383,16.151382],[73.670422,16.152591],[73.669983,16.155689],[73.669836,16.155828],[73.66884,16.157284],[73.66802,16.158243],[73.667897,16.158392],[73.667793,16.158497],[73.666722,16.159374],[73.666498,16.159525],[73.66633,16.159595],[73.666195,16.159841],[73.666118,16.160197],[73.666081,16.160427],[73.666171,16.160611],[73.667155,16.162604],[73.668345,16.163376],[73.668512,16.163583],[73.669259,16.164817],[73.670001,16.166074],[73.670833,16.165748],[73.671224,16.165828],[73.671565,16.165824],[73.672484,16.1659],[73.673748,16.165812],[73.673947,16.165803],[73.674103,16.165808],[73.67574,16.16573],[73.675851,16.165805],[73.676082,16.166642],[73.676752,16.168074],[73.677113,16.16873],[73.676946,16.169446],[73.677047,16.169841],[73.676888,16.170066],[73.676816,16.170461],[73.677016,16.171127],[73.677266,16.171289],[73.677643,16.171733],[73.678153,16.17198],[73.67829,16.172049],[73.678612,16.172283],[73.678613,16.172284],[73.679616,16.172023],[73.683393,16.169147],[73.686692,16.170364],[73.689543,16.171837],[73.690159,16.171501],[73.690957,16.169667],[73.693084,16.167984],[73.69456,16.167761],[73.695214,16.16935],[73.695005,16.171157],[73.694372,16.17312],[73.695716,16.17379],[73.697131,16.17307],[73.698821,16.173904],[73.699187,16.176548],[73.699827,16.177219],[73.702394,16.177479],[73.702303,16.176892],[73.701997,16.17614],[73.701227,16.174481],[73.700624,16.172684],[73.700362,16.170315],[73.700076,16.168829],[73.700282,16.167221],[73.70083,16.165043],[73.701028,16.16373],[73.701408,16.161692],[73.701939,16.160103],[73.701814,16.158627],[73.701534,16.15685],[73.70158,16.155089],[73.702103,16.153793],[73.702467,16.152342],[73.702524,16.150141],[73.702398,16.148665],[73.702006,16.144824],[73.702387,16.142637],[73.702578,16.141469],[73.702318,16.140834],[73.70227,16.140718],[73.701143,16.140073],[73.699186,16.139978],[73.697065,16.139874],[73.694936,16.140183],[73.693957,16.140345],[73.691495,16.140751],[73.689029,16.141513],[73.687219,16.14216],[73.686079,16.142105],[73.685101,16.142057],[73.684619,16.141741],[73.684145,16.141131],[73.683841,16.140235],[73.683727,16.138175],[73.683113,16.136529],[73.682326,16.135317],[73.680398,16.13405],[73.679099,16.133843],[73.678111,16.134238],[73.677121,16.134779],[73.676296,16.135182],[73.675526,16.135589],[73.675186,16.139794],[73.673986,16.14223],[73.671827,16.143887],[73.669568,16.145189],[73.669638,16.145426]]]]},"geometry_name":"the_geom","properties":{"ADI_2001":0,"ADI_2011":0,"ADI_2019":0,"ASSET_2001":0,"ASSET_2011":0,"ASSET_2019":0,"BF_2001":0,"BF_2011":0,"BF_2019":0,"FC_2001":0,"FC_2011":0,"FC_2019":0,"F_ILL":510,"F_LIT":1697,"F_SC":159,"F_ST":23,"MSW_2001":0,"MSW_2011":0,"MSW_2019":0,"M_ILL":359,"M_LIT":1833,"M_SC":142,"M_ST":30,"No_HH":1049,"P_ILL":869,"P_LIT":3530,"P_SC":301,"P_ST":53,"TOT_F":2207,"TOT_M":2192,"TOT_P":4399,"block_cen":4280,"dist_cen":529,"district":"SINDHUDURG","state":"MAHARASHTRA","state_cen":27,"tehsil":"Kudal","vill_ID":566717,"vill_name":"KASAL"}},{"type":"Feature","id":"sindhudurg_kudal.33","geometry":{"type":"MultiPolygon","coordinates":[[[[73.705534,16.176344],[73.706944,16.176254],[73.708126,16.176396],[73.708178,16.176402],[73.70869,16.176266],[73.708494,16.176404],[73.708486,16.176657],[73.708582,16.176727],[73.708701,16.176814],[73.710045,16.177873],[73.710839,16.178967],[73.711183,16.179771],[73.711388,16.180712],[73.711927,16.181425],[73.712538,16.181862],[73.713248,16.181978],[73.714043,16.182239],[73.71509,16.183143],[73.716087,16.183856],[73.716409,16.184962],[73.716971,16.185772],[73.71787,16.18651],[73.719123,16.186808],[73.719898,16.186889],[73.720255,16.187717],[73.72087,16.188886],[73.722242,16.189862],[73.72219,16.190307],[73.721807,16.191128],[73.721616,16.191545],[73.722084,16.192328],[73.721498,16.192747],[73.721236,16.193507],[73.722216,16.19373],[73.724244,16.194189],[73.725789,16.194534],[73.728119,16.194658],[73.730936,16.19472],[73.73278,16.194819],[73.734611,16.195356],[73.737107,16.196369],[73.74036,16.198036],[73.741868,16.199522],[73.743381,16.200832],[73.744482,16.20133],[73.745923,16.201847],[73.747034,16.201796],[73.747674,16.201767],[73.749346,16.201157],[73.75112,16.200378],[73.752422,16.199223],[73.753558,16.19822],[73.753824,16.197987],[73.754818,16.197341],[73.7566,16.19639],[73.757509,16.19539],[73.757815,16.194955],[73.756359,16.193078],[73.754832,16.192527],[73.753815,16.192121],[73.752919,16.191955],[73.752167,16.191332],[73.750424,16.189493],[73.747704,16.185972],[73.746455,16.184741],[73.745194,16.183857],[73.744305,16.183459],[73.743801,16.183082],[73.741028,16.181069],[73.738262,16.178823],[73.735855,16.177412],[73.733681,16.176828],[73.731774,16.17591],[73.731138,16.175643],[73.729749,16.174637],[73.728858,16.17424],[73.72796,16.174075],[73.726416,16.173992],[73.725142,16.173459],[73.72439,16.17272],[73.723776,16.17164],[73.723292,16.170567],[73.722668,16.169835],[73.722031,16.169569],[73.720875,16.169391],[73.720109,16.169118],[73.719729,16.168865],[73.719614,16.168393],[73.719391,16.167638],[73.718271,16.166843],[73.716959,16.167068],[73.715638,16.167588],[73.714143,16.168541],[73.713296,16.169676],[73.712945,16.170541],[73.71143,16.17223],[73.707774,16.17469],[73.704953,16.176458],[73.704715,16.176716],[73.705534,16.176344]]]]},"geometry_name":"the_geom","properties":{"ADI_2001":0,"ADI_2011":0,"ADI_2019":0,"ASSET_2001":0,"ASSET_2011":0,"ASSET_2019":0,"BF_2001":0,"BF_2011":0,"BF_2019":0,"FC_2001":0,"FC_2011":0,"FC_2019":0,"F_ILL":410,"F_LIT":960,"F_SC":151,"F_ST":46,"MSW_2001":0,"MSW_2011":0,"MSW_2019":0,"M_ILL":189,"M_LIT":1091,"M_SC":145,"M_ST":49,"No_HH":717,"P_ILL":599,"P_LIT":2051,"P_SC":296,"P_ST":95,"TOT_F":1370,"TOT_M":1280,"TOT_P":2650,"block_cen":4280,"dist_cen":529,"district":"SINDHUDURG","state":"MAHARASHTRA","state_cen":27,"tehsil":"Kudal","vill_ID":566718,"vill_name":"AMBRAD"}},{"type":"Feature","id":"sindhudurg_kudal.34","geometry":{"type":"MultiPolygon","coordinates":[[[[73.761901,16.154217],[73.76085,16.154744],[73.756813,16.155574],[73.754345,16.155907],[73.753556,16.156331],[73.752761,16.156987],[73.752092,16.157767],[73.751426,16.15843],[73.749862,16.158811],[73.74869,16.159097],[73.74764,16.159622],[73.746852,16.160045],[73.745928,16.160693],[73.744369,16.160957],[73.742943,16.161113],[73.740997,16.161356],[73.739313,16.161497],[73.737493,16.161863],[73.733027,16.164412],[73.729353,16.166425],[73.728573,16.166616],[73.7278,16.166575],[73.726386,16.166383],[73.725623,16.165993],[73.724854,16.165836],[73.723311,16.165638],[73.722152,16.165577],[73.720986,16.165748],[73.719556,16.166139],[73.718271,16.166843],[73.719391,16.167638],[73.719614,16.168393],[73.719729,16.168865],[73.720109,16.169118],[73.720875,16.169391],[73.722031,16.169569],[73.722668,16.169835],[73.723292,16.170567],[73.723776,16.17164],[73.72439,16.17272],[73.725142,16.173459],[73.726416,16.173992],[73.72796,16.174075],[73.728858,16.17424],[73.729749,16.174637],[73.731138,16.175643],[73.731774,16.17591],[73.733681,16.176828],[73.735855,16.177412],[73.738262,16.178823],[73.741028,16.181069],[73.743801,16.183082],[73.744305,16.183459],[73.745194,16.183857],[73.746455,16.184741],[73.747704,16.185972],[73.750424,16.189493],[73.752167,16.191332],[73.752919,16.191955],[73.753815,16.192121],[73.754832,16.192527],[73.756359,16.193078],[73.757815,16.194955],[73.758634,16.193789],[73.759768,16.191926],[73.761489,16.190011],[73.763403,16.188195],[73.765197,16.187074],[73.767575,16.185991],[73.770222,16.185626],[73.770744,16.18533],[73.769596,16.183282],[73.76711,16.180576],[73.76413,16.177143],[73.762834,16.173458],[73.762322,16.169465],[73.762704,16.161656],[73.763292,16.155131],[73.763338,16.153573],[73.76334,16.153477],[73.761901,16.154217]]]]},"geometry_name":"the_geom","properties":{"ADI_2001":0,"ADI_2011":0,"ADI_2019":0,"ASSET_2001":0,"ASSET_2011":0,"ASSET_2019":0,"BF_2001":0,"BF_2011":0,"BF_2019":0,"FC_2001":0,"FC_2011":0,"FC_2019":0,"F_ILL":190,"F_LIT":425,"F_SC":73,"F_ST":0,"MSW_2001":0,"MSW_2011":0,"MSW_2019":0,"M_ILL":113,"M_LIT":432,"M_SC":70,"M_ST":0,"No_HH":288,"P_ILL":303,"P_LIT":857,"P_SC":143,"P_ST":0,"TOT_F":615,"TOT_M":545,"TOT_P":1160,"block_cen":4280,"dist_cen":529,"district":"SINDHUDURG","state":"MAHARASHTRA","state_cen":27,"tehsil":"Kudal","vill_ID":566719,"vill_name":"POKHARAN"}},{"type":"Feature","id":"sindhudurg_kudal.35","geometry":{"type":"MultiPolygon","coordinates":[[[[73.735371,16.149664],[73.734949,16.150925],[73.734396,16.152294],[73.732916,16.154428],[73.73091,16.15688],[73.728527,16.158962],[73.727598,16.159842],[73.726679,16.160374],[73.72511,16.161104],[73.723682,16.161378],[73.722377,16.16189],[73.721208,16.162177],[73.719903,16.16269],[73.719108,16.163461],[73.718705,16.164021],[73.718422,16.164936],[73.718271,16.166843],[73.719556,16.166139],[73.720986,16.165748],[73.722152,16.165577],[73.723311,16.165638],[73.724854,16.165836],[73.725623,16.165993],[73.726386,16.166383],[73.7278,16.166575],[73.728573,16.166616],[73.729353,16.166425],[73.733027,16.164412],[73.737493,16.161863],[73.739313,16.161497],[73.740997,16.161356],[73.742943,16.161113],[73.744369,16.160957],[73.745928,16.160693],[73.746852,16.160045],[73.74764,16.159622],[73.74869,16.159097],[73.749862,16.158811],[73.751426,16.15843],[73.752092,16.157767],[73.752761,16.156987],[73.753556,16.156331],[73.754345,16.155907],[73.756813,16.155574],[73.76085,16.154744],[73.761901,16.154217],[73.76334,16.153477],[73.76336,16.152795],[73.76275,16.151474],[73.761247,16.149637],[73.758333,16.147255],[73.754747,16.145776],[73.752813,16.14544],[73.751265,16.145241],[73.749838,16.145401],[73.74762,16.146103],[73.746577,16.146399],[73.745027,16.146318],[73.74348,16.14612],[73.741797,16.146149],[73.739842,16.146748],[73.737221,16.148128],[73.736173,16.148657],[73.735887,16.149016],[73.735371,16.149664]]]]},"geometry_name":"the_geom","properties":{"ADI_2001":0,"ADI_2011":0,"ADI_2019":0,"ASSET_2001":0,"ASSET_2011":0,"ASSET_2019":0,"BF_2001":0,"BF_2011":0,"BF_2019":0,"FC_2001":0,"FC_2011":0,"FC_2019":0,"F_ILL":108,"F_LIT":213,"F_SC":32,"F_ST":0,"MSW_2001":0,"MSW_2011":0,"MSW_2019":0,"M_ILL":70,"M_LIT":224,"M_SC":24,"M_ST":0,"No_HH":146,"P_ILL":178,"P_LIT":437,"P_SC":56,"P_ST":0,"TOT_F":321,"TOT_M":294,"TOT_P":615,"block_cen":4280,"dist_cen":529,"district":"SINDHUDURG","state":"MAHARASHTRA","state_cen":27,"tehsil":"Kudal","vill_ID":566720,"vill_name":"KUSABE"}},{"type":"Feature","id":"sindhudurg_kudal.36","geometry":{"type":"MultiPolygon","coordinates":[[[[73.702413,16.177481],[73.703341,16.177005],[73.703604,16.176967],[73.704428,16.176846],[73.704715,16.176716],[73.704953,16.176458],[73.707774,16.17469],[73.71143,16.17223],[73.712945,16.170541],[73.713296,16.169676],[73.714143,16.168541],[73.715638,16.167588],[73.716959,16.167068],[73.718271,16.166843],[73.718422,16.164936],[73.718705,16.164021],[73.719108,16.163461],[73.719903,16.16269],[73.721208,16.162177],[73.722377,16.16189],[73.723682,16.161378],[73.72511,16.161104],[73.726679,16.160374],[73.727598,16.159842],[73.728527,16.158962],[73.73091,16.15688],[73.732916,16.154428],[73.734396,16.152294],[73.734949,16.150925],[73.735371,16.149664],[73.735887,16.149016],[73.732459,16.144953],[73.731462,16.14287],[73.731216,16.140688],[73.731408,16.138935],[73.731774,16.136102],[73.733034,16.133444],[73.734897,16.130539],[73.73042,16.129624],[73.72796,16.128879],[73.726499,16.129679],[73.722531,16.132122],[73.717679,16.134629],[73.712711,16.136669],[73.710547,16.137475],[73.709017,16.138198],[73.707226,16.139249],[73.705058,16.14028],[73.702318,16.140834],[73.702578,16.141469],[73.702387,16.142637],[73.702006,16.144824],[73.702398,16.148665],[73.702524,16.150141],[73.702467,16.152342],[73.702103,16.153793],[73.70158,16.155089],[73.701534,16.15685],[73.701814,16.158627],[73.701939,16.160103],[73.701408,16.161692],[73.701028,16.16373],[73.70083,16.165043],[73.700282,16.167221],[73.700076,16.168829],[73.700362,16.170315],[73.700624,16.172684],[73.701227,16.174481],[73.701997,16.17614],[73.702303,16.176892],[73.702394,16.177479],[73.702413,16.177481]]]]},"geometry_name":"the_geom","properties":{"ADI_2001":0,"ADI_2011":0,"ADI_2019":0,"ASSET_2001":0,"ASSET_2011":0,"ASSET_2019":0,"BF_2001":0,"BF_2011":0,"BF_2019":0,"FC_2001":0,"FC_2011":0,"FC_2019":0,"F_ILL":197,"F_LIT":384,"F_SC":20,"F_ST":8,"MSW_2001":0,"MSW_2011":0,"MSW_2019":0,"M_ILL":102,"M_LIT":464,"M_SC":15,"M_ST":2,"No_HH":265,"P_ILL":299,"P_LIT":848,"P_SC":35,"P_ST":10,"TOT_F":581,"TOT_M":566,"TOT_P":1147,"block_cen":4280,"dist_cen":529,"district":"SINDHUDURG","state":"MAHARASHTRA","state_cen":27,"tehsil":"Kudal","vill_ID":566721,"vill_name":"KUNDE"}},{"type":"Feature","id":"sindhudurg_kudal.37","geometry":{"type":"MultiPolygon","coordinates":[[[[73.691292,16.108822],[73.688903,16.108605],[73.685247,16.108911],[73.681081,16.109655],[73.678043,16.11079],[73.677031,16.111092],[73.675499,16.111109],[73.674546,16.111607],[73.672649,16.112617],[73.670923,16.113632],[73.668844,16.115252],[73.667627,16.11644],[73.667551,16.116496],[73.667665,16.118429],[73.667773,16.121235],[73.66791,16.122567],[73.66838,16.123472],[73.669504,16.124257],[73.671117,16.125065],[73.673046,16.126329],[73.67448,16.127865],[73.67525,16.12996],[73.675646,16.134093],[73.675526,16.135589],[73.676296,16.135182],[73.677121,16.134779],[73.678111,16.134238],[73.679099,16.133843],[73.680398,16.13405],[73.682326,16.135317],[73.683113,16.136529],[73.683727,16.138175],[73.683841,16.140235],[73.684145,16.141131],[73.684619,16.141741],[73.685101,16.142057],[73.686079,16.142105],[73.687219,16.14216],[73.689029,16.141513],[73.691495,16.140751],[73.693957,16.140345],[73.694491,16.138125],[73.695166,16.136225],[73.69549,16.133054],[73.695246,16.132701],[73.694755,16.132108],[73.694393,16.131407],[73.694161,16.130485],[73.693941,16.128992],[73.693984,16.126941],[73.694166,16.124208],[73.694726,16.121375],[73.695022,16.119098],[73.695164,16.118187],[73.695047,16.117723],[73.69445,16.11586],[73.693707,16.115139],[73.692968,16.114187],[73.692741,16.112683],[73.692766,16.111188],[73.692784,16.110038],[73.692421,16.1091],[73.691292,16.108822]]]]},"geometry_name":"the_geom","properties":{"ADI_2001":0,"ADI_2011":0,"ADI_2019":0,"ASSET_2001":0,"ASSET_2011":0,"ASSET_2019":0,"BF_2001":0,"BF_2011":0,"BF_2019":0,"FC_2001":0,"FC_2011":0,"FC_2019":0,"F_ILL":209,"F_LIT":813,"F_SC":89,"F_ST":85,"MSW_2001":0,"MSW_2011":0,"MSW_2019":0,"M_ILL":147,"M_LIT":905,"M_SC":97,"M_ST":86,"No_HH":536,"P_ILL":356,"P_LIT":1718,"P_SC":186,"P_ST":171,"TOT_F":1022,"TOT_M":1052,"TOT_P":2074,"block_cen":4280,"dist_cen":529,"district":"SINDHUDURG","state":"MAHARASHTRA","state_cen":27,"tehsil":"Kudal","vill_ID":566722,"vill_name":"RANBAMBULI"}},{"type":"Feature","id":"sindhudurg_kudal.38","geometry":{"type":"MultiPolygon","coordinates":[[[[73.701164,16.097621],[73.700286,16.097352],[73.699026,16.0973],[73.69827,16.097385],[73.698127,16.097478],[73.697762,16.097713],[73.697359,16.099544],[73.697201,16.102089],[73.696544,16.104147],[73.694874,16.106504],[73.692421,16.1091],[73.692784,16.110038],[73.692766,16.111188],[73.692741,16.112683],[73.692968,16.114187],[73.693707,16.115139],[73.69445,16.11586],[73.695047,16.117723],[73.695164,16.118187],[73.695022,16.119098],[73.694726,16.121375],[73.694166,16.124208],[73.693984,16.126941],[73.693941,16.128992],[73.694161,16.130485],[73.694393,16.131407],[73.694755,16.132108],[73.695246,16.132701],[73.69549,16.133054],[73.695166,16.136225],[73.694491,16.138125],[73.693957,16.140345],[73.694936,16.140183],[73.697065,16.139874],[73.699186,16.139978],[73.701143,16.140073],[73.70227,16.140718],[73.702318,16.140834],[73.705058,16.14028],[73.707226,16.139249],[73.709017,16.138198],[73.710547,16.137475],[73.712711,16.136669],[73.717679,16.134629],[73.722531,16.132122],[73.726499,16.129679],[73.72796,16.128879],[73.727739,16.128812],[73.725982,16.126819],[73.725286,16.124193],[73.724679,16.116501],[73.726291,16.109424],[73.726868,16.10812],[73.725877,16.107742],[73.723742,16.106951],[73.722615,16.106321],[73.721234,16.105796],[73.719603,16.105144],[73.717967,16.10484],[73.71633,16.104653],[73.715069,16.104599],[73.714058,16.104788],[73.71267,16.104844],[73.711411,16.104674],[73.709655,16.104018],[73.70853,16.103274],[73.706532,16.101796],[73.70491,16.100566],[73.70367,16.098887],[73.702672,16.098032],[73.701783,16.097789],[73.701164,16.097621]]]]},"geometry_name":"the_geom","properties":{"ADI_2001":0,"ADI_2011":0,"ADI_2019":0,"ASSET_2001":0,"ASSET_2011":0,"ASSET_2019":0,"BF_2001":0,"BF_2011":0,"BF_2019":0,"FC_2001":0,"FC_2011":0,"FC_2019":0,"F_ILL":486,"F_LIT":2140,"F_SC":338,"F_ST":79,"MSW_2001":0,"MSW_2011":0,"MSW_2019":0,"M_ILL":388,"M_LIT":2297,"M_SC":331,"M_ST":82,"No_HH":1352,"P_ILL":874,"P_LIT":4437,"P_SC":669,"P_ST":161,"TOT_F":2626,"TOT_M":2685,"TOT_P":5311,"block_cen":4280,"dist_cen":529,"district":"SINDHUDURG","state":"MAHARASHTRA","state_cen":27,"tehsil":"Kudal","vill_ID":566723,"vill_name":"ORAS BK."}},{"type":"Feature","id":"sindhudurg_kudal.39","geometry":{"type":"MultiPolygon","coordinates":[[[[73.726291,16.109424],[73.724679,16.116501],[73.725286,16.124193],[73.725982,16.126819],[73.727739,16.128812],[73.72796,16.128879],[73.73042,16.129624],[73.734897,16.130539],[73.738109,16.127556],[73.740284,16.123828],[73.741238,16.120993],[73.741706,16.120053],[73.742323,16.11912],[73.741594,16.116864],[73.741306,16.116162],[73.741018,16.11546],[73.740723,16.115171],[73.739978,16.114861],[73.738631,16.114661],[73.737579,16.114751],[73.737127,16.114868],[73.736078,16.11482],[73.735184,16.114503],[73.734741,16.11407],[73.733856,16.113203],[73.733567,16.112501],[73.733278,16.111799],[73.732689,16.111083],[73.731949,16.110498],[73.730911,16.109762],[73.728978,16.108711],[73.726868,16.10812],[73.726291,16.109424]]]]},"geometry_name":"the_geom","properties":{"ADI_2001":0,"ADI_2011":0,"ADI_2019":0,"ASSET_2001":0,"ASSET_2011":0,"ASSET_2019":0,"BF_2001":0,"BF_2011":0,"BF_2019":0,"FC_2001":0,"FC_2011":0,"FC_2019":0,"F_ILL":61,"F_LIT":134,"F_SC":5,"F_ST":0,"MSW_2001":0,"MSW_2011":0,"MSW_2019":0,"M_ILL":31,"M_LIT":162,"M_SC":4,"M_ST":0,"No_HH":99,"P_ILL":92,"P_LIT":296,"P_SC":9,"P_ST":0,"TOT_F":195,"TOT_M":193,"TOT_P":388,"block_cen":4280,"dist_cen":529,"district":"SINDHUDURG","state":"MAHARASHTRA","state_cen":27,"tehsil":"Kudal","vill_ID":566724,"vill_name":"ORAS KH."}},{"type":"Feature","id":"sindhudurg_kudal.40","geometry":{"type":"MultiPolygon","coordinates":[[[[73.68286,16.066991],[73.68276,16.067212],[73.683366,16.067599],[73.683725,16.067995],[73.683796,16.06813],[73.684414,16.068377],[73.684602,16.068611],[73.684597,16.06882],[73.685163,16.069086],[73.685731,16.06928],[73.685752,16.069324],[73.686102,16.070061],[73.686602,16.070062],[73.687362,16.070709],[73.687938,16.071274],[73.688094,16.072144],[73.687595,16.074011],[73.687347,16.074699],[73.686954,16.075541],[73.685302,16.076873],[73.685051,16.077164],[73.685029,16.078098],[73.684422,16.078915],[73.684352,16.079009],[73.684799,16.079264],[73.685055,16.080018],[73.683827,16.080642],[73.683867,16.080944],[73.683905,16.081058],[73.684075,16.082082],[73.684193,16.082197],[73.684602,16.082871],[73.684736,16.083162],[73.685107,16.083421],[73.685298,16.083677],[73.685831,16.085216],[73.685973,16.085578],[73.685716,16.087212],[73.686452,16.089143],[73.68694,16.089361],[73.686911,16.089862],[73.686408,16.090543],[73.686614,16.090709],[73.686691,16.090912],[73.686715,16.091081],[73.686448,16.091212],[73.686242,16.091425],[73.686231,16.092258],[73.686501,16.093206],[73.686177,16.093618],[73.686217,16.093958],[73.686547,16.094308],[73.686536,16.094619],[73.686977,16.095039],[73.686922,16.095341],[73.687108,16.095807],[73.687034,16.096317],[73.686982,16.096404],[73.686924,16.096591],[73.686746,16.097154],[73.686586,16.097879],[73.686629,16.098332],[73.685976,16.098506],[73.685508,16.098668],[73.684914,16.098848],[73.684267,16.09896],[73.684114,16.100112],[73.683249,16.100863],[73.683026,16.10099],[73.682716,16.101382],[73.682599,16.102448],[73.682417,16.102559],[73.682326,16.102627],[73.682175,16.102783],[73.682088,16.10293],[73.682124,16.103103],[73.682155,16.10325],[73.682171,16.103424],[73.681589,16.103505],[73.681188,16.103751],[73.681174,16.103822],[73.680985,16.104852],[73.680848,16.105486],[73.680731,16.105765],[73.680483,16.106078],[73.680417,16.106399],[73.680359,16.106534],[73.680202,16.106829],[73.680091,16.107007],[73.6797,16.107254],[73.679343,16.107733],[73.678643,16.10749],[73.678175,16.106802],[73.678008,16.106738],[73.677964,16.10703],[73.677942,16.107299],[73.677861,16.107673],[73.677648,16.108035],[73.677349,16.108345],[73.677219,16.108216],[73.677182,16.108279],[73.677041,16.10847],[73.67699,16.108553],[73.676951,16.108665],[73.676946,16.109248],[73.676786,16.109727],[73.676577,16.109757],[73.67645,16.110129],[73.675925,16.110887],[73.675499,16.111109],[73.677031,16.111092],[73.678043,16.11079],[73.681081,16.109655],[73.685247,16.108911],[73.688903,16.108605],[73.691292,16.108822],[73.692421,16.1091],[73.694874,16.106504],[73.696544,16.104147],[73.697201,16.102089],[73.697359,16.099544],[73.697762,16.097713],[73.698127,16.097478],[73.697612,16.094928],[73.697626,16.093613],[73.697991,16.092641],[73.698893,16.09136],[73.699977,16.089591],[73.700708,16.087474],[73.701083,16.085175],[73.700937,16.08103],[73.700955,16.078376],[73.700791,16.076043],[73.700275,16.072527],[73.700286,16.069525],[73.700469,16.06803],[73.701363,16.066395],[73.702027,16.065307],[73.698744,16.062204],[73.696604,16.060465],[73.69396,16.057758],[73.692825,16.055583],[73.69169,16.053526],[73.690807,16.052662],[73.689924,16.052154],[73.68879,16.051754],[73.686141,16.049635],[73.682078,16.047635],[73.682082,16.047668],[73.682085,16.048972],[73.681583,16.050019],[73.681207,16.050834],[73.680831,16.05165],[73.680833,16.053191],[73.681086,16.054267],[73.68159,16.055591],[73.681717,16.056781],[73.681591,16.058435],[73.681086,16.059956],[73.680456,16.060998],[73.67995,16.062756],[73.679391,16.064479],[73.67949,16.064452],[73.680344,16.064645],[73.681025,16.066441],[73.681777,16.06732],[73.68286,16.066991]]]]},"geometry_name":"the_geom","properties":{"ADI_2001":0,"ADI_2011":0,"ADI_2019":0,"ASSET_2001":0,"ASSET_2011":0,"ASSET_2019":0,"BF_2001":0,"BF_2011":0,"BF_2019":0,"FC_2001":0,"FC_2011":0,"FC_2019":0,"F_ILL":334,"F_LIT":759,"F_SC":78,"F_ST":1,"MSW_2001":0,"MSW_2011":0,"MSW_2019":0,"M_ILL":166,"M_LIT":927,"M_SC":67,"M_ST":2,"No_HH":540,"P_ILL":500,"P_LIT":1686,"P_SC":145,"P_ST":3,"TOT_F":1093,"TOT_M":1093,"TOT_P":2186,"block_cen":4280,"dist_cen":529,"district":"SINDHUDURG","state":"MAHARASHTRA","state_cen":27,"tehsil":"Kudal","vill_ID":566725,"vill_name":"ANAV"}},{"type":"Feature","id":"sindhudurg_kudal.41","geometry":{"type":"MultiPolygon","coordinates":[[[[73.712214,16.068991],[73.708436,16.067782],[73.704658,16.066572],[73.702266,16.065533],[73.702027,16.065307],[73.701363,16.066395],[73.700469,16.06803],[73.700286,16.069525],[73.700275,16.072527],[73.700791,16.076043],[73.700955,16.078376],[73.700937,16.08103],[73.701083,16.085175],[73.700708,16.087474],[73.699977,16.089591],[73.698893,16.09136],[73.697991,16.092641],[73.697626,16.093613],[73.697612,16.094928],[73.698127,16.097478],[73.69827,16.097385],[73.699026,16.0973],[73.700286,16.097352],[73.701164,16.097621],[73.701783,16.097789],[73.70233,16.095535],[73.702591,16.09473],[73.702975,16.094163],[73.703735,16.093727],[73.705375,16.093561],[73.70878,16.093466],[73.710548,16.093188],[73.712444,16.092682],[73.713713,16.091915],[73.714221,16.091585],[73.714853,16.091494],[73.715487,16.091168],[73.716247,16.090848],[73.717266,16.089836],[73.718036,16.08846],[73.718062,16.088311],[73.718302,16.086946],[73.718187,16.08565],[73.717566,16.08445],[73.716695,16.082887],[73.715825,16.081206],[73.715207,16.079298],[73.714964,16.077756],[73.714849,16.075745],[73.714859,16.073738],[73.71512,16.07174],[73.71511,16.070167],[73.712214,16.068991]]]]},"geometry_name":"the_geom","properties":{"ADI_2001":0,"ADI_2011":0,"ADI_2019":0,"ASSET_2001":0,"ASSET_2011":0,"ASSET_2019":0,"BF_2001":0,"BF_2011":0,"BF_2019":0,"FC_2001":0,"FC_2011":0,"FC_2019":0,"F_ILL":142,"F_LIT":480,"F_SC":37,"F_ST":2,"MSW_2001":0,"MSW_2011":0,"MSW_2019":0,"M_ILL":89,"M_LIT":532,"M_SC":46,"M_ST":3,"No_HH":289,"P_ILL":231,"P_LIT":1012,"P_SC":83,"P_ST":5,"TOT_F":622,"TOT_M":621,"TOT_P":1243,"block_cen":4280,"dist_cen":529,"district":"SINDHUDURG","state":"MAHARASHTRA","state_cen":27,"tehsil":"Kudal","vill_ID":566726,"vill_name":"HUMARMALA"}},{"type":"Feature","id":"sindhudurg_kudal.42","geometry":{"type":"MultiPolygon","coordinates":[[[[73.691896,16.037928],[73.689992,16.037948],[73.688814,16.037622],[73.688091,16.038449],[73.687597,16.039613],[73.686472,16.040633],[73.685597,16.041545],[73.684347,16.043035],[73.683344,16.043943],[73.680941,16.045133],[73.681573,16.045869],[73.681953,16.046596],[73.682078,16.047635],[73.686141,16.049635],[73.68879,16.051754],[73.689924,16.052154],[73.690807,16.052662],[73.69169,16.053526],[73.692825,16.055583],[73.69396,16.057758],[73.696604,16.060465],[73.698744,16.062204],[73.702027,16.065307],[73.702266,16.065533],[73.704658,16.066572],[73.708436,16.067782],[73.712214,16.068991],[73.71511,16.070167],[73.715488,16.070182],[73.715867,16.070078],[73.71612,16.069734],[73.716249,16.068912],[73.716629,16.068218],[73.717008,16.067996],[73.717765,16.067672],[73.718774,16.067357],[73.719656,16.067392],[73.720286,16.067298],[73.721168,16.067333],[73.718275,16.065551],[73.716764,16.064665],[73.715756,16.063917],[73.715,16.062825],[73.71462,16.061511],[73.714113,16.059957],[73.713605,16.05852],[73.712596,16.057535],[73.711211,16.057125],[73.710079,16.057198],[73.7092,16.057399],[73.707815,16.057225],[73.706556,16.056702],[73.705673,16.05584],[73.704537,16.054731],[73.70289,16.05171],[73.70086,16.048081],[73.698837,16.045989],[73.696817,16.044604],[73.695428,16.043482],[73.694164,16.042484],[73.693276,16.041263],[73.692641,16.040409],[73.692379,16.038977],[73.69256,16.037905],[73.691896,16.037928]]]]},"geometry_name":"the_geom","properties":{"ADI_2001":0,"ADI_2011":0,"ADI_2019":0,"ASSET_2001":0,"ASSET_2011":0,"ASSET_2019":0,"BF_2001":0,"BF_2011":0,"BF_2019":0,"FC_2001":0,"FC_2011":0,"FC_2019":0,"F_ILL":159,"F_LIT":544,"F_SC":29,"F_ST":8,"MSW_2001":0,"MSW_2011":0,"MSW_2019":0,"M_ILL":96,"M_LIT":557,"M_SC":27,"M_ST":6,"No_HH":329,"P_ILL":255,"P_LIT":1101,"P_SC":56,"P_ST":14,"TOT_F":703,"TOT_M":653,"TOT_P":1356,"block_cen":4280,"dist_cen":529,"district":"SINDHUDURG","state":"MAHARASHTRA","state_cen":27,"tehsil":"Kudal","vill_ID":566727,"vill_name":"PANDUR"}},{"type":"Feature","id":"sindhudurg_kudal.43","geometry":{"type":"MultiPolygon","coordinates":[[[[73.727256,16.03791],[73.725573,16.037689],[73.724812,16.037941],[73.723446,16.038596],[73.721767,16.038808],[73.720505,16.038603],[73.719274,16.037974],[73.718199,16.037638],[73.716821,16.037577],[73.715596,16.037522],[73.713457,16.037858],[73.711318,16.03834],[73.710247,16.038437],[73.708714,16.03837],[73.706873,16.03829],[73.703347,16.038426],[73.701353,16.038485],[73.699512,16.038551],[73.698128,16.038347],[73.69751,16.037887],[73.697284,16.037459],[73.695806,16.037795],[73.69256,16.037905],[73.692379,16.038977],[73.692641,16.040409],[73.693276,16.041263],[73.694164,16.042484],[73.695428,16.043482],[73.696817,16.044604],[73.698837,16.045989],[73.70086,16.048081],[73.70289,16.05171],[73.704537,16.054731],[73.705673,16.05584],[73.706556,16.056702],[73.707815,16.057225],[73.7092,16.057399],[73.710079,16.057198],[73.711211,16.057125],[73.712596,16.057535],[73.713605,16.05852],[73.714113,16.059957],[73.71462,16.061511],[73.715,16.062825],[73.715756,16.063917],[73.716764,16.064665],[73.718275,16.065551],[73.721168,16.067333],[73.724695,16.067709],[73.729105,16.068916],[73.72923,16.06895],[73.731749,16.069286],[73.733259,16.069229],[73.735395,16.068255],[73.739153,16.066053],[73.74176,16.062983],[73.743485,16.060702],[73.74423,16.060263],[73.745604,16.060084],[73.7471,16.059792],[73.748873,16.059854],[73.74962,16.05965],[73.750111,16.059199],[73.751075,16.058781],[73.749279,16.055444],[73.746922,16.048701],[73.74631,16.045711],[73.746423,16.041717],[73.746641,16.039569],[73.745368,16.039158],[73.745237,16.038916],[73.745231,16.038562],[73.745727,16.038115],[73.746841,16.036993],[73.743262,16.037803],[73.741141,16.038414],[73.738101,16.038841],[73.735661,16.038727],[73.730315,16.038336],[73.728727,16.038115],[73.727256,16.03791]]]]},"geometry_name":"the_geom","properties":{"ADI_2001":0,"ADI_2011":0,"ADI_2019":0,"ASSET_2001":0,"ASSET_2011":0,"ASSET_2019":0,"BF_2001":0,"BF_2011":0,"BF_2019":0,"FC_2001":0,"FC_2011":0,"FC_2019":0,"F_ILL":373,"F_LIT":1105,"F_SC":119,"F_ST":0,"MSW_2001":0,"MSW_2011":0,"MSW_2019":0,"M_ILL":234,"M_LIT":1172,"M_SC":99,"M_ST":4,"No_HH":711,"P_ILL":607,"P_LIT":2277,"P_SC":218,"P_ST":4,"TOT_F":1478,"TOT_M":1406,"TOT_P":2884,"block_cen":4280,"dist_cen":529,"district":"SINDHUDURG","state":"MAHARASHTRA","state_cen":27,"tehsil":"Kudal","vill_ID":566728,"vill_name":"BAMBARDE TARF KALSULI"}},{"type":"Feature","id":"sindhudurg_kudal.44","geometry":{"type":"MultiPolygon","coordinates":[[[[73.815126,16.198195],[73.814876,16.198633],[73.814809,16.19876],[73.81421,16.199776],[73.813993,16.200158],[73.81358,16.200871],[73.81334,16.201132],[73.813207,16.201275],[73.813298,16.201608],[73.813402,16.202007],[73.813425,16.202355],[73.813408,16.20288],[73.813395,16.202876],[73.812644,16.203598],[73.812377,16.204019],[73.812328,16.204083],[73.812287,16.204684],[73.812423,16.20478],[73.813298,16.205418],[73.81333,16.205432],[73.814373,16.206191],[73.814393,16.206691],[73.814606,16.206858],[73.81448,16.20516],[73.814754,16.201855],[73.814968,16.199919],[73.815166,16.198128],[73.815126,16.198195]]],[[[73.807136,16.185358],[73.807799,16.185542],[73.809987,16.184962],[73.810109,16.184993],[73.810125,16.18518],[73.811463,16.185672],[73.811674,16.185744],[73.811727,16.185747],[73.811848,16.18538],[73.811863,16.185033],[73.812136,16.184706],[73.81228,16.184369],[73.812295,16.184022],[73.811927,16.18353],[73.811426,16.183143],[73.810661,16.182852],[73.809762,16.182668],[73.80819,16.182389],[73.807784,16.183404],[73.807073,16.185343],[73.807136,16.185358]]]]},"geometry_name":"the_geom","properties":{"ADI_2001":0,"ADI_2011":0,"ADI_2019":0,"ASSET_2001":0,"ASSET_2011":0,"ASSET_2019":0,"BF_2001":0,"BF_2011":0,"BF_2019":0,"FC_2001":0,"FC_2011":0,"FC_2019":0,"F_ILL":63,"F_LIT":111,"F_SC":1,"F_ST":0,"MSW_2001":0,"MSW_2011":0,"MSW_2019":0,"M_ILL":29,"M_LIT":116,"M_SC":0,"M_ST":3,"No_HH":81,"P_ILL":92,"P_LIT":227,"P_SC":1,"P_ST":3,"TOT_F":174,"TOT_M":145,"TOT_P":319,"block_cen":4280,"dist_cen":529,"district":"SINDHUDURG","state":"MAHARASHTRA","state_cen":27,"tehsil":"Kudal","vill_ID":566729,"vill_name":"GAVALGAON"}},{"type":"Feature","id":"sindhudurg_kudal.45","geometry":{"type":"MultiPolygon","coordinates":[[[[73.812696,16.185806],[73.813092,16.185706],[73.814007,16.185488],[73.81413,16.185935],[73.814301,16.186395],[73.814439,16.186593],[73.81477,16.187089],[73.815003,16.187451],[73.815153,16.18767],[73.815754,16.188046],[73.815828,16.188285],[73.815983,16.188767],[73.816487,16.189303],[73.816863,16.189708],[73.817101,16.189955],[73.817361,16.190385],[73.817469,16.190447],[73.818008,16.190735],[73.81834,16.191167],[73.819095,16.190705],[73.819838,16.190257],[73.820116,16.190078],[73.820683,16.190145],[73.821772,16.190263],[73.821807,16.190278],[73.822649,16.190686],[73.823384,16.191044],[73.824067,16.191357],[73.824358,16.191501],[73.824415,16.191528],[73.824575,16.191808],[73.824545,16.192003],[73.824308,16.191906],[73.823623,16.191743],[73.822731,16.191746],[73.822459,16.191757],[73.821945,16.191823],[73.821902,16.191847],[73.821439,16.191986],[73.82047,16.19226],[73.820231,16.192328],[73.820125,16.192829],[73.820342,16.193783],[73.820367,16.193883],[73.820483,16.194243],[73.819804,16.194883],[73.819203,16.195346],[73.819096,16.195385],[73.819093,16.195386],[73.819018,16.195419],[73.818826,16.195503],[73.818324,16.195747],[73.817667,16.196131],[73.817629,16.196146],[73.817597,16.196163],[73.817547,16.196191],[73.817387,16.196277],[73.817215,16.196371],[73.81701,16.196487],[73.816418,16.196666],[73.815928,16.196825],[73.815606,16.197372],[73.815497,16.197563],[73.815339,16.197838],[73.815166,16.198128],[73.814968,16.199919],[73.814754,16.201855],[73.81448,16.20516],[73.814606,16.206858],[73.814646,16.20689],[73.814894,16.206958],[73.814989,16.207124],[73.815413,16.20735],[73.81556,16.207429],[73.815649,16.207795],[73.815681,16.20782],[73.816209,16.208329],[73.816675,16.208731],[73.81685,16.208883],[73.816863,16.208897],[73.817286,16.209492],[73.817465,16.21011],[73.817352,16.210366],[73.81754,16.210634],[73.818037,16.210843],[73.818558,16.211217],[73.818999,16.211772],[73.818922,16.211899],[73.819037,16.212138],[73.819244,16.21223],[73.819304,16.212484],[73.819309,16.212493],[73.819699,16.213219],[73.82076,16.213332],[73.822325,16.213089],[73.823983,16.212936],[73.82523,16.213269],[73.826997,16.212861],[73.829744,16.21131],[73.831249,16.210369],[73.832769,16.209172],[73.834176,16.208308],[73.836,16.203161],[73.837883,16.19709],[73.838827,16.193999],[73.839336,16.191781],[73.839545,16.190332],[73.839508,16.188641],[73.839304,16.187612],[73.837803,16.184097],[73.834107,16.179873],[73.82681,16.173977],[73.821612,16.170463],[73.818851,16.169533],[73.818888,16.169966],[73.818607,16.170409],[73.818071,16.170712],[73.816201,16.171719],[73.813237,16.174043],[73.811455,16.176235],[73.80923,16.179792],[73.80819,16.182389],[73.809762,16.182668],[73.810661,16.182852],[73.811426,16.183143],[73.811927,16.18353],[73.812295,16.184022],[73.81228,16.184369],[73.812136,16.184706],[73.811863,16.185033],[73.811848,16.18538],[73.811727,16.185747],[73.812696,16.185806]]]]},"geometry_name":"the_geom","properties":{"ADI_2001":0,"ADI_2011":0,"ADI_2019":0,"ASSET_2001":0,"ASSET_2011":0,"ASSET_2019":0,"BF_2001":0,"BF_2011":0,"BF_2019":0,"FC_2001":0,"FC_2011":0,"FC_2019":0,"F_ILL":149,"F_LIT":318,"F_SC":39,"F_ST":0,"MSW_2001":0,"MSW_2011":0,"MSW_2019":0,"M_ILL":62,"M_LIT":294,"M_SC":27,"M_ST":0,"No_HH":232,"P_ILL":211,"P_LIT":612,"P_SC":66,"P_ST":0,"TOT_F":467,"TOT_M":356,"TOT_P":823,"block_cen":4280,"dist_cen":529,"district":"SINDHUDURG","state":"MAHARASHTRA","state_cen":27,"tehsil":"Kudal","vill_ID":566730,"vill_name":"KUPAVADE"}},{"type":"Feature","id":"sindhudurg_kudal.46","geometry":{"type":"MultiPolygon","coordinates":[[[[73.882474,16.181989],[73.878066,16.180505],[73.873513,16.17866],[73.871542,16.177436],[73.870862,16.176643],[73.87064,16.175606],[73.868095,16.175814],[73.867545,16.175917],[73.866306,16.176149],[73.865073,16.177014],[73.86077,16.18011],[73.85801,16.182224],[73.856906,16.183606],[73.856394,16.184874],[73.856001,16.186657],[73.855805,16.187548],[73.856168,16.188966],[73.856266,16.189865],[73.855917,16.19088],[73.854834,16.191875],[73.853457,16.192862],[73.851624,16.194093],[73.849641,16.19532],[73.847201,16.196794],[73.84473,16.198783],[73.843031,16.200153],[73.840844,16.202274],[73.834561,16.20807],[73.836088,16.207124],[73.838464,16.206365],[73.840919,16.205849],[73.842875,16.205564],[73.844963,16.204605],[73.847046,16.203729],[73.849454,16.20219],[73.851847,16.200908],[73.855695,16.1995],[73.858436,16.198818],[73.863588,16.198028],[73.869171,16.197669],[73.874245,16.197303],[73.879392,16.197037],[73.884185,16.196795],[73.887253,16.196598],[73.889511,16.196216],[73.892304,16.195538],[73.895007,16.194698],[73.897532,16.193447],[73.899987,16.192487],[73.896188,16.189743],[73.890126,16.186981],[73.8865,16.184747],[73.884863,16.183132],[73.8837,16.182574],[73.882474,16.181989]]]]},"geometry_name":"the_geom","properties":{"ADI_2001":0,"ADI_2011":0,"ADI_2019":0,"ASSET_2001":0,"ASSET_2011":0,"ASSET_2019":0,"BF_2001":0,"BF_2011":0,"BF_2019":0,"FC_2001":0,"FC_2011":0,"FC_2019":0,"F_ILL":174,"F_LIT":386,"F_SC":0,"F_ST":0,"MSW_2001":0,"MSW_2011":0,"MSW_2019":0,"M_ILL":80,"M_LIT":430,"M_SC":0,"M_ST":0,"No_HH":321,"P_ILL":254,"P_LIT":816,"P_SC":0,"P_ST":0,"TOT_F":560,"TOT_M":510,"TOT_P":1070,"block_cen":4280,"dist_cen":529,"district":"SINDHUDURG","state":"MAHARASHTRA","state_cen":27,"tehsil":"Kudal","vill_ID":566731,"vill_name":"JAMBHAVADE"}},{"type":"Feature","id":"sindhudurg_kudal.47","geometry":{"type":"MultiPolygon","coordinates":[[[[73.927947,16.181591],[73.928942,16.180937],[73.929625,16.180832],[73.929959,16.180497],[73.930279,16.180271],[73.931001,16.180118],[73.931484,16.180222],[73.932659,16.180101],[73.933914,16.179871],[73.93476,16.179676],[73.936051,16.179947],[73.936406,16.179841],[73.937578,16.179488],[73.938846,16.179848],[73.939376,16.180309],[73.940651,16.179338],[73.942565,16.178291],[73.945062,16.179732],[73.945683,16.179482],[73.945782,16.179353],[73.945432,16.178772],[73.944865,16.177915],[73.944244,16.176938],[73.942845,16.174734],[73.942729,16.174509],[73.940441,16.17507],[73.940437,16.174676],[73.937963,16.174265],[73.937661,16.174215],[73.937375,16.174201],[73.934931,16.173793],[73.934843,16.173778],[73.934399,16.173702],[73.93435,16.173693],[73.934329,16.17369],[73.933929,16.173088],[73.93352,16.172467],[73.93287,16.171482],[73.932833,16.171426],[73.93278,16.171344],[73.931489,16.169778],[73.931489,16.169777],[73.93149,16.169774],[73.931278,16.169746],[73.927394,16.170928],[73.925702,16.173593],[73.925631,16.173704],[73.923083,16.175008],[73.917127,16.173287],[73.910861,16.171606],[73.909958,16.171364],[73.910022,16.173897],[73.910058,16.175844],[73.910085,16.177178],[73.909421,16.177559],[73.90848,16.17791],[73.902168,16.178901],[73.899356,16.179521],[73.898506,16.179702],[73.897654,16.179884],[73.896504,16.180301],[73.894501,16.180659],[73.891063,16.180935],[73.888897,16.181184],[73.8837,16.182574],[73.884863,16.183132],[73.8865,16.184747],[73.890126,16.186981],[73.896188,16.189743],[73.899987,16.192487],[73.900616,16.192242],[73.903593,16.191051],[73.906656,16.189412],[73.906662,16.189407],[73.908845,16.187828],[73.913082,16.185866],[73.91645,16.184407],[73.920259,16.183052],[73.923905,16.182338],[73.927434,16.181856],[73.927947,16.181591]]]]},"geometry_name":"the_geom","properties":{"ADI_2001":0,"ADI_2011":0,"ADI_2019":0,"ASSET_2001":0,"ASSET_2011":0,"ASSET_2019":0,"BF_2001":0,"BF_2011":0,"BF_2019":0,"FC_2001":0,"FC_2011":0,"FC_2019":0,"F_ILL":80,"F_LIT":136,"F_SC":0,"F_ST":0,"MSW_2001":0,"MSW_2011":0,"MSW_2019":0,"M_ILL":42,"M_LIT":172,"M_SC":0,"M_ST":0,"No_HH":120,"P_ILL":122,"P_LIT":308,"P_SC":0,"P_ST":0,"TOT_F":216,"TOT_M":214,"TOT_P":430,"block_cen":4280,"dist_cen":529,"district":"SINDHUDURG","state":"MAHARASHTRA","state_cen":27,"tehsil":"Kudal","vill_ID":566732,"vill_name":"DURGANAGAR"}},{"type":"Feature","id":"sindhudurg_kudal.48","geometry":{"type":"MultiPolygon","coordinates":[[[[73.909588,16.171236],[73.903495,16.169763],[73.898257,16.168458],[73.8973,16.168492],[73.895777,16.168612],[73.893699,16.168567],[73.888849,16.169014],[73.885694,16.168962],[73.88457,16.168639],[73.883283,16.168444],[73.882702,16.168416],[73.881526,16.168494],[73.880332,16.168705],[73.87927,16.169053],[73.878768,16.169687],[73.878572,16.170201],[73.878378,16.170715],[73.878186,16.171228],[73.877713,16.171599],[73.877686,16.171614],[73.883359,16.174057],[73.889902,16.176888],[73.894643,16.178246],[73.898506,16.179702],[73.899356,16.179521],[73.902168,16.178901],[73.90848,16.17791],[73.909421,16.177559],[73.910085,16.177178],[73.910058,16.175844],[73.910022,16.173897],[73.909958,16.171364],[73.909588,16.171236]]]]},"geometry_name":"the_geom","properties":{"ADI_2001":0,"ADI_2011":0,"ADI_2019":0,"ASSET_2001":0,"ASSET_2011":0,"ASSET_2019":0,"BF_2001":0,"BF_2011":0,"BF_2019":0,"FC_2001":0,"FC_2011":0,"FC_2019":0,"F_ILL":150,"F_LIT":220,"F_SC":20,"F_ST":0,"MSW_2001":0,"MSW_2011":0,"MSW_2019":0,"M_ILL":84,"M_LIT":212,"M_SC":12,"M_ST":0,"No_HH":170,"P_ILL":234,"P_LIT":432,"P_SC":32,"P_ST":0,"TOT_F":370,"TOT_M":296,"TOT_P":666,"block_cen":4280,"dist_cen":529,"district":"SINDHUDURG","state":"MAHARASHTRA","state_cen":27,"tehsil":"Kudal","vill_ID":566733,"vill_name":"SONAVADE TARF KALSULI"}},{"type":"Feature","id":"sindhudurg_kudal.49","geometry":{"type":"MultiPolygon","coordinates":[[[[73.894643,16.178246],[73.889902,16.176888],[73.883359,16.174057],[73.877686,16.171614],[73.876633,16.172205],[73.874768,16.172631],[73.874684,16.17265],[73.872716,16.173355],[73.87119,16.174078],[73.870694,16.174835],[73.87064,16.175606],[73.870862,16.176643],[73.871542,16.177436],[73.873513,16.17866],[73.878066,16.180505],[73.882474,16.181989],[73.8837,16.182574],[73.888897,16.181184],[73.891063,16.180935],[73.894501,16.180659],[73.896504,16.180301],[73.897654,16.179884],[73.898506,16.179702],[73.894643,16.178246]]]]},"geometry_name":"the_geom","properties":{"ADI_2001":0,"ADI_2011":0,"ADI_2019":0,"ASSET_2001":0,"ASSET_2011":0,"ASSET_2019":0,"BF_2001":0,"BF_2011":0,"BF_2019":0,"FC_2001":0,"FC_2011":0,"FC_2019":0,"F_ILL":142,"F_LIT":274,"F_SC":37,"F_ST":0,"MSW_2001":0,"MSW_2011":0,"MSW_2019":0,"M_ILL":65,"M_LIT":293,"M_SC":41,"M_ST":0,"No_HH":170,"P_ILL":207,"P_LIT":567,"P_SC":78,"P_ST":0,"TOT_F":416,"TOT_M":358,"TOT_P":774,"block_cen":4280,"dist_cen":529,"district":"SINDHUDURG","state":"MAHARASHTRA","state_cen":27,"tehsil":"Kudal","vill_ID":566734,"vill_name":"GHADIGAON"}},{"type":"Feature","id":"sindhudurg_kudal.50","geometry":{"type":"MultiPolygon","coordinates":[[[[73.915035,16.171974],[73.914816,16.171898],[73.914653,16.171841],[73.914787,16.17177],[73.91519,16.171554],[73.917755,16.170023],[73.917966,16.169897],[73.917808,16.16967],[73.917449,16.169155],[73.917318,16.168967],[73.917274,16.168903],[73.917204,16.168804],[73.916889,16.16836],[73.91762,16.167448],[73.916765,16.16656],[73.916253,16.166028],[73.916238,16.166012],[73.916127,16.165895],[73.91584,16.165595],[73.915756,16.165507],[73.914761,16.164467],[73.914041,16.163713],[73.914009,16.163571],[73.912494,16.161581],[73.912345,16.161295],[73.910147,16.160761],[73.910117,16.16075],[73.90998,16.160702],[73.909547,16.160547],[73.909395,16.160493],[73.909077,16.160258],[73.90848,16.159817],[73.908335,16.159729],[73.908502,16.159656],[73.908749,16.159548],[73.909126,16.159385],[73.90996,16.159022],[73.911233,16.158469],[73.911234,16.158469],[73.911235,16.158468],[73.914456,16.157018],[73.914891,16.156837],[73.915221,16.156699],[73.915537,16.156592],[73.915866,16.156481],[73.916959,16.155362],[73.918386,16.154069],[73.91878,16.153634],[73.918016,16.151899],[73.917939,16.151725],[73.917908,16.151654],[73.91762,16.150999],[73.916864,16.150699],[73.914491,16.149758],[73.914169,16.14963],[73.913943,16.149541],[73.914705,16.148272],[73.915035,16.147801],[73.915304,16.147418],[73.91584,16.146603],[73.916697,16.1453],[73.915714,16.143297],[73.914334,16.140078],[73.9136,16.140822],[73.913503,16.140921],[73.913187,16.14088],[73.913045,16.140861],[73.912798,16.140152],[73.91252,16.139352],[73.911622,16.139754],[73.911223,16.139932],[73.91109,16.139487],[73.910921,16.139401],[73.910475,16.139095],[73.909948,16.138708],[73.909575,16.138334],[73.909282,16.138088],[73.908637,16.137675],[73.908209,16.137727],[73.907841,16.137814],[73.907489,16.137544],[73.907154,16.137033],[73.906915,16.13643],[73.906843,16.136356],[73.906731,16.136361],[73.906583,16.136368],[73.900655,16.139157],[73.89271,16.140819],[73.890518,16.142032],[73.88763,16.146006],[73.883663,16.145446],[73.883609,16.145463],[73.883072,16.145617],[73.882503,16.145609],[73.882185,16.145512],[73.881726,16.145173],[73.87788,16.14463],[73.876538,16.144187],[73.876417,16.144266],[73.875978,16.144259],[73.875378,16.143974],[73.875206,16.143747],[73.874581,16.143541],[73.874316,16.143624],[73.873765,16.143974],[73.873289,16.14424],[73.872347,16.145543],[73.87124,16.147077],[73.870281,16.154112],[73.870817,16.156563],[73.872992,16.160495],[73.873734,16.161978],[73.874548,16.165571],[73.874915,16.169511],[73.874768,16.172631],[73.876633,16.172205],[73.877686,16.171614],[73.877713,16.171599],[73.878186,16.171228],[73.878378,16.170715],[73.878572,16.170201],[73.878768,16.169687],[73.87927,16.169053],[73.880332,16.168705],[73.881526,16.168494],[73.882702,16.168416],[73.883283,16.168444],[73.88457,16.168639],[73.885694,16.168962],[73.888849,16.169014],[73.893699,16.168567],[73.895777,16.168612],[73.8973,16.168492],[73.898257,16.168458],[73.903495,16.169763],[73.909588,16.171236],[73.909958,16.171364],[73.910861,16.171606],[73.917127,16.173287],[73.917444,16.172812],[73.915035,16.171974]]]]},"geometry_name":"the_geom","properties":{"ADI_2001":0,"ADI_2011":0,"ADI_2019":0,"ASSET_2001":0,"ASSET_2011":0,"ASSET_2019":0,"BF_2001":0,"BF_2011":0,"BF_2019":0,"FC_2001":0,"FC_2011":0,"FC_2019":0,"F_ILL":280,"F_LIT":527,"F_SC":27,"F_ST":0,"MSW_2001":0,"MSW_2011":0,"MSW_2019":0,"M_ILL":150,"M_LIT":593,"M_SC":16,"M_ST":1,"No_HH":406,"P_ILL":430,"P_LIT":1120,"P_SC":43,"P_ST":1,"TOT_F":807,"TOT_M":743,"TOT_P":1550,"block_cen":4280,"dist_cen":529,"district":"SINDHUDURG","state":"MAHARASHTRA","state_cen":27,"tehsil":"Kudal","vill_ID":566735,"vill_name":"GHOTAGE"}},{"type":"Feature","id":"sindhudurg_kudal.51","geometry":{"type":"MultiPolygon","coordinates":[[[[73.867585,16.14687],[73.867156,16.146991],[73.866615,16.14666],[73.866082,16.145903],[73.866069,16.145849],[73.866069,16.145849],[73.865894,16.145093],[73.865719,16.144192],[73.865699,16.143246],[73.86575,16.142278],[73.866062,16.141326],[73.866192,16.140671],[73.866205,16.140415],[73.861392,16.143098],[73.856906,16.145598],[73.849174,16.151485],[73.848898,16.15209],[73.846961,16.15634],[73.845651,16.162874],[73.845518,16.16505],[73.845605,16.166089],[73.846291,16.16703],[73.847264,16.167951],[73.849417,16.168769],[73.850859,16.169186],[73.851876,16.169336],[73.85287,16.16987],[73.853572,16.170398],[73.854844,16.171193],[73.856433,16.171609],[73.860344,16.172594],[73.864415,16.173465],[73.865844,16.174147],[73.866407,16.174548],[73.867545,16.175917],[73.868095,16.175814],[73.87064,16.175606],[73.870694,16.174835],[73.87119,16.174078],[73.872716,16.173355],[73.874684,16.17265],[73.874768,16.172631],[73.874915,16.169511],[73.874548,16.165571],[73.873734,16.161978],[73.872992,16.160495],[73.870817,16.156563],[73.870281,16.154112],[73.87124,16.147077],[73.868385,16.147375],[73.868115,16.146675],[73.867585,16.14687]]]]},"geometry_name":"the_geom","properties":{"ADI_2001":0,"ADI_2011":0,"ADI_2019":0,"ASSET_2001":0,"ASSET_2011":0,"ASSET_2019":0,"BF_2001":0,"BF_2011":0,"BF_2019":0,"FC_2001":0,"FC_2011":0,"FC_2019":0,"F_ILL":161,"F_LIT":350,"F_SC":24,"F_ST":0,"MSW_2001":0,"MSW_2011":0,"MSW_2019":0,"M_ILL":86,"M_LIT":446,"M_SC":25,"M_ST":0,"No_HH":250,"P_ILL":247,"P_LIT":796,"P_SC":49,"P_ST":0,"TOT_F":511,"TOT_M":532,"TOT_P":1043,"block_cen":4280,"dist_cen":529,"district":"SINDHUDURG","state":"MAHARASHTRA","state_cen":27,"tehsil":"Kudal","vill_ID":566736,"vill_name":"BHARANI"}},{"type":"Feature","id":"sindhudurg_kudal.52","geometry":{"type":"MultiPolygon","coordinates":[[[[73.848226,16.150979],[73.847311,16.151795],[73.846434,16.152416],[73.845846,16.152834],[73.845296,16.153091],[73.844868,16.153096],[73.845078,16.152627],[73.845973,16.151614],[73.84603,16.151517],[73.844696,16.15215],[73.840645,16.152595],[73.835523,16.153801],[73.831646,16.155303],[73.829786,16.156156],[73.828561,16.156419],[73.827644,16.156585],[73.826287,16.156434],[73.824781,16.156272],[73.82282,16.156206],[73.820845,16.156557],[73.818866,16.157053],[73.818099,16.157392],[73.816727,16.157814],[73.815955,16.158291],[73.815495,16.158523],[73.815414,16.158682],[73.814183,16.161106],[73.814558,16.161492],[73.815948,16.162553],[73.817178,16.164307],[73.818716,16.167962],[73.818851,16.169533],[73.821612,16.170463],[73.82681,16.173977],[73.834107,16.179873],[73.837803,16.184097],[73.839304,16.187612],[73.839508,16.188641],[73.839545,16.190332],[73.839336,16.191781],[73.838827,16.193999],[73.837883,16.19709],[73.836,16.203161],[73.834176,16.208308],[73.834561,16.20807],[73.840844,16.202274],[73.843031,16.200153],[73.84473,16.198783],[73.847201,16.196794],[73.849641,16.19532],[73.851624,16.194093],[73.853457,16.192862],[73.854834,16.191875],[73.855917,16.19088],[73.856266,16.189865],[73.856168,16.188966],[73.855805,16.187548],[73.856001,16.186657],[73.856394,16.184874],[73.856906,16.183606],[73.85801,16.182224],[73.86077,16.18011],[73.865073,16.177014],[73.866306,16.176149],[73.867545,16.175917],[73.866407,16.174548],[73.865844,16.174147],[73.864415,16.173465],[73.860344,16.172594],[73.856433,16.171609],[73.854844,16.171193],[73.853572,16.170398],[73.85287,16.16987],[73.851876,16.169336],[73.850859,16.169186],[73.849417,16.168769],[73.847264,16.167951],[73.846291,16.16703],[73.845605,16.166089],[73.845518,16.16505],[73.845651,16.162874],[73.846961,16.15634],[73.849174,16.151485],[73.84691,16.153208],[73.848687,16.150588],[73.848226,16.150979]]]]},"geometry_name":"the_geom","properties":{"ADI_2001":0,"ADI_2011":0,"ADI_2019":0,"ASSET_2001":0,"ASSET_2011":0,"ASSET_2019":0,"BF_2001":0,"BF_2011":0,"BF_2019":0,"FC_2001":0,"FC_2011":0,"FC_2019":0,"F_ILL":214,"F_LIT":429,"F_SC":75,"F_ST":0,"MSW_2001":0,"MSW_2011":0,"MSW_2019":0,"M_ILL":99,"M_LIT":500,"M_SC":62,"M_ST":1,"No_HH":357,"P_ILL":313,"P_LIT":929,"P_SC":137,"P_ST":1,"TOT_F":643,"TOT_M":599,"TOT_P":1242,"block_cen":4280,"dist_cen":529,"district":"SINDHUDURG","state":"MAHARASHTRA","state_cen":27,"tehsil":"Kudal","vill_ID":566737,"vill_name":"BHUTVAD"}},{"type":"Feature","id":"sindhudurg_kudal.53","geometry":{"type":"MultiPolygon","coordinates":[[[[73.784133,16.180025],[73.785716,16.179929],[73.786183,16.179876],[73.786461,16.180068],[73.786588,16.180156],[73.787582,16.18016],[73.788153,16.180199],[73.788848,16.180037],[73.789166,16.179963],[73.789401,16.179756],[73.790025,16.179731],[73.790177,16.179753],[73.791407,16.179133],[73.791394,16.179179],[73.79138,16.179344],[73.792544,16.179718],[73.793314,16.179908],[73.793548,16.179966],[73.794308,16.180339],[73.794368,16.180481],[73.794696,16.181246],[73.794892,16.181697],[73.795094,16.181894],[73.795639,16.182037],[73.796368,16.182534],[73.796762,16.182857],[73.796831,16.182913],[73.79708,16.183023],[73.797839,16.183002],[73.798367,16.183301],[73.799189,16.183782],[73.799445,16.183847],[73.800331,16.183946],[73.800421,16.184034],[73.800796,16.184398],[73.801665,16.184788],[73.80205,16.184685],[73.802112,16.184668],[73.803376,16.18483],[73.804364,16.184944],[73.80448,16.184854],[73.805473,16.184902],[73.805661,16.184994],[73.806415,16.18518],[73.807073,16.185343],[73.807784,16.183404],[73.80819,16.182389],[73.80923,16.179792],[73.811455,16.176235],[73.813237,16.174043],[73.816201,16.171719],[73.818071,16.170712],[73.818607,16.170409],[73.818888,16.169966],[73.818851,16.169533],[73.818716,16.167962],[73.817178,16.164307],[73.815948,16.162553],[73.814558,16.161492],[73.814183,16.161106],[73.812333,16.160556],[73.801898,16.157632],[73.799957,16.157376],[73.799045,16.15743],[73.79825,16.157848],[73.79771,16.158401],[73.797037,16.159063],[73.795946,16.160522],[73.792471,16.163349],[73.790848,16.165239],[73.788975,16.166876],[73.786802,16.169664],[73.785689,16.171814],[73.784993,16.173171],[73.784413,16.174884],[73.784117,16.180021],[73.784133,16.180025]]]]},"geometry_name":"the_geom","properties":{"ADI_2001":0,"ADI_2011":0,"ADI_2019":0,"ASSET_2001":0,"ASSET_2011":0,"ASSET_2019":0,"BF_2001":0,"BF_2011":0,"BF_2019":0,"FC_2001":0,"FC_2011":0,"FC_2019":0,"F_ILL":111,"F_LIT":134,"F_SC":24,"F_ST":0,"MSW_2001":0,"MSW_2011":0,"MSW_2019":0,"M_ILL":44,"M_LIT":176,"M_SC":24,"M_ST":0,"No_HH":136,"P_ILL":155,"P_LIT":310,"P_SC":48,"P_ST":0,"TOT_F":245,"TOT_M":220,"TOT_P":465,"block_cen":4280,"dist_cen":529,"district":"SINDHUDURG","state":"MAHARASHTRA","state_cen":27,"tehsil":"Kudal","vill_ID":566738,"vill_name":"BHADGAON KH."}},{"type":"Feature","id":"sindhudurg_kudal.54","geometry":{"type":"MultiPolygon","coordinates":[[[[73.771194,16.18468],[73.771395,16.184333],[73.772447,16.183808],[73.772455,16.183803],[73.772486,16.183819],[73.773092,16.183632],[73.775118,16.18242],[73.777477,16.181953],[73.779389,16.181613],[73.779558,16.181054],[73.779903,16.180776],[73.779905,16.180517],[73.780064,16.180254],[73.780069,16.180247],[73.780107,16.180195],[73.780134,16.180288],[73.780476,16.180206],[73.780865,16.180347],[73.78106,16.180368],[73.781367,16.180176],[73.783119,16.180152],[73.783247,16.180112],[73.783985,16.179985],[73.784117,16.180021],[73.784413,16.174884],[73.784993,16.173171],[73.785689,16.171814],[73.786802,16.169664],[73.788975,16.166876],[73.790848,16.165239],[73.792471,16.163349],[73.795946,16.160522],[73.797037,16.159063],[73.79771,16.158401],[73.79825,16.157848],[73.799045,16.15743],[73.796184,16.15645],[73.793758,16.155209],[73.792609,16.154144],[73.790359,16.150484],[73.787418,16.146598],[73.786286,16.144734],[73.785848,16.142734],[73.785636,16.139576],[73.785457,16.138846],[73.785195,16.138587],[73.785168,16.13856],[73.784575,16.138528],[73.782999,16.138264],[73.781292,16.138421],[73.780245,16.138365],[73.776966,16.137782],[73.775771,16.137719],[73.774719,16.137936],[73.773507,16.138553],[73.772601,16.138913],[73.772438,16.139448],[73.772866,16.140286],[73.773598,16.140869],[73.774029,16.141571],[73.774153,16.142528],[73.773976,16.143604],[73.7732,16.144647],[73.771832,16.145522],[73.770467,16.146261],[73.76725,16.149198],[73.763338,16.153573],[73.763292,16.155131],[73.762704,16.161656],[73.762322,16.169465],[73.762834,16.173458],[73.76413,16.177143],[73.76711,16.180576],[73.769596,16.183282],[73.770744,16.18533],[73.770878,16.185254],[73.771194,16.18468]]]]},"geometry_name":"the_geom","properties":{"ADI_2001":0,"ADI_2011":0,"ADI_2019":0,"ASSET_2001":0,"ASSET_2011":0,"ASSET_2019":0,"BF_2001":0,"BF_2011":0,"BF_2019":0,"FC_2001":0,"FC_2011":0,"FC_2019":0,"F_ILL":143,"F_LIT":297,"F_SC":13,"F_ST":1,"MSW_2001":0,"MSW_2011":0,"MSW_2019":0,"M_ILL":83,"M_LIT":343,"M_SC":14,"M_ST":4,"No_HH":217,"P_ILL":226,"P_LIT":640,"P_SC":27,"P_ST":5,"TOT_F":440,"TOT_M":426,"TOT_P":866,"block_cen":4280,"dist_cen":529,"district":"SINDHUDURG","state":"MAHARASHTRA","state_cen":27,"tehsil":"Kudal","vill_ID":566739,"vill_name":"BHADGAON BK."}},{"type":"Feature","id":"sindhudurg_kudal.55","geometry":{"type":"MultiPolygon","coordinates":[[[[73.785457,16.138846],[73.785636,16.139576],[73.785848,16.142734],[73.786286,16.144734],[73.787418,16.146598],[73.790359,16.150484],[73.792609,16.154144],[73.793758,16.155209],[73.796184,16.15645],[73.799045,16.15743],[73.799957,16.157376],[73.801898,16.157632],[73.812333,16.160556],[73.814183,16.161106],[73.815414,16.158682],[73.813972,16.154673],[73.812985,16.152948],[73.811852,16.151072],[73.810687,16.150016],[73.8082,16.148034],[73.806902,16.14642],[73.806498,16.145009],[73.806403,16.143342],[73.806442,16.142097],[73.806773,16.141148],[73.807416,16.139803],[73.80822,16.138045],[73.809031,16.136001],[73.810271,16.134685],[73.810877,16.134449],[73.811489,16.134211],[73.813921,16.133406],[73.818948,16.131393],[73.820189,16.12992],[73.821278,16.128423],[73.822226,16.126174],[73.822574,16.123412],[73.82201,16.120713],[73.820378,16.117895],[73.81963,16.116604],[73.818884,16.115167],[73.818886,16.114308],[73.815268,16.114163],[73.814131,16.114192],[73.812867,16.114094],[73.811606,16.113755],[73.810596,16.113601],[73.809775,16.113572],[73.809206,16.11361],[73.808635,16.113826],[73.807429,16.114371],[73.805336,16.114935],[73.804008,16.114996],[73.803187,16.11496],[73.802495,16.114753],[73.801801,16.114605],[73.801043,16.11463],[73.800091,16.114941],[73.799266,16.115256],[73.798439,16.11563],[73.797679,16.11583],[73.79654,16.115953],[73.795905,16.116159],[73.795522,16.116492],[73.79539,16.116838],[73.795316,16.117538],[73.795093,16.119354],[73.794904,16.120977],[73.794544,16.123183],[73.794344,16.125244],[73.793962,16.128176],[73.793265,16.130642],[73.792244,16.133085],[73.78972,16.136799],[73.789114,16.136876],[73.788313,16.136833],[73.787664,16.13709],[73.785195,16.138587],[73.785457,16.138846]]]]},"geometry_name":"the_geom","properties":{"ADI_2001":0,"ADI_2011":0,"ADI_2019":0,"ASSET_2001":0,"ASSET_2011":0,"ASSET_2019":0,"BF_2001":0,"BF_2011":0,"BF_2019":0,"FC_2001":0,"FC_2011":0,"FC_2019":0,"F_ILL":147,"F_LIT":318,"F_SC":46,"F_ST":3,"MSW_2001":0,"MSW_2011":0,"MSW_2019":0,"M_ILL":52,"M_LIT":339,"M_SC":30,"M_ST":1,"No_HH":230,"P_ILL":199,"P_LIT":657,"P_SC":76,"P_ST":4,"TOT_F":465,"TOT_M":391,"TOT_P":856,"block_cen":4280,"dist_cen":529,"district":"SINDHUDURG","state":"MAHARASHTRA","state_cen":27,"tehsil":"Kudal","vill_ID":566740,"vill_name":"NIRUKHE"}},{"type":"Feature","id":"sindhudurg_kudal.56","geometry":{"type":"MultiPolygon","coordinates":[[[[73.741706,16.120053],[73.741238,16.120993],[73.740284,16.123828],[73.738109,16.127556],[73.734897,16.130539],[73.733034,16.133444],[73.731774,16.136102],[73.731408,16.138935],[73.731216,16.140688],[73.731462,16.14287],[73.732459,16.144953],[73.735887,16.149016],[73.736173,16.148657],[73.737221,16.148128],[73.739842,16.146748],[73.741797,16.146149],[73.74348,16.14612],[73.745027,16.146318],[73.746577,16.146399],[73.74762,16.146103],[73.749838,16.145401],[73.751265,16.145241],[73.752813,16.14544],[73.754747,16.145776],[73.758333,16.147255],[73.761247,16.149637],[73.76275,16.151474],[73.76336,16.152795],[73.76334,16.153477],[73.763338,16.153573],[73.76725,16.149198],[73.770467,16.146261],[73.771832,16.145522],[73.7732,16.144647],[73.773976,16.143604],[73.774153,16.142528],[73.774029,16.141571],[73.773598,16.140869],[73.772866,16.140286],[73.772438,16.139448],[73.772601,16.138913],[73.771097,16.137289],[73.770522,16.136163],[73.769806,16.134618],[73.768491,16.132903],[73.766721,16.131303],[73.765107,16.129436],[73.764373,16.128574],[73.763931,16.12814],[73.763353,16.127011],[73.762182,16.125439],[73.758641,16.121961],[73.755972,16.12004],[73.754182,16.119266],[73.752541,16.118637],[73.750592,16.118407],[73.748792,16.118322],[73.746387,16.118485],[73.743682,16.118633],[73.742778,16.118866],[73.742323,16.11912],[73.741706,16.120053]]]]},"geometry_name":"the_geom","properties":{"ADI_2001":0,"ADI_2011":0,"ADI_2019":0,"ASSET_2001":0,"ASSET_2011":0,"ASSET_2019":0,"BF_2001":0,"BF_2011":0,"BF_2019":0,"FC_2001":0,"FC_2011":0,"FC_2019":0,"F_ILL":222,"F_LIT":445,"F_SC":46,"F_ST":0,"MSW_2001":0,"MSW_2011":0,"MSW_2019":0,"M_ILL":110,"M_LIT":539,"M_SC":51,"M_ST":0,"No_HH":339,"P_ILL":332,"P_LIT":984,"P_SC":97,"P_ST":0,"TOT_F":667,"TOT_M":649,"TOT_P":1316,"block_cen":4280,"dist_cen":529,"district":"SINDHUDURG","state":"MAHARASHTRA","state_cen":27,"tehsil":"Kudal","vill_ID":566741,"vill_name":"WARDE"}},{"type":"Feature","id":"sindhudurg_kudal.57","geometry":{"type":"MultiPolygon","coordinates":[[[[73.794017,16.115284],[73.790764,16.110219],[73.786894,16.105828],[73.785396,16.10492],[73.785027,16.104861],[73.784193,16.104728],[73.782837,16.104811],[73.781932,16.104912],[73.780419,16.10555],[73.777847,16.106562],[73.775724,16.107731],[73.773593,16.109457],[73.772518,16.110946],[73.771435,16.112848],[73.770507,16.114337],[73.769438,16.11526],[73.76747,16.115862],[73.76596,16.116068],[73.761745,16.116147],[73.761436,16.116133],[73.75964,16.116048],[73.757983,16.116248],[73.757229,16.116351],[73.756618,16.116875],[73.754182,16.119266],[73.755972,16.12004],[73.758641,16.121961],[73.762182,16.125439],[73.763353,16.127011],[73.763931,16.12814],[73.764373,16.128574],[73.765107,16.129436],[73.766721,16.131303],[73.768491,16.132903],[73.769806,16.134618],[73.770522,16.136163],[73.771097,16.137289],[73.772601,16.138913],[73.773507,16.138553],[73.774719,16.137936],[73.775771,16.137719],[73.776966,16.137782],[73.780245,16.138365],[73.781292,16.138421],[73.782999,16.138264],[73.784575,16.138528],[73.785168,16.13856],[73.785195,16.138587],[73.787664,16.13709],[73.788313,16.136833],[73.789114,16.136876],[73.78972,16.136799],[73.792244,16.133085],[73.793265,16.130642],[73.793962,16.128176],[73.794344,16.125244],[73.794544,16.123183],[73.794904,16.120977],[73.795093,16.119354],[73.795316,16.117538],[73.79539,16.116838],[73.794017,16.115284]]]]},"geometry_name":"the_geom","properties":{"ADI_2001":0,"ADI_2011":0,"ADI_2019":0,"ASSET_2001":0,"ASSET_2011":0,"ASSET_2019":0,"BF_2001":0,"BF_2011":0,"BF_2019":0,"FC_2001":0,"FC_2011":0,"FC_2019":0,"F_ILL":198,"F_LIT":543,"F_SC":12,"F_ST":55,"MSW_2001":0,"MSW_2011":0,"MSW_2019":0,"M_ILL":117,"M_LIT":547,"M_SC":11,"M_ST":49,"No_HH":378,"P_ILL":315,"P_LIT":1090,"P_SC":23,"P_ST":104,"TOT_F":741,"TOT_M":664,"TOT_P":1405,"block_cen":4280,"dist_cen":529,"district":"SINDHUDURG","state":"MAHARASHTRA","state_cen":27,"tehsil":"Kudal","vill_ID":566742,"vill_name":"KADAWAL"}},{"type":"Feature","id":"sindhudurg_kudal.58","geometry":{"type":"MultiPolygon","coordinates":[[[[73.846261,16.15113],[73.846388,16.150917],[73.847339,16.15009],[73.84803,16.149189],[73.848553,16.148425],[73.849114,16.147522],[73.84966,16.146758],[73.8502,16.145659],[73.850519,16.144327],[73.850773,16.143305],[73.850524,16.142598],[73.850239,16.141879],[73.850063,16.141035],[73.851032,16.140553],[73.851422,16.140413],[73.851628,16.140163],[73.85168,16.140099],[73.851892,16.139839],[73.852677,16.13887],[73.853054,16.138347],[73.853325,16.137966],[73.853342,16.137942],[73.853366,16.137712],[73.853461,16.136825],[73.853505,16.136418],[73.853513,16.136311],[73.853595,16.135239],[73.853631,16.134716],[73.853609,16.134695],[73.853563,16.134652],[73.853383,16.134572],[73.853072,16.134434],[73.851654,16.133724],[73.85131,16.133568],[73.850932,16.133397],[73.850355,16.133149],[73.84949,16.132777],[73.848218,16.132283],[73.846818,16.13167],[73.846881,16.131603],[73.846961,16.131519],[73.847106,16.131366],[73.847222,16.131245],[73.848188,16.130229],[73.84876,16.129588],[73.849777,16.128449],[73.849882,16.128332],[73.848489,16.126225],[73.847631,16.125375],[73.847523,16.125268],[73.847435,16.125181],[73.847343,16.125089],[73.847187,16.124933],[73.8465,16.124243],[73.846389,16.124144],[73.846323,16.124086],[73.846227,16.124001],[73.846118,16.123904],[73.846294,16.123768],[73.846511,16.1236],[73.846975,16.123243],[73.84719,16.123077],[73.84742,16.1229],[73.848226,16.122274],[73.848992,16.121707],[73.84906,16.121656],[73.848923,16.121419],[73.84888,16.121345],[73.84848,16.120657],[73.848116,16.120026],[73.847857,16.119578],[73.848151,16.119338],[73.84841,16.119127],[73.848606,16.118968],[73.849288,16.118418],[73.849015,16.118026],[73.847798,16.11629],[73.847562,16.11595],[73.847405,16.11571],[73.847385,16.11568],[73.847381,16.115673],[73.847277,16.115584],[73.846837,16.115205],[73.845974,16.114389],[73.845907,16.114075],[73.845864,16.113873],[73.845546,16.112244],[73.845314,16.11137],[73.845163,16.110801],[73.844919,16.110123],[73.844948,16.110106],[73.845094,16.110022],[73.845408,16.109673],[73.845658,16.109395],[73.845543,16.109078],[73.845391,16.108597],[73.845358,16.108492],[73.845341,16.108436],[73.845247,16.10814],[73.845148,16.108035],[73.845015,16.107789],[73.844827,16.107442],[73.8427,16.105983],[73.842499,16.105961],[73.840559,16.105699],[73.840542,16.105614],[73.838874,16.103447],[73.83841,16.102633],[73.837567,16.101152],[73.837561,16.101141],[73.837503,16.101058],[73.837247,16.100693],[73.837171,16.100584],[73.836835,16.10043],[73.835419,16.099778],[73.834649,16.09943],[73.834628,16.099371],[73.834611,16.099327],[73.834548,16.098857],[73.834474,16.098301],[73.827082,16.104304],[73.821866,16.108637],[73.821505,16.109067],[73.820381,16.110405],[73.819488,16.112152],[73.818889,16.11316],[73.818886,16.114308],[73.818884,16.115167],[73.81963,16.116604],[73.820378,16.117895],[73.82201,16.120713],[73.822574,16.123412],[73.822226,16.126174],[73.821278,16.128423],[73.820189,16.12992],[73.818948,16.131393],[73.813921,16.133406],[73.811489,16.134211],[73.810877,16.134449],[73.810271,16.134685],[73.809031,16.136001],[73.80822,16.138045],[73.807416,16.139803],[73.806773,16.141148],[73.806442,16.142097],[73.806403,16.143342],[73.806498,16.145009],[73.806902,16.14642],[73.8082,16.148034],[73.810687,16.150016],[73.811852,16.151072],[73.812985,16.152948],[73.813972,16.154673],[73.815414,16.158682],[73.815495,16.158523],[73.815955,16.158291],[73.816727,16.157814],[73.818099,16.157392],[73.818866,16.157053],[73.820845,16.156557],[73.82282,16.156206],[73.824781,16.156272],[73.826287,16.156434],[73.827644,16.156585],[73.828561,16.156419],[73.829786,16.156156],[73.831646,16.155303],[73.835523,16.153801],[73.840645,16.152595],[73.844696,16.15215],[73.84603,16.151517],[73.846261,16.15113]]]]},"geometry_name":"the_geom","properties":{"ADI_2001":0,"ADI_2011":0,"ADI_2019":0,"ASSET_2001":0,"ASSET_2011":0,"ASSET_2019":0,"BF_2001":0,"BF_2011":0,"BF_2019":0,"FC_2001":0,"FC_2011":0,"FC_2019":0,"F_ILL":152,"F_LIT":390,"F_SC":59,"F_ST":0,"MSW_2001":0,"MSW_2011":0,"MSW_2019":0,"M_ILL":84,"M_LIT":429,"M_SC":55,"M_ST":0,"No_HH":287,"P_ILL":236,"P_LIT":819,"P_SC":114,"P_ST":0,"TOT_F":542,"TOT_M":513,"TOT_P":1055,"block_cen":4280,"dist_cen":529,"district":"SINDHUDURG","state":"MAHARASHTRA","state_cen":27,"tehsil":"Kudal","vill_ID":566743,"vill_name":"PANGRAD"}},{"type":"Feature","id":"sindhudurg_kudal.59","geometry":{"type":"MultiPolygon","coordinates":[[[[73.785396,16.10492],[73.786894,16.105828],[73.790764,16.110219],[73.794017,16.115284],[73.79539,16.116838],[73.795522,16.116492],[73.795905,16.116159],[73.79654,16.115953],[73.797679,16.11583],[73.798439,16.11563],[73.799266,16.115256],[73.800091,16.114941],[73.801043,16.11463],[73.801801,16.114605],[73.802495,16.114753],[73.803187,16.11496],[73.804008,16.114996],[73.805336,16.114935],[73.807429,16.114371],[73.808635,16.113826],[73.809206,16.11361],[73.809775,16.113572],[73.810596,16.113601],[73.811606,16.113755],[73.812867,16.114094],[73.814131,16.114192],[73.815268,16.114163],[73.818886,16.114308],[73.818889,16.11316],[73.819488,16.112152],[73.820381,16.110405],[73.821505,16.109067],[73.818422,16.106022],[73.816151,16.10309],[73.815582,16.10199],[73.814057,16.097055],[73.813107,16.094688],[73.811782,16.092865],[73.810272,16.091945],[73.808198,16.090835],[73.806503,16.090449],[73.803679,16.090222],[73.801609,16.089824],[73.801231,16.089457],[73.800477,16.088722],[73.800286,16.08782],[73.800274,16.08585],[73.799604,16.081602],[73.798108,16.076685],[73.796494,16.073692],[73.794963,16.072768],[73.794625,16.073622],[73.794472,16.074484],[73.794885,16.075538],[73.795518,16.07747],[73.79595,16.079052],[73.796025,16.08133],[73.794603,16.084473],[73.791809,16.089044],[73.78973,16.091481],[73.786699,16.09387],[73.785939,16.094731],[73.785769,16.095581],[73.78555,16.096672],[73.785027,16.104861],[73.785396,16.10492]]]]},"geometry_name":"the_geom","properties":{"ADI_2001":0,"ADI_2011":0,"ADI_2019":0,"ASSET_2001":0,"ASSET_2011":0,"ASSET_2019":0,"BF_2001":0,"BF_2011":0,"BF_2019":0,"FC_2001":0,"FC_2011":0,"FC_2019":0,"F_ILL":72,"F_LIT":138,"F_SC":3,"F_ST":0,"MSW_2001":0,"MSW_2011":0,"MSW_2019":0,"M_ILL":35,"M_LIT":165,"M_SC":4,"M_ST":2,"No_HH":109,"P_ILL":107,"P_LIT":303,"P_SC":7,"P_ST":2,"TOT_F":210,"TOT_M":200,"TOT_P":410,"block_cen":4280,"dist_cen":529,"district":"SINDHUDURG","state":"MAHARASHTRA","state_cen":27,"tehsil":"Kudal","vill_ID":566744,"vill_name":"KUSAGAON"}},{"type":"Feature","id":"sindhudurg_kudal.60","geometry":{"type":"MultiPolygon","coordinates":[[[[73.741105,16.098963],[73.741386,16.100504],[73.742119,16.101925],[73.745226,16.105253],[73.747453,16.107016],[73.751756,16.110536],[73.756379,16.112825],[73.761436,16.116133],[73.761745,16.116147],[73.76596,16.116068],[73.76747,16.115862],[73.769438,16.11526],[73.770507,16.114337],[73.771435,16.112848],[73.772518,16.110946],[73.773593,16.109457],[73.775724,16.107731],[73.777847,16.106562],[73.780419,16.10555],[73.781932,16.104912],[73.782837,16.104811],[73.784193,16.104728],[73.783014,16.103558],[73.782115,16.103098],[73.778066,16.101522],[73.772381,16.098056],[73.770144,16.095999],[73.769247,16.095402],[73.767296,16.095042],[73.765495,16.09483],[73.763844,16.094623],[73.762348,16.093861],[73.761152,16.093253],[73.758454,16.092584],[73.756995,16.092525],[73.754252,16.092416],[73.750946,16.092843],[73.746575,16.094762],[73.74115,16.096907],[73.740006,16.097292],[73.741105,16.098963]]]]},"geometry_name":"the_geom","properties":{"ADI_2001":0,"ADI_2011":0,"ADI_2019":0,"ASSET_2001":0,"ASSET_2011":0,"ASSET_2019":0,"BF_2001":0,"BF_2011":0,"BF_2019":0,"FC_2001":0,"FC_2011":0,"FC_2019":0,"F_ILL":117,"F_LIT":287,"F_SC":58,"F_ST":0,"MSW_2001":0,"MSW_2011":0,"MSW_2019":0,"M_ILL":61,"M_LIT":317,"M_SC":55,"M_ST":0,"No_HH":213,"P_ILL":178,"P_LIT":604,"P_SC":113,"P_ST":0,"TOT_F":404,"TOT_M":378,"TOT_P":782,"block_cen":4280,"dist_cen":529,"district":"SINDHUDURG","state":"MAHARASHTRA","state_cen":27,"tehsil":"Kudal","vill_ID":566745,"vill_name":"AVALEGAON"}},{"type":"Feature","id":"sindhudurg_kudal.61","geometry":{"type":"MultiPolygon","coordinates":[[[[73.728978,16.108711],[73.730911,16.109762],[73.731949,16.110498],[73.732689,16.111083],[73.733278,16.111799],[73.733567,16.112501],[73.733856,16.113203],[73.734741,16.11407],[73.735184,16.114503],[73.736078,16.11482],[73.737127,16.114868],[73.737579,16.114751],[73.738631,16.114661],[73.739978,16.114861],[73.740723,16.115171],[73.741018,16.11546],[73.741306,16.116162],[73.741594,16.116864],[73.742323,16.11912],[73.742778,16.118866],[73.743682,16.118633],[73.746387,16.118485],[73.748792,16.118322],[73.750592,16.118407],[73.752541,16.118637],[73.754182,16.119266],[73.756618,16.116875],[73.757229,16.116351],[73.757983,16.116248],[73.75964,16.116048],[73.761436,16.116133],[73.756379,16.112825],[73.751756,16.110536],[73.747453,16.107016],[73.745226,16.105253],[73.742119,16.101925],[73.741386,16.100504],[73.741105,16.098963],[73.740006,16.097292],[73.737837,16.098021],[73.737081,16.098243],[73.736181,16.098507],[73.732713,16.100025],[73.730748,16.101327],[73.728921,16.103464],[73.726868,16.10812],[73.728978,16.108711]]]]},"geometry_name":"the_geom","properties":{"ADI_2001":0,"ADI_2011":0,"ADI_2019":0,"ASSET_2001":0,"ASSET_2011":0,"ASSET_2019":0,"BF_2001":0,"BF_2011":0,"BF_2019":0,"FC_2001":0,"FC_2011":0,"FC_2019":0,"F_ILL":100,"F_LIT":275,"F_SC":0,"F_ST":0,"MSW_2001":0,"MSW_2011":0,"MSW_2019":0,"M_ILL":47,"M_LIT":288,"M_SC":0,"M_ST":0,"No_HH":197,"P_ILL":147,"P_LIT":563,"P_SC":0,"P_ST":0,"TOT_F":375,"TOT_M":335,"TOT_P":710,"block_cen":4280,"dist_cen":529,"district":"SINDHUDURG","state":"MAHARASHTRA","state_cen":27,"tehsil":"Kudal","vill_ID":566746,"vill_name":"TEMBGAON"}},{"type":"Feature","id":"sindhudurg_kudal.62","geometry":{"type":"MultiPolygon","coordinates":[[[[73.729948,16.096214],[73.728811,16.096284],[73.725779,16.096391],[73.724768,16.096465],[73.724267,16.096093],[73.723392,16.095355],[73.72302,16.094755],[73.722394,16.094261],[73.721263,16.093863],[73.720634,16.093603],[73.719886,16.092753],[73.719639,16.092275],[73.719394,16.091562],[73.718904,16.090019],[73.718062,16.088311],[73.718036,16.08846],[73.717266,16.089836],[73.716247,16.090848],[73.715487,16.091168],[73.714853,16.091494],[73.714221,16.091585],[73.713713,16.091915],[73.712444,16.092682],[73.710548,16.093188],[73.70878,16.093466],[73.705375,16.093561],[73.703735,16.093727],[73.702975,16.094163],[73.702591,16.09473],[73.70233,16.095535],[73.701783,16.097789],[73.702672,16.098032],[73.70367,16.098887],[73.70491,16.100566],[73.706532,16.101796],[73.70853,16.103274],[73.709655,16.104018],[73.711411,16.104674],[73.71267,16.104844],[73.714058,16.104788],[73.715069,16.104599],[73.71633,16.104653],[73.717967,16.10484],[73.719603,16.105144],[73.721234,16.105796],[73.722615,16.106321],[73.723742,16.106951],[73.725877,16.107742],[73.726868,16.10812],[73.728921,16.103464],[73.730748,16.101327],[73.732713,16.100025],[73.736181,16.098507],[73.737081,16.098243],[73.735618,16.097624],[73.734232,16.097214],[73.733226,16.09682],[73.731841,16.096411],[73.731422,16.096367],[73.729948,16.096214]]]]},"geometry_name":"the_geom","properties":{"ADI_2001":0,"ADI_2011":0,"ADI_2019":0,"ASSET_2001":0,"ASSET_2011":0,"ASSET_2019":0,"BF_2001":0,"BF_2011":0,"BF_2019":0,"FC_2001":0,"FC_2011":0,"FC_2019":0,"F_ILL":73,"F_LIT":215,"F_SC":0,"F_ST":9,"MSW_2001":0,"MSW_2011":0,"MSW_2019":0,"M_ILL":29,"M_LIT":258,"M_SC":3,"M_ST":9,"No_HH":130,"P_ILL":102,"P_LIT":473,"P_SC":3,"P_ST":18,"TOT_F":288,"TOT_M":287,"TOT_P":575,"block_cen":4280,"dist_cen":529,"district":"SINDHUDURG","state":"MAHARASHTRA","state_cen":27,"tehsil":"Kudal","vill_ID":566747,"vill_name":"RUMADGAON"}},{"type":"Feature","id":"sindhudurg_kudal.63","geometry":{"type":"MultiPolygon","coordinates":[[[[73.724695,16.067709],[73.721168,16.067333],[73.720286,16.067298],[73.719656,16.067392],[73.718774,16.067357],[73.717765,16.067672],[73.717008,16.067996],[73.716629,16.068218],[73.716249,16.068912],[73.71612,16.069734],[73.715867,16.070078],[73.715488,16.070182],[73.71511,16.070167],[73.71512,16.07174],[73.714859,16.073738],[73.714849,16.075745],[73.714964,16.077756],[73.715207,16.079298],[73.715825,16.081206],[73.716695,16.082887],[73.717566,16.08445],[73.718187,16.08565],[73.718302,16.086946],[73.718062,16.088311],[73.718904,16.090019],[73.719394,16.091562],[73.719639,16.092275],[73.719886,16.092753],[73.720634,16.093603],[73.721263,16.093863],[73.722394,16.094261],[73.72302,16.094755],[73.723392,16.095355],[73.724267,16.096093],[73.724768,16.096465],[73.725779,16.096391],[73.728811,16.096284],[73.729948,16.096214],[73.731422,16.096367],[73.730257,16.090951],[73.729893,16.089292],[73.730152,16.088598],[73.730414,16.08755],[73.730802,16.086507],[73.731062,16.085575],[73.731198,16.084285],[73.730828,16.08321],[73.730455,16.082369],[73.729578,16.081391],[73.728701,16.080295],[73.72808,16.078618],[73.728224,16.074965],[73.729105,16.068916],[73.724695,16.067709]]]]},"geometry_name":"the_geom","properties":{"ADI_2001":0,"ADI_2011":0,"ADI_2019":0,"ASSET_2001":0,"ASSET_2011":0,"ASSET_2019":0,"BF_2001":0,"BF_2011":0,"BF_2019":0,"FC_2001":0,"FC_2011":0,"FC_2019":0,"F_ILL":116,"F_LIT":473,"F_SC":4,"F_ST":0,"MSW_2001":0,"MSW_2011":0,"MSW_2019":0,"M_ILL":68,"M_LIT":458,"M_SC":2,"M_ST":0,"No_HH":256,"P_ILL":184,"P_LIT":931,"P_SC":6,"P_ST":0,"TOT_F":589,"TOT_M":526,"TOT_P":1115,"block_cen":4280,"dist_cen":529,"district":"SINDHUDURG","state":"MAHARASHTRA","state_cen":27,"tehsil":"Kudal","vill_ID":566748,"vill_name":"DIGAS"}},{"type":"Feature","id":"sindhudurg_kudal.64","geometry":{"type":"MultiPolygon","coordinates":[[[[73.753136,16.062614],[73.751787,16.060105],[73.751075,16.058781],[73.750111,16.059199],[73.74962,16.05965],[73.748873,16.059854],[73.7471,16.059792],[73.745604,16.060084],[73.74423,16.060263],[73.743485,16.060702],[73.74176,16.062983],[73.739153,16.066053],[73.735395,16.068255],[73.733259,16.069229],[73.731749,16.069286],[73.72923,16.06895],[73.729105,16.068916],[73.728224,16.074965],[73.72808,16.078618],[73.728701,16.080295],[73.729578,16.081391],[73.730455,16.082369],[73.730828,16.08321],[73.731198,16.084285],[73.731062,16.085575],[73.730802,16.086507],[73.730414,16.08755],[73.730152,16.088598],[73.729893,16.089292],[73.730257,16.090951],[73.731422,16.096367],[73.731841,16.096411],[73.733226,16.09682],[73.734232,16.097214],[73.735618,16.097624],[73.737081,16.098243],[73.737837,16.098021],[73.740006,16.097292],[73.74115,16.096907],[73.746575,16.094762],[73.750946,16.092843],[73.754252,16.092416],[73.756995,16.092525],[73.755716,16.087151],[73.75536,16.083788],[73.755561,16.080271],[73.755735,16.075708],[73.755704,16.072196],[73.755682,16.070266],[73.755673,16.069564],[73.755896,16.069144],[73.753136,16.062614]]]]},"geometry_name":"the_geom","properties":{"ADI_2001":0,"ADI_2011":0,"ADI_2019":0,"ASSET_2001":0,"ASSET_2011":0,"ASSET_2019":0,"BF_2001":0,"BF_2011":0,"BF_2019":0,"FC_2001":0,"FC_2011":0,"FC_2019":0,"F_ILL":186,"F_LIT":297,"F_SC":30,"F_ST":0,"MSW_2001":0,"MSW_2011":0,"MSW_2019":0,"M_ILL":91,"M_LIT":334,"M_SC":26,"M_ST":0,"No_HH":227,"P_ILL":277,"P_LIT":631,"P_SC":56,"P_ST":0,"TOT_F":483,"TOT_M":425,"TOT_P":908,"block_cen":4280,"dist_cen":529,"district":"SINDHUDURG","state":"MAHARASHTRA","state_cen":27,"tehsil":"Kudal","vill_ID":566749,"vill_name":"KARIVANE"}},{"type":"Feature","id":"sindhudurg_kudal.65","geometry":{"type":"MultiPolygon","coordinates":[[[[73.755673,16.069564],[73.755682,16.070266],[73.755704,16.072196],[73.755735,16.075708],[73.755561,16.080271],[73.75536,16.083788],[73.755716,16.087151],[73.756995,16.092525],[73.758454,16.092584],[73.761152,16.093253],[73.762348,16.093861],[73.763844,16.094623],[73.765495,16.09483],[73.767296,16.095042],[73.769247,16.095402],[73.770144,16.095999],[73.772381,16.098056],[73.778066,16.101522],[73.782115,16.103098],[73.783014,16.103558],[73.784193,16.104728],[73.785027,16.104861],[73.78555,16.096672],[73.785769,16.095581],[73.784185,16.094798],[73.78249,16.093669],[73.781738,16.092931],[73.781177,16.091846],[73.780991,16.091307],[73.780439,16.087738],[73.778542,16.082716],[73.776807,16.079487],[73.776042,16.078581],[73.774338,16.077642],[73.773019,16.077243],[73.769456,16.077288],[73.767769,16.077401],[73.765892,16.077506],[73.765137,16.077126],[73.764378,16.076394],[73.763993,16.075502],[73.763592,16.073557],[73.763194,16.071963],[73.762241,16.070874],[73.760721,16.069412],[73.758652,16.06863],[73.757527,16.06841],[73.756038,16.068877],[73.755896,16.069144],[73.755673,16.069564]]]]},"geometry_name":"the_geom","properties":{"ADI_2001":0,"ADI_2011":0,"ADI_2019":0,"ASSET_2001":0,"ASSET_2011":0,"ASSET_2019":0,"BF_2001":0,"BF_2011":0,"BF_2019":0,"FC_2001":0,"FC_2011":0,"FC_2019":0,"F_ILL":62,"F_LIT":120,"F_SC":10,"F_ST":0,"MSW_2001":0,"MSW_2011":0,"MSW_2019":0,"M_ILL":29,"M_LIT":136,"M_SC":9,"M_ST":0,"No_HH":79,"P_ILL":91,"P_LIT":256,"P_SC":19,"P_ST":0,"TOT_F":182,"TOT_M":165,"TOT_P":347,"block_cen":4280,"dist_cen":529,"district":"SINDHUDURG","state":"MAHARASHTRA","state_cen":27,"tehsil":"Kudal","vill_ID":566750,"vill_name":"KINLOS"}},{"type":"Feature","id":"sindhudurg_kudal.66","geometry":{"type":"MultiPolygon","coordinates":[[[[73.834421,16.097911],[73.834267,16.096746],[73.834216,16.096351],[73.834149,16.09584],[73.834043,16.095006],[73.833923,16.094056],[73.833937,16.093956],[73.834051,16.093791],[73.834323,16.093396],[73.834488,16.093292],[73.835201,16.092841],[73.835757,16.092489],[73.835972,16.092177],[73.83384,16.090556],[73.830255,16.088605],[73.827224,16.086709],[73.825897,16.085143],[73.825132,16.083409],[73.823897,16.081707],[73.823061,16.08069],[73.821295,16.079819],[73.819348,16.078938],[73.817058,16.078379],[73.814588,16.077811],[73.812092,16.076727],[73.810155,16.075482],[73.808704,16.072887],[73.807827,16.070482],[73.80715,16.068256],[73.806542,16.067216],[73.805944,16.066345],[73.805373,16.065982],[73.804636,16.065949],[73.802433,16.066022],[73.800981,16.066471],[73.799888,16.066767],[73.79864,16.067742],[73.798323,16.068928],[73.797828,16.070282],[73.796773,16.071621],[73.796229,16.071947],[73.7955,16.072268],[73.794963,16.072768],[73.796494,16.073692],[73.798108,16.076685],[73.799604,16.081602],[73.800274,16.08585],[73.800286,16.08782],[73.800477,16.088722],[73.801231,16.089457],[73.801609,16.089824],[73.803679,16.090222],[73.806503,16.090449],[73.808198,16.090835],[73.810272,16.091945],[73.811782,16.092865],[73.813107,16.094688],[73.814057,16.097055],[73.815582,16.10199],[73.816151,16.10309],[73.818422,16.106022],[73.821505,16.109067],[73.821866,16.108637],[73.827082,16.104304],[73.834474,16.098301],[73.834421,16.097911]]]]},"geometry_name":"the_geom","properties":{"ADI_2001":0,"ADI_2011":0,"ADI_2019":0,"ASSET_2001":0,"ASSET_2011":0,"ASSET_2019":0,"BF_2001":0,"BF_2011":0,"BF_2019":0,"FC_2001":0,"FC_2011":0,"FC_2019":0,"F_ILL":86,"F_LIT":227,"F_SC":3,"F_ST":3,"MSW_2001":0,"MSW_2011":0,"MSW_2019":0,"M_ILL":62,"M_LIT":248,"M_SC":2,"M_ST":6,"No_HH":133,"P_ILL":148,"P_LIT":475,"P_SC":5,"P_ST":9,"TOT_F":313,"TOT_M":310,"TOT_P":623,"block_cen":4280,"dist_cen":529,"district":"SINDHUDURG","state":"MAHARASHTRA","state_cen":27,"tehsil":"Kudal","vill_ID":566751,"vill_name":"GIRGAON"}},{"type":"Feature","id":"sindhudurg_kudal.67","geometry":{"type":"MultiPolygon","coordinates":[[[[73.782777,16.056079],[73.779868,16.055946],[73.778073,16.056123],[73.776974,16.056462],[73.775174,16.056511],[73.773503,16.056308],[73.771249,16.05504],[73.767005,16.051865],[73.761764,16.04734],[73.755285,16.04301],[73.75121,16.040608],[73.749251,16.039864],[73.746641,16.039569],[73.746423,16.041717],[73.74631,16.045711],[73.746922,16.048701],[73.749279,16.055444],[73.751075,16.058781],[73.751787,16.060105],[73.753136,16.062614],[73.755896,16.069144],[73.756038,16.068877],[73.757527,16.06841],[73.758652,16.06863],[73.760721,16.069412],[73.762241,16.070874],[73.763194,16.071963],[73.763592,16.073557],[73.763993,16.075502],[73.764378,16.076394],[73.765137,16.077126],[73.765892,16.077506],[73.767769,16.077401],[73.769456,16.077288],[73.773019,16.077243],[73.774338,16.077642],[73.776042,16.078581],[73.776807,16.079487],[73.778542,16.082716],[73.780439,16.087738],[73.780991,16.091307],[73.781177,16.091846],[73.781738,16.092931],[73.78249,16.093669],[73.784185,16.094798],[73.785769,16.095581],[73.785939,16.094731],[73.786699,16.09387],[73.78973,16.091481],[73.791809,16.089044],[73.794603,16.084473],[73.796025,16.08133],[73.79595,16.079052],[73.795518,16.07747],[73.794885,16.075538],[73.794472,16.074484],[73.794625,16.073622],[73.794963,16.072768],[73.79357,16.071802],[73.791664,16.070525],[73.789005,16.068871],[73.787656,16.067437],[73.786224,16.06358],[73.785158,16.059402],[73.784523,16.056969],[73.784492,16.05603],[73.782777,16.056079]]]]},"geometry_name":"the_geom","properties":{"ADI_2001":0,"ADI_2011":0,"ADI_2019":0,"ASSET_2001":0,"ASSET_2011":0,"ASSET_2019":0,"BF_2001":0,"BF_2011":0,"BF_2019":0,"FC_2001":0,"FC_2011":0,"FC_2019":0,"F_ILL":137,"F_LIT":410,"F_SC":79,"F_ST":0,"MSW_2001":0,"MSW_2011":0,"MSW_2019":0,"M_ILL":68,"M_LIT":461,"M_SC":64,"M_ST":0,"No_HH":280,"P_ILL":205,"P_LIT":871,"P_SC":143,"P_ST":0,"TOT_F":547,"TOT_M":529,"TOT_P":1076,"block_cen":4280,"dist_cen":529,"district":"SINDHUDURG","state":"MAHARASHTRA","state_cen":27,"tehsil":"Kudal","vill_ID":566752,"vill_name":"HIRLOK"}},{"type":"Feature","id":"sindhudurg_kudal.68","geometry":{"type":"MultiPolygon","coordinates":[[[[73.768166,16.030131],[73.765398,16.029628],[73.760611,16.029524],[73.757484,16.029862],[73.755465,16.030437],[73.752718,16.031664],[73.7509,16.03329],[73.749632,16.034777],[73.748542,16.035931],[73.747455,16.037261],[73.746738,16.038611],[73.746641,16.039569],[73.749251,16.039864],[73.75121,16.040608],[73.755285,16.04301],[73.761764,16.04734],[73.767005,16.051865],[73.771249,16.05504],[73.773503,16.056308],[73.775174,16.056511],[73.776974,16.056462],[73.778073,16.056123],[73.779868,16.055946],[73.782777,16.056079],[73.784492,16.05603],[73.784478,16.055595],[73.78551,16.05342],[73.786696,16.05041],[73.786998,16.048766],[73.786758,16.046674],[73.785949,16.044255],[73.784553,16.040448],[73.783396,16.038349],[73.781339,16.036699],[73.779667,16.035749],[73.777275,16.035264],[73.775842,16.034913],[73.775431,16.034813],[73.772488,16.034469],[73.771193,16.034053],[73.77025,16.032977],[73.769307,16.0319],[73.768916,16.030856],[73.768166,16.030131]]]]},"geometry_name":"the_geom","properties":{"ADI_2001":0,"ADI_2011":0,"ADI_2019":0,"ASSET_2001":0,"ASSET_2011":0,"ASSET_2019":0,"BF_2001":0,"BF_2011":0,"BF_2019":0,"FC_2001":0,"FC_2011":0,"FC_2019":0,"F_ILL":143,"F_LIT":303,"F_SC":5,"F_ST":0,"MSW_2001":0,"MSW_2011":0,"MSW_2019":0,"M_ILL":95,"M_LIT":377,"M_SC":7,"M_ST":0,"No_HH":232,"P_ILL":238,"P_LIT":680,"P_SC":12,"P_ST":0,"TOT_F":446,"TOT_M":472,"TOT_P":918,"block_cen":4280,"dist_cen":529,"district":"SINDHUDURG","state":"MAHARASHTRA","state_cen":27,"tehsil":"Kudal","vill_ID":566753,"vill_name":"TULSULI K.NARUR"}},{"type":"Feature","id":"sindhudurg_kudal.69","geometry":{"type":"MultiPolygon","coordinates":[[[[73.845364,16.084168],[73.84485,16.084312],[73.844745,16.084536],[73.844543,16.084965],[73.843446,16.087295],[73.843593,16.09061],[73.844342,16.089822],[73.845366,16.084168],[73.845364,16.084168]]],[[[73.836775,16.091009],[73.836885,16.090849],[73.8377,16.089977],[73.838738,16.089329],[73.840117,16.088514],[73.840724,16.088155],[73.841635,16.087512],[73.841811,16.087295],[73.84233,16.086653],[73.842572,16.086467],[73.842729,16.086346],[73.842798,16.086222],[73.843354,16.085499],[73.8436,16.08518],[73.843697,16.085054],[73.844021,16.084633],[73.84406,16.08455],[73.84407,16.084527],[73.844052,16.084479],[73.843549,16.083163],[73.843091,16.081914],[73.843212,16.080125],[73.843214,16.080107],[73.843214,16.080096],[73.843358,16.079602],[73.842604,16.079113],[73.842545,16.079074],[73.84258,16.079024],[73.842592,16.079006],[73.842598,16.078998],[73.842639,16.078941],[73.842658,16.078854],[73.84385,16.078218],[73.844655,16.078106],[73.84443,16.077516],[73.843112,16.075222],[73.8402,16.06867],[73.838216,16.064826],[73.837193,16.063703],[73.837087,16.063587],[73.834998,16.062684],[73.83304,16.061925],[73.830275,16.060831],[73.827451,16.05927],[73.824942,16.056917],[73.822846,16.054859],[73.82149,16.054102],[73.820139,16.05347],[73.818669,16.053073],[73.815703,16.052044],[73.810399,16.049955],[73.807268,16.048939],[73.80522,16.04827],[73.804138,16.04818],[73.803597,16.048193],[73.802924,16.048209],[73.79808,16.049245],[73.794281,16.049892],[73.793056,16.050074],[73.792085,16.049765],[73.790135,16.048892],[73.788343,16.048664],[73.786998,16.048766],[73.786696,16.05041],[73.78551,16.05342],[73.784478,16.055595],[73.784492,16.05603],[73.784523,16.056969],[73.785158,16.059402],[73.786224,16.06358],[73.787656,16.067437],[73.789005,16.068871],[73.791664,16.070525],[73.79357,16.071802],[73.794963,16.072768],[73.7955,16.072268],[73.796229,16.071947],[73.796773,16.071621],[73.797828,16.070282],[73.798323,16.068928],[73.79864,16.067742],[73.799888,16.066767],[73.800981,16.066471],[73.802433,16.066022],[73.804636,16.065949],[73.805373,16.065982],[73.805944,16.066345],[73.806542,16.067216],[73.80715,16.068256],[73.807827,16.070482],[73.808704,16.072887],[73.810155,16.075482],[73.812092,16.076727],[73.814588,16.077811],[73.817058,16.078379],[73.819348,16.078938],[73.821295,16.079819],[73.823061,16.08069],[73.823897,16.081707],[73.825132,16.083409],[73.825897,16.085143],[73.827224,16.086709],[73.830255,16.088605],[73.83384,16.090556],[73.835972,16.092177],[73.836775,16.091009]]]]},"geometry_name":"the_geom","properties":{"ADI_2001":0,"ADI_2011":0,"ADI_2019":0,"ASSET_2001":0,"ASSET_2011":0,"ASSET_2019":0,"BF_2001":0,"BF_2011":0,"BF_2019":0,"FC_2001":0,"FC_2011":0,"FC_2019":0,"F_ILL":213,"F_LIT":363,"F_SC":32,"F_ST":37,"MSW_2001":0,"MSW_2011":0,"MSW_2019":0,"M_ILL":138,"M_LIT":398,"M_SC":38,"M_ST":27,"No_HH":283,"P_ILL":351,"P_LIT":761,"P_SC":70,"P_ST":64,"TOT_F":576,"TOT_M":536,"TOT_P":1112,"block_cen":4280,"dist_cen":529,"district":"SINDHUDURG","state":"MAHARASHTRA","state_cen":27,"tehsil":"Kudal","vill_ID":566754,"vill_name":"NARUR"}},{"type":"Feature","id":"sindhudurg_kudal.70","geometry":{"type":"MultiPolygon","coordinates":[[[[73.76548,16.000376],[73.762977,15.999278],[73.759102,15.998084],[73.756107,15.99776],[73.753988,15.997843],[73.752747,15.998333],[73.751131,15.998913],[73.750761,15.999233],[73.749885,15.999174],[73.749133,15.999008],[73.748377,15.998613],[73.747375,15.99843],[73.746498,15.998372],[73.746002,15.998684],[73.74563,15.999005],[73.744403,16.000883],[73.74343,16.003127],[73.742963,16.005754],[73.741974,16.006849],[73.740855,16.00759],[73.740608,16.007923],[73.740742,16.008884],[73.741779,16.011264],[73.742971,16.015628],[73.743111,16.016566],[73.742885,16.018298],[73.742277,16.019662],[73.741425,16.021481],[73.741207,16.023689],[73.741215,16.02418],[73.741229,16.025093],[73.741503,16.026512],[73.741894,16.027353],[73.74292,16.028578],[73.745756,16.032592],[73.746927,16.034764],[73.746954,16.036293],[73.746841,16.036993],[73.745727,16.038115],[73.745231,16.038562],[73.745237,16.038916],[73.745368,16.039158],[73.746641,16.039569],[73.746738,16.038611],[73.747455,16.037261],[73.748542,16.035931],[73.749632,16.034777],[73.7509,16.03329],[73.752718,16.031664],[73.755465,16.030437],[73.757484,16.029862],[73.760611,16.029524],[73.765398,16.029628],[73.768166,16.030131],[73.768916,16.030856],[73.769533,16.029812],[73.769485,16.027618],[73.767631,16.016123],[73.767143,16.010024],[73.767541,16.004327],[73.768124,16.002078],[73.76836,16.001293],[73.76548,16.000376]]]]},"geometry_name":"the_geom","properties":{"ADI_2001":0,"ADI_2011":0,"ADI_2019":0,"ASSET_2001":0,"ASSET_2011":0,"ASSET_2019":0,"BF_2001":0,"BF_2011":0,"BF_2019":0,"FC_2001":0,"FC_2011":0,"FC_2019":0,"F_ILL":183,"F_LIT":342,"F_SC":0,"F_ST":0,"MSW_2001":0,"MSW_2011":0,"MSW_2019":0,"M_ILL":86,"M_LIT":435,"M_SC":0,"M_ST":0,"No_HH":259,"P_ILL":269,"P_LIT":777,"P_SC":0,"P_ST":0,"TOT_F":525,"TOT_M":521,"TOT_P":1046,"block_cen":4280,"dist_cen":529,"district":"SINDHUDURG","state":"MAHARASHTRA","state_cen":27,"tehsil":"Kudal","vill_ID":566755,"vill_name":"KHUTVALWADI"}},{"type":"Feature","id":"sindhudurg_kudal.71","geometry":{"type":"MultiPolygon","coordinates":[[[[73.778137,16.001349],[73.777633,16.000738],[73.776517,16.000422],[73.775154,16.000202],[73.773918,16.000221],[73.770087,16.000733],[73.768976,16.000994],[73.76836,16.001293],[73.768124,16.002078],[73.767541,16.004327],[73.767143,16.010024],[73.767631,16.016123],[73.769485,16.027618],[73.769533,16.029812],[73.768916,16.030856],[73.769307,16.0319],[73.77025,16.032977],[73.771193,16.034053],[73.772488,16.034469],[73.775431,16.034813],[73.775842,16.034913],[73.778014,16.028537],[73.778808,16.025503],[73.779139,16.023815],[73.779706,16.021694],[73.780438,16.021293],[73.781044,16.02077],[73.781528,16.020351],[73.78199,16.01902],[73.782308,16.016766],[73.782401,16.015406],[73.782757,16.014749],[73.783855,16.014265],[73.785433,16.013251],[73.786642,16.012321],[73.787124,16.011904],[73.787438,16.011782],[73.786698,16.01139],[73.785704,16.010854],[73.785204,16.010472],[73.784816,16.009529],[73.783168,16.007001],[73.781901,16.005073],[73.781274,16.004453],[73.77991,16.004003],[73.779161,16.003487],[73.778778,16.002771],[73.778519,16.002065],[73.778383,16.00181],[73.778137,16.001349]]]]},"geometry_name":"the_geom","properties":{"ADI_2001":0,"ADI_2011":0,"ADI_2019":0,"ASSET_2001":0,"ASSET_2011":0,"ASSET_2019":0,"BF_2001":0,"BF_2011":0,"BF_2019":0,"FC_2001":0,"FC_2011":0,"FC_2019":0,"F_ILL":116,"F_LIT":236,"F_SC":0,"F_ST":0,"MSW_2001":0,"MSW_2011":0,"MSW_2019":0,"M_ILL":74,"M_LIT":310,"M_SC":0,"M_ST":0,"No_HH":176,"P_ILL":190,"P_LIT":546,"P_SC":0,"P_ST":0,"TOT_F":352,"TOT_M":384,"TOT_P":736,"block_cen":4280,"dist_cen":529,"district":"SINDHUDURG","state":"MAHARASHTRA","state_cen":27,"tehsil":"Kudal","vill_ID":566756,"vill_name":"KHOCHAREWADI"}},{"type":"Feature","id":"sindhudurg_kudal.72","geometry":{"type":"MultiPolygon","coordinates":[[[[73.777275,16.035264],[73.779667,16.035749],[73.781339,16.036699],[73.783396,16.038349],[73.784553,16.040448],[73.785949,16.044255],[73.786758,16.046674],[73.786998,16.048766],[73.788343,16.048664],[73.790135,16.048892],[73.792085,16.049765],[73.793056,16.050074],[73.794281,16.049892],[73.79808,16.049245],[73.802924,16.048209],[73.803597,16.048193],[73.804605,16.043139],[73.805569,16.040079],[73.807013,16.036837],[73.808407,16.035386],[73.809934,16.034284],[73.811577,16.03308],[73.812254,16.031785],[73.812538,16.029432],[73.813308,16.027123],[73.813385,16.025655],[73.813594,16.024539],[73.813822,16.024106],[73.812579,16.023415],[73.809764,16.021679],[73.807438,16.020446],[73.804275,16.019824],[73.80271,16.019688],[73.800869,16.019529],[73.798412,16.018638],[73.794809,16.015947],[73.792802,16.013731],[73.791787,16.012052],[73.791409,16.011565],[73.791015,16.011388],[73.790791,16.011287],[73.789932,16.011217],[73.788829,16.011242],[73.788342,16.011431],[73.787438,16.011782],[73.787124,16.011904],[73.786642,16.012321],[73.785433,16.013251],[73.783855,16.014265],[73.782757,16.014749],[73.782401,16.015406],[73.782308,16.016766],[73.78199,16.01902],[73.781528,16.020351],[73.781044,16.02077],[73.780438,16.021293],[73.779706,16.021694],[73.779139,16.023815],[73.778808,16.025503],[73.778014,16.028537],[73.775842,16.034913],[73.777275,16.035264]]]]},"geometry_name":"the_geom","properties":{"ADI_2001":0,"ADI_2011":0,"ADI_2019":0,"ASSET_2001":0,"ASSET_2011":0,"ASSET_2019":0,"BF_2001":0,"BF_2011":0,"BF_2019":0,"FC_2001":0,"FC_2011":0,"FC_2019":0,"F_ILL":160,"F_LIT":363,"F_SC":30,"F_ST":0,"MSW_2001":0,"MSW_2011":0,"MSW_2019":0,"M_ILL":109,"M_LIT":410,"M_SC":35,"M_ST":0,"No_HH":246,"P_ILL":269,"P_LIT":773,"P_SC":65,"P_ST":0,"TOT_F":523,"TOT_M":519,"TOT_P":1042,"block_cen":4280,"dist_cen":529,"district":"SINDHUDURG","state":"MAHARASHTRA","state_cen":27,"tehsil":"Kudal","vill_ID":566757,"vill_name":"NIVAJE"}},{"type":"Feature","id":"sindhudurg_kudal.73","geometry":{"type":"MultiPolygon","coordinates":[[[[73.839714,16.012869],[73.838174,16.013075],[73.837231,16.013563],[73.836535,16.014873],[73.836204,16.016674],[73.835862,16.017673],[73.834214,16.01855],[73.832209,16.019391],[73.830311,16.019554],[73.828889,16.019875],[73.826653,16.021143],[73.824426,16.022747],[73.821825,16.023627],[73.819447,16.023962],[73.816338,16.024004],[73.814538,16.023946],[73.813822,16.024106],[73.813594,16.024539],[73.813385,16.025655],[73.813308,16.027123],[73.812538,16.029432],[73.812254,16.031785],[73.811577,16.03308],[73.809934,16.034284],[73.808407,16.035386],[73.807013,16.036837],[73.805569,16.040079],[73.804605,16.043139],[73.803597,16.048193],[73.804138,16.04818],[73.80522,16.04827],[73.807268,16.048939],[73.810399,16.049955],[73.815703,16.052044],[73.818669,16.053073],[73.820139,16.05347],[73.82149,16.054102],[73.822846,16.054859],[73.824942,16.056917],[73.827451,16.05927],[73.830275,16.060831],[73.83304,16.061925],[73.834998,16.062684],[73.837087,16.063587],[73.837193,16.063703],[73.837622,16.062673],[73.837561,16.062071],[73.836819,16.059336],[73.835238,16.049191],[73.835703,16.044767],[73.837152,16.03742],[73.838586,16.032803],[73.839452,16.031132],[73.840192,16.029448],[73.840166,16.027943],[73.840133,16.025936],[73.840094,16.023429],[73.840206,16.022312],[73.840574,16.020969],[73.841075,16.019887],[73.842868,16.017133],[73.844399,16.015638],[73.842932,16.01487],[73.842331,16.013901],[73.841734,16.013391],[73.840902,16.013089],[73.839714,16.012869]]]]},"geometry_name":"the_geom","properties":{"ADI_2001":0,"ADI_2011":0,"ADI_2019":0,"ASSET_2001":0,"ASSET_2011":0,"ASSET_2019":0,"BF_2001":0,"BF_2011":0,"BF_2019":0,"FC_2001":0,"FC_2011":0,"FC_2019":0,"F_ILL":304,"F_LIT":501,"F_SC":11,"F_ST":3,"MSW_2001":0,"MSW_2011":0,"MSW_2019":0,"M_ILL":163,"M_LIT":580,"M_SC":13,"M_ST":0,"No_HH":372,"P_ILL":467,"P_LIT":1081,"P_SC":24,"P_ST":3,"TOT_F":805,"TOT_M":743,"TOT_P":1548,"block_cen":4280,"dist_cen":529,"district":"SINDHUDURG","state":"MAHARASHTRA","state_cen":27,"tehsil":"Kudal","vill_ID":566758,"vill_name":"GOTHOS"}},{"type":"Feature","id":"sindhudurg_kudal.74","geometry":{"type":"MultiPolygon","coordinates":[[[[73.854256,16.011994],[73.851959,16.013158],[73.849663,16.014454],[73.848126,16.014952],[73.847227,16.015127],[73.846072,16.015406],[73.845299,16.01534],[73.844399,16.015638],[73.842868,16.017133],[73.841075,16.019887],[73.840574,16.020969],[73.840206,16.022312],[73.840094,16.023429],[73.840133,16.025936],[73.840166,16.027943],[73.840192,16.029448],[73.839452,16.031132],[73.838586,16.032803],[73.837152,16.03742],[73.835703,16.044767],[73.835238,16.049191],[73.836819,16.059336],[73.837561,16.062071],[73.837622,16.062673],[73.837193,16.063703],[73.838216,16.064826],[73.8402,16.06867],[73.843112,16.075222],[73.84443,16.077516],[73.844452,16.076483],[73.844719,16.075606],[73.846512,16.071431],[73.847946,16.063386],[73.849009,16.057444],[73.848953,16.054376],[73.848585,16.05231],[73.847897,16.051237],[73.847531,16.049678],[73.847497,16.047976],[73.847617,16.04544],[73.848944,16.044021],[73.851098,16.041657],[73.851422,16.040671],[73.851573,16.038989],[73.851726,16.037479],[73.851371,16.035751],[73.851359,16.034565],[73.851346,16.03338],[73.851505,16.03221],[73.852171,16.03092],[73.853182,16.030002],[73.856054,16.027569],[73.858255,16.024562],[73.858935,16.024118],[73.860723,16.023902],[73.859935,16.020969],[73.859249,16.018374],[73.859075,16.015492],[73.858559,16.013759],[73.858043,16.013038],[73.857354,16.01247],[73.856321,16.011871],[73.855804,16.011655],[73.854256,16.011994]]]]},"geometry_name":"the_geom","properties":{"ADI_2001":0,"ADI_2011":0,"ADI_2019":0,"ASSET_2001":0,"ASSET_2011":0,"ASSET_2019":0,"BF_2001":0,"BF_2011":0,"BF_2019":0,"FC_2001":0,"FC_2011":0,"FC_2019":0,"F_ILL":113,"F_LIT":180,"F_SC":2,"F_ST":2,"MSW_2001":0,"MSW_2011":0,"MSW_2019":0,"M_ILL":65,"M_LIT":218,"M_SC":4,"M_ST":3,"No_HH":161,"P_ILL":178,"P_LIT":398,"P_SC":6,"P_ST":5,"TOT_F":293,"TOT_M":283,"TOT_P":576,"block_cen":4280,"dist_cen":529,"district":"SINDHUDURG","state":"MAHARASHTRA","state_cen":27,"tehsil":"Kudal","vill_ID":566759,"vill_name":"NILELI"}},{"type":"Feature","id":"sindhudurg_kudal.75","geometry":{"type":"MultiPolygon","coordinates":[[[[73.844981,16.07806],[73.845049,16.078052],[73.845932,16.077949],[73.846981,16.077463],[73.848513,16.077069],[73.84952,16.07651],[73.850905,16.075741],[73.851568,16.075443],[73.853198,16.075178],[73.855397,16.074894],[73.856246,16.074097],[73.857493,16.072816],[73.85849,16.071364],[73.859628,16.070202],[73.859633,16.070197],[73.859676,16.070163],[73.859952,16.069945],[73.859951,16.069948],[73.859947,16.069953],[73.859872,16.070082],[73.859844,16.070149],[73.859834,16.070173],[73.859696,16.070507],[73.859464,16.071068],[73.859058,16.071822],[73.858771,16.072357],[73.85857,16.07273],[73.857746,16.074036],[73.857061,16.075318],[73.857031,16.075373],[73.857001,16.075429],[73.856837,16.075697],[73.856554,16.076158],[73.855928,16.076726],[73.855828,16.076895],[73.859165,16.075937],[73.865909,16.072372],[73.867526,16.066542],[73.868374,16.064779],[73.869875,16.06256],[73.870279,16.061695],[73.870588,16.060101],[73.87033,16.05739],[73.87052,16.051422],[73.871024,16.047126],[73.871404,16.045606],[73.872758,16.044354],[73.876126,16.042081],[73.877313,16.041157],[73.878195,16.03952],[73.878978,16.035654],[73.879375,16.032823],[73.878397,16.03267],[73.875416,16.031385],[73.872932,16.029633],[73.870939,16.027756],[73.869771,16.026634],[73.869271,16.025911],[73.868094,16.025127],[73.866576,16.024312],[73.864543,16.023788],[73.861316,16.023831],[73.860723,16.023902],[73.858935,16.024118],[73.858255,16.024562],[73.856054,16.027569],[73.853182,16.030002],[73.852171,16.03092],[73.851505,16.03221],[73.851346,16.03338],[73.851359,16.034565],[73.851371,16.035751],[73.851726,16.037479],[73.851573,16.038989],[73.851422,16.040671],[73.851098,16.041657],[73.848944,16.044021],[73.847617,16.04544],[73.847497,16.047976],[73.847531,16.049678],[73.847897,16.051237],[73.848585,16.05231],[73.848953,16.054376],[73.849009,16.057444],[73.847946,16.063386],[73.846512,16.071431],[73.844719,16.075606],[73.844452,16.076483],[73.84443,16.077516],[73.844655,16.078106],[73.844981,16.07806]]]]},"geometry_name":"the_geom","properties":{"ADI_2001":0,"ADI_2011":0,"ADI_2019":0,"ASSET_2001":0,"ASSET_2011":0,"ASSET_2019":0,"BF_2001":0,"BF_2011":0,"BF_2019":0,"FC_2001":0,"FC_2011":0,"FC_2019":0,"F_ILL":185,"F_LIT":423,"F_SC":35,"F_ST":4,"MSW_2001":0,"MSW_2011":0,"MSW_2019":0,"M_ILL":135,"M_LIT":630,"M_SC":37,"M_ST":6,"No_HH":313,"P_ILL":320,"P_LIT":1053,"P_SC":72,"P_ST":10,"TOT_F":608,"TOT_M":765,"TOT_P":1373,"block_cen":4280,"dist_cen":529,"district":"SINDHUDURG","state":"MAHARASHTRA","state_cen":27,"tehsil":"Kudal","vill_ID":566760,"vill_name":"KERAVADE K.NARUR"}},{"type":"Feature","id":"sindhudurg_kudal.76","geometry":{"type":"MultiPolygon","coordinates":[[[[73.877724,16.067476],[73.883213,16.064387],[73.886955,16.06129],[73.888749,16.059162],[73.889711,16.054843],[73.890517,16.048581],[73.890195,16.042038],[73.89011,16.040321],[73.889681,16.038749],[73.889731,16.037559],[73.89008,16.037242],[73.886642,16.035593],[73.885005,16.034774],[73.883697,16.033982],[73.882216,16.033344],[73.880889,16.033059],[73.879375,16.032823],[73.878978,16.035654],[73.878195,16.03952],[73.877313,16.041157],[73.876126,16.042081],[73.872758,16.044354],[73.871404,16.045606],[73.871024,16.047126],[73.87052,16.051422],[73.87033,16.05739],[73.870588,16.060101],[73.870279,16.061695],[73.869875,16.06256],[73.868374,16.064779],[73.867526,16.066542],[73.865909,16.072372],[73.877724,16.067476]]]]},"geometry_name":"the_geom","properties":{"ADI_2001":0,"ADI_2011":0,"ADI_2019":0,"ASSET_2001":0,"ASSET_2011":0,"ASSET_2019":0,"BF_2001":0,"BF_2011":0,"BF_2019":0,"FC_2001":0,"FC_2011":0,"FC_2019":0,"F_ILL":112,"F_LIT":121,"F_SC":39,"F_ST":0,"MSW_2001":0,"MSW_2011":0,"MSW_2019":0,"M_ILL":90,"M_LIT":150,"M_SC":62,"M_ST":0,"No_HH":122,"P_ILL":202,"P_LIT":271,"P_SC":101,"P_ST":0,"TOT_F":233,"TOT_M":240,"TOT_P":473,"block_cen":4280,"dist_cen":529,"district":"SINDHUDURG","state":"MAHARASHTRA","state_cen":27,"tehsil":"Kudal","vill_ID":566761,"vill_name":"CHAFELI"}},{"type":"Feature","id":"sindhudurg_kudal.77","geometry":{"type":"MultiPolygon","coordinates":[[[[73.846445,16.094775],[73.847379,16.09475],[73.848727,16.095664],[73.848873,16.095891],[73.849317,16.095836],[73.851219,16.097808],[73.851464,16.097732],[73.851902,16.097593],[73.852486,16.097408],[73.852677,16.09762],[73.852688,16.097632],[73.853207,16.098084],[73.853628,16.098449],[73.853687,16.098501],[73.853532,16.098729],[73.853438,16.098867],[73.853796,16.098913],[73.854454,16.100642],[73.85542,16.103179],[73.855812,16.103242],[73.856338,16.103348],[73.857494,16.103581],[73.857848,16.103652],[73.857859,16.103655],[73.858032,16.103642],[73.858335,16.103619],[73.8585,16.103617],[73.85871,16.103613],[73.858747,16.103645],[73.859296,16.103484],[73.859793,16.104565],[73.860158,16.104887],[73.860204,16.104927],[73.86031,16.105021],[73.860231,16.105111],[73.860171,16.10518],[73.860156,16.105197],[73.860109,16.10525],[73.860653,16.106431],[73.861033,16.106529],[73.862543,16.107042],[73.862918,16.10717],[73.8634,16.106971],[73.863982,16.106732],[73.864941,16.106208],[73.865137,16.106101],[73.865348,16.105986],[73.865571,16.105864],[73.865654,16.105891],[73.866528,16.106167],[73.866803,16.106256],[73.867313,16.106421],[73.86741,16.106453],[73.867634,16.106426],[73.867778,16.106409],[73.867878,16.106397],[73.868176,16.106443],[73.868254,16.106455],[73.868332,16.106467],[73.868376,16.106465],[73.8684,16.106464],[73.869382,16.106423],[73.870262,16.106387],[73.873444,16.106301],[73.872582,16.105586],[73.871926,16.105041],[73.870442,16.103833],[73.868946,16.102578],[73.868432,16.102031],[73.867927,16.101494],[73.866591,16.100001],[73.866286,16.099288],[73.865812,16.098132],[73.865108,16.098117],[73.864409,16.097616],[73.864063,16.096648],[73.864051,16.096612],[73.864055,16.096605],[73.864059,16.0966],[73.864314,16.096216],[73.864431,16.096039],[73.864437,16.095486],[73.864438,16.095375],[73.864929,16.095292],[73.865414,16.095209],[73.866083,16.095072],[73.866351,16.095018],[73.867294,16.094861],[73.868606,16.094652],[73.87042,16.094383],[73.870655,16.094251],[73.871541,16.093754],[73.872062,16.094668],[73.872493,16.095261],[73.872727,16.095582],[73.875176,16.096905],[73.875415,16.097034],[73.875664,16.096626],[73.875935,16.09618],[73.876484,16.095682],[73.876936,16.095272],[73.877118,16.095244],[73.877155,16.095159],[73.877267,16.094901],[73.877331,16.094822],[73.877573,16.094865],[73.878195,16.094978],[73.878419,16.095019],[73.878633,16.095058],[73.880313,16.094529],[73.880722,16.094399],[73.881298,16.094435],[73.88188,16.094471],[73.882519,16.094174],[73.882893,16.094001],[73.883839,16.093835],[73.884026,16.093659],[73.884197,16.093497],[73.884791,16.092858],[73.884894,16.092927],[73.884973,16.092979],[73.885054,16.093473],[73.885175,16.094201],[73.885182,16.094253],[73.885197,16.094382],[73.885873,16.094169],[73.886511,16.09398],[73.8873,16.093746],[73.888123,16.09349],[73.88919,16.093094],[73.890347,16.092651],[73.891018,16.092394],[73.891376,16.091951],[73.892244,16.091893],[73.892973,16.091752],[73.893038,16.091728],[73.893542,16.091542],[73.894,16.091374],[73.894502,16.091176],[73.895222,16.090732],[73.895496,16.089721],[73.895656,16.089417],[73.895808,16.089128],[73.895903,16.088949],[73.897027,16.088832],[73.897511,16.088792],[73.897719,16.088774],[73.898025,16.088749],[73.898743,16.088717],[73.898786,16.088715],[73.898888,16.088711],[73.899612,16.088684],[73.900135,16.089165],[73.900316,16.088964],[73.900365,16.088909],[73.900441,16.088825],[73.900754,16.088825],[73.901013,16.089714],[73.901072,16.089917],[73.90227,16.08991],[73.904234,16.099367],[73.90732,16.100508],[73.90746,16.100471],[73.908261,16.100125],[73.908992,16.099629],[73.909591,16.099246],[73.910425,16.099016],[73.911563,16.098986],[73.912605,16.099093],[73.913337,16.099276],[73.914445,16.099397],[73.916293,16.098999],[73.917015,16.098396],[73.917615,16.097967],[73.917836,16.0979],[73.917886,16.097794],[73.917955,16.097731],[73.917957,16.097661],[73.918026,16.097665],[73.918079,16.097617],[73.918129,16.097571],[73.918157,16.097544],[73.918257,16.097446],[73.918312,16.097414],[73.918379,16.097374],[73.918658,16.097179],[73.918784,16.097607],[73.918797,16.097651],[73.918807,16.097685],[73.919156,16.097735],[73.9195,16.097785],[73.919679,16.097846],[73.919842,16.097901],[73.920138,16.098101],[73.920334,16.098198],[73.920368,16.098212],[73.923564,16.097913],[73.92367,16.097861],[73.924274,16.097609],[73.924322,16.097629],[73.92436,16.097645],[73.924743,16.097802],[73.925242,16.097756],[73.925152,16.09601],[73.925742,16.094903],[73.926189,16.093636],[73.92691,16.091956],[73.92732,16.089576],[73.926736,16.087254],[73.926147,16.085406],[73.925579,16.084551],[73.924266,16.082999],[73.921877,16.081412],[73.920053,16.08035],[73.919316,16.079488],[73.918749,16.077957],[73.918549,16.076444],[73.919237,16.074465],[73.921509,16.067601],[73.922071,16.058766],[73.921211,16.054262],[73.921065,16.053494],[73.920392,16.051179],[73.916953,16.047291],[73.916266,16.04661],[73.916278,16.045789],[73.911278,16.041473],[73.906987,16.037995],[73.904441,16.036373],[73.902961,16.034943],[73.90233,16.033725],[73.902496,16.032153],[73.90116,16.03281],[73.897921,16.033763],[73.895202,16.034579],[73.891616,16.036344],[73.890424,16.036931],[73.89008,16.037242],[73.889731,16.037559],[73.889681,16.038749],[73.89011,16.040321],[73.890195,16.042038],[73.890517,16.048581],[73.889711,16.054843],[73.888749,16.059162],[73.886955,16.06129],[73.883213,16.064387],[73.877724,16.067476],[73.865909,16.072372],[73.859165,16.075937],[73.858625,16.079466],[73.857969,16.083744],[73.8559,16.084708],[73.855478,16.084905],[73.855276,16.084794],[73.852263,16.083142],[73.849178,16.083958],[73.846363,16.090339],[73.846442,16.094775],[73.846445,16.094775]]]]},"geometry_name":"the_geom","properties":{"ADI_2001":0,"ADI_2011":0,"ADI_2019":0,"ASSET_2001":0,"ASSET_2011":0,"ASSET_2019":0,"BF_2001":0,"BF_2011":0,"BF_2019":0,"FC_2001":0,"FC_2011":0,"FC_2019":0,"F_ILL":278,"F_LIT":528,"F_SC":81,"F_ST":3,"MSW_2001":0,"MSW_2011":0,"MSW_2019":0,"M_ILL":158,"M_LIT":669,"M_SC":90,"M_ST":1,"No_HH":440,"P_ILL":436,"P_LIT":1197,"P_SC":171,"P_ST":4,"TOT_F":806,"TOT_M":827,"TOT_P":1633,"block_cen":4280,"dist_cen":529,"district":"SINDHUDURG","state":"MAHARASHTRA","state_cen":27,"tehsil":"Kudal","vill_ID":566762,"vill_name":"NERUR K.NARUR"}},{"type":"Feature","id":"sindhudurg_kudal.78","geometry":{"type":"MultiPolygon","coordinates":[[[[73.945427,16.098439],[73.946426,16.098224],[73.947424,16.098066],[73.948006,16.097965],[73.948221,16.097928],[73.949098,16.097895],[73.949665,16.098041],[73.950139,16.098178],[73.950204,16.097953],[73.951144,16.097858],[73.953251,16.090258],[73.954116,16.086573],[73.954278,16.084981],[73.954071,16.083365],[73.953898,16.081937],[73.953611,16.081035],[73.953329,16.080134],[73.953249,16.079413],[73.950178,16.076079],[73.948613,16.074603],[73.946771,16.073821],[73.94387,16.072843],[73.940973,16.071398],[73.937911,16.069322],[73.936114,16.067307],[73.935208,16.064994],[73.934665,16.062857],[73.934481,16.061057],[73.934478,16.059915],[73.933954,16.05925],[73.932907,16.058082],[73.931515,16.056904],[73.929602,16.055711],[73.927515,16.054837],[73.924378,16.054257],[73.921211,16.054262],[73.922071,16.058766],[73.921509,16.067601],[73.919237,16.074465],[73.918549,16.076444],[73.918749,16.077957],[73.919316,16.079488],[73.920053,16.08035],[73.921877,16.081412],[73.924266,16.082999],[73.925579,16.084551],[73.926147,16.085406],[73.926736,16.087254],[73.92732,16.089576],[73.92691,16.091956],[73.926189,16.093636],[73.925742,16.094903],[73.925152,16.09601],[73.925242,16.097756],[73.934578,16.09688],[73.937601,16.096033],[73.941483,16.098168],[73.94488,16.098687],[73.945427,16.098439]]]]},"geometry_name":"the_geom","properties":{"ADI_2001":0,"ADI_2011":0,"ADI_2019":0,"ASSET_2001":0,"ASSET_2011":0,"ASSET_2019":0,"BF_2001":0,"BF_2011":0,"BF_2019":0,"FC_2001":0,"FC_2011":0,"FC_2019":0,"F_ILL":52,"F_LIT":54,"F_SC":2,"F_ST":0,"MSW_2001":0,"MSW_2011":0,"MSW_2019":0,"M_ILL":26,"M_LIT":57,"M_SC":2,"M_ST":0,"No_HH":61,"P_ILL":78,"P_LIT":111,"P_SC":4,"P_ST":0,"TOT_F":106,"TOT_M":83,"TOT_P":189,"block_cen":4280,"dist_cen":529,"district":"SINDHUDURG","state":"MAHARASHTRA","state_cen":27,"tehsil":"Kudal","vill_ID":566763,"vill_name":"ANJIVADE"}},{"type":"Feature","id":"sindhudurg_kudal.79","geometry":{"type":"MultiPolygon","coordinates":[[[[73.951353,16.097837],[73.951767,16.097795],[73.954999,16.097501],[73.955844,16.097435],[73.956786,16.097361],[73.956947,16.097348],[73.956957,16.097348],[73.958376,16.096611],[73.958678,16.096454],[73.961377,16.09514],[73.961402,16.095128],[73.961472,16.095094],[73.961564,16.095049],[73.962411,16.094649],[73.962576,16.094681],[73.963169,16.094797],[73.963579,16.094877],[73.964431,16.095066],[73.965135,16.095221],[73.966483,16.09552],[73.967237,16.095705],[73.967439,16.095664],[73.967516,16.095648],[73.969451,16.095259],[73.969541,16.095241],[73.974709,16.092213],[73.985158,16.091672],[73.989618,16.091442],[73.994928,16.090162],[73.994676,16.089539],[73.994048,16.08797],[73.993287,16.086144],[73.992895,16.084988],[73.992744,16.084549],[73.99218,16.08292],[73.991708,16.081536],[73.991594,16.081189],[73.991441,16.080728],[73.99101,16.079422],[73.991517,16.079414],[73.993282,16.079432],[73.993939,16.079439],[73.994325,16.079446],[73.993914,16.078536],[74.001047,16.079322],[74.003666,16.078288],[74.004916,16.077795],[74.004998,16.077585],[74.006582,16.073871],[74.006802,16.073357],[74.006791,16.073309],[74.006533,16.071604],[74.006771,16.069962],[74.007776,16.068488],[74.00696,16.067054],[74.005705,16.065732],[74.00447,16.064521],[74.003196,16.063362],[74.001057,16.062093],[73.999079,16.061303],[73.997583,16.060705],[73.995364,16.058406],[73.99684,16.058351],[73.996781,16.058009],[73.996781,16.058009],[73.996783,16.058009],[73.99679,16.05801],[73.993631,16.056017],[73.992451,16.055324],[73.990338,16.054164],[73.989732,16.053841],[73.989637,16.053683],[73.988756,16.052737],[73.987014,16.052147],[73.986863,16.051971],[73.984438,16.05031],[73.984188,16.050264],[73.983581,16.050204],[73.981307,16.05015],[73.980708,16.050149],[73.980189,16.050041],[73.978907,16.049758],[73.977456,16.04943],[73.977025,16.049329],[73.976881,16.049323],[73.974582,16.04985],[73.973357,16.05009],[73.972535,16.050213],[73.969417,16.051068],[73.96923,16.051089],[73.968643,16.050854],[73.968013,16.050248],[73.966926,16.049206],[73.965903,16.04881],[73.963039,16.047465],[73.960601,16.046313],[73.960074,16.047351],[73.959209,16.051192],[73.959274,16.065043],[73.959106,16.068275],[73.958433,16.072659],[73.955473,16.076739],[73.953698,16.078572],[73.953231,16.079247],[73.953249,16.079413],[73.953329,16.080134],[73.953611,16.081035],[73.953898,16.081937],[73.954071,16.083365],[73.954278,16.084981],[73.954116,16.086573],[73.953251,16.090258],[73.951144,16.097858],[73.951353,16.097837]]]]},"geometry_name":"the_geom","properties":{"ADI_2001":0,"ADI_2011":0,"ADI_2019":0,"ASSET_2001":0,"ASSET_2011":0,"ASSET_2019":0,"BF_2001":0,"BF_2011":0,"BF_2019":0,"FC_2001":0,"FC_2011":0,"FC_2019":0,"F_ILL":197,"F_LIT":335,"F_SC":70,"F_ST":0,"MSW_2001":0,"MSW_2011":0,"MSW_2019":0,"M_ILL":77,"M_LIT":446,"M_SC":71,"M_ST":0,"No_HH":294,"P_ILL":274,"P_LIT":781,"P_SC":141,"P_ST":0,"TOT_F":532,"TOT_M":523,"TOT_P":1055,"block_cen":4280,"dist_cen":529,"district":"SINDHUDURG","state":"MAHARASHTRA","state_cen":27,"tehsil":"Kudal","vill_ID":566764,"vill_name":"SHIVAPUR"}},{"type":"Feature","id":"sindhudurg_kudal.80","geometry":{"type":"MultiPolygon","coordinates":[[[[73.960346,16.046193],[73.960033,16.044666],[73.959818,16.043692],[73.959729,16.043289],[73.959666,16.043188],[73.959538,16.042788],[73.958361,16.042828],[73.955272,16.043084],[73.952528,16.042861],[73.947042,16.04111],[73.941715,16.039493],[73.938953,16.039239],[73.935667,16.039125],[73.933238,16.039364],[73.932417,16.039553],[73.932021,16.039645],[73.929399,16.041017],[73.925729,16.042517],[73.92188,16.044017],[73.918211,16.044707],[73.91699,16.044828],[73.91646,16.045302],[73.916278,16.045789],[73.916266,16.04661],[73.916953,16.047291],[73.920392,16.051179],[73.921065,16.053494],[73.921211,16.054262],[73.924378,16.054257],[73.927515,16.054837],[73.929602,16.055711],[73.931515,16.056904],[73.932907,16.058082],[73.933954,16.05925],[73.934478,16.059915],[73.934481,16.061057],[73.934665,16.062857],[73.935208,16.064994],[73.936114,16.067307],[73.937911,16.069322],[73.940973,16.071398],[73.94387,16.072843],[73.946771,16.073821],[73.948613,16.074603],[73.950178,16.076079],[73.953249,16.079413],[73.953231,16.079247],[73.953698,16.078572],[73.955473,16.076739],[73.958433,16.072659],[73.959106,16.068275],[73.959274,16.065043],[73.959209,16.051192],[73.960074,16.047351],[73.960601,16.046313],[73.960346,16.046193]]]]},"geometry_name":"the_geom","properties":{"ADI_2001":0,"ADI_2011":0,"ADI_2019":0,"ASSET_2001":0,"ASSET_2011":0,"ASSET_2019":0,"BF_2001":0,"BF_2011":0,"BF_2019":0,"FC_2001":0,"FC_2011":0,"FC_2019":0,"F_ILL":104,"F_LIT":157,"F_SC":15,"F_ST":0,"MSW_2001":0,"MSW_2011":0,"MSW_2019":0,"M_ILL":73,"M_LIT":175,"M_SC":18,"M_ST":0,"No_HH":152,"P_ILL":177,"P_LIT":332,"P_SC":33,"P_ST":0,"TOT_F":261,"TOT_M":248,"TOT_P":509,"block_cen":4280,"dist_cen":529,"district":"SINDHUDURG","state":"MAHARASHTRA","state_cen":27,"tehsil":"Kudal","vill_ID":566765,"vill_name":"WASOLI"}},{"type":"Feature","id":"sindhudurg_kudal.81","geometry":{"type":"MultiPolygon","coordinates":[[[[73.90233,16.033725],[73.902961,16.034943],[73.904441,16.036373],[73.906987,16.037995],[73.911278,16.041473],[73.916278,16.045789],[73.91646,16.045302],[73.91699,16.044828],[73.918211,16.044707],[73.92188,16.044017],[73.925729,16.042517],[73.929399,16.041017],[73.932021,16.039645],[73.932417,16.039553],[73.931004,16.038298],[73.926348,16.036325],[73.922368,16.035347],[73.920646,16.034456],[73.919966,16.033606],[73.918936,16.032905],[73.917214,16.032007],[73.915654,16.031773],[73.913048,16.031655],[73.910098,16.03168],[73.907345,16.031863],[73.902496,16.032153],[73.90233,16.033725]]]]},"geometry_name":"the_geom","properties":{"ADI_2001":0,"ADI_2011":0,"ADI_2019":0,"ASSET_2001":0,"ASSET_2011":0,"ASSET_2019":0,"BF_2001":0,"BF_2011":0,"BF_2019":0,"FC_2001":0,"FC_2011":0,"FC_2019":0,"F_ILL":36,"F_LIT":69,"F_SC":2,"F_ST":0,"MSW_2001":0,"MSW_2011":0,"MSW_2019":0,"M_ILL":12,"M_LIT":75,"M_SC":4,"M_ST":0,"No_HH":56,"P_ILL":48,"P_LIT":144,"P_SC":6,"P_ST":0,"TOT_F":105,"TOT_M":87,"TOT_P":192,"block_cen":4280,"dist_cen":529,"district":"SINDHUDURG","state":"MAHARASHTRA","state_cen":27,"tehsil":"Kudal","vill_ID":566766,"vill_name":"SAKIRDE"}},{"type":"Feature","id":"sindhudurg_kudal.82","geometry":{"type":"MultiPolygon","coordinates":[[[[73.959179,16.041664],[73.958974,16.040829],[73.959157,16.040486],[73.959514,16.039997],[73.960365,16.038803],[73.961114,16.037842],[73.961611,16.037245],[73.961391,16.036602],[73.961234,16.036155],[73.960442,16.034951],[73.959268,16.033262],[73.958048,16.031628],[73.957127,16.030783],[73.955991,16.02967],[73.955639,16.02853],[73.954658,16.027932],[73.953846,16.027384],[73.953445,16.027135],[73.952634,16.026141],[73.95076,16.024918],[73.94983,16.024309],[73.948866,16.023782],[73.947791,16.023231],[73.947715,16.023158],[73.946668,16.022917],[73.94601,16.022777],[73.944961,16.022497],[73.944406,16.022345],[73.943866,16.022198],[73.943812,16.022204],[73.943029,16.022296],[73.94223,16.021625],[73.941253,16.021873],[73.939595,16.022326],[73.939141,16.022237],[73.938224,16.021942],[73.937408,16.022015],[73.937174,16.021992],[73.936264,16.021707],[73.935454,16.021715],[73.933922,16.021745],[73.933177,16.021753],[73.932063,16.021558],[73.93097,16.021522],[73.930688,16.021401],[73.929427,16.020761],[73.928585,16.020538],[73.926899,16.019781],[73.926536,16.019086],[73.925639,16.018715],[73.925181,16.018526],[73.925008,16.018601],[73.924414,16.018764],[73.923015,16.018555],[73.922299,16.018533],[73.921462,16.01834],[73.919689,16.017897],[73.917883,16.017467],[73.917541,16.017355],[73.917418,16.01721],[73.916623,16.016023],[73.915632,16.015423],[73.914426,16.014695],[73.913242,16.014143],[73.912882,16.013454],[73.912962,16.012798],[73.912928,16.012656],[73.912416,16.012853],[73.910683,16.013495],[73.910136,16.013559],[73.908997,16.013681],[73.908279,16.01419],[73.9076,16.014269],[73.907429,16.014227],[73.906537,16.013897],[73.906341,16.013939],[73.904532,16.014119],[73.902601,16.014234],[73.901697,16.014622],[73.90077,16.015403],[73.899826,16.01534],[73.89866,16.015475],[73.898205,16.015848],[73.898044,16.016246],[73.897575,16.016529],[73.897161,16.016862],[73.896658,16.016509],[73.896529,16.016143],[73.896386,16.015727],[73.896132,16.017264],[73.896427,16.018801],[73.896745,16.019499],[73.897573,16.02007],[73.898415,16.020137],[73.89942,16.020385],[73.900426,16.020632],[73.901742,16.021742],[73.902704,16.023326],[73.903293,16.025888],[73.903024,16.028725],[73.902594,16.031218],[73.902496,16.032153],[73.907345,16.031863],[73.910098,16.03168],[73.913048,16.031655],[73.915654,16.031773],[73.917214,16.032007],[73.918936,16.032905],[73.919966,16.033606],[73.920646,16.034456],[73.922368,16.035347],[73.926348,16.036325],[73.931004,16.038298],[73.932417,16.039553],[73.933238,16.039364],[73.935667,16.039125],[73.938953,16.039239],[73.941715,16.039493],[73.947042,16.04111],[73.952528,16.042861],[73.955272,16.043084],[73.958361,16.042828],[73.959538,16.042788],[73.959179,16.041664]]]]},"geometry_name":"the_geom","properties":{"ADI_2001":0,"ADI_2011":0,"ADI_2019":0,"ASSET_2001":0,"ASSET_2011":0,"ASSET_2019":0,"BF_2001":0,"BF_2011":0,"BF_2019":0,"FC_2001":0,"FC_2011":0,"FC_2019":0,"F_ILL":110,"F_LIT":152,"F_SC":8,"F_ST":0,"MSW_2001":0,"MSW_2011":0,"MSW_2019":0,"M_ILL":54,"M_LIT":181,"M_SC":8,"M_ST":0,"No_HH":153,"P_ILL":164,"P_LIT":333,"P_SC":16,"P_ST":0,"TOT_F":262,"TOT_M":235,"TOT_P":497,"block_cen":4280,"dist_cen":529,"district":"SINDHUDURG","state":"MAHARASHTRA","state_cen":27,"tehsil":"Kudal","vill_ID":566767,"vill_name":"UPAVADE"}},{"type":"Feature","id":"sindhudurg_kudal.83","geometry":{"type":"MultiPolygon","coordinates":[[[[73.896293,16.015455],[73.89596,16.015021],[73.89494,16.013804],[73.893855,16.012506],[73.893781,16.012401],[73.892986,16.011832],[73.892888,16.011779],[73.892087,16.011199],[73.891972,16.011122],[73.891846,16.011051],[73.890891,16.010364],[73.890619,16.010178],[73.890483,16.010079],[73.890101,16.009798],[73.889713,16.009859],[73.888538,16.008719],[73.88798,16.008177],[73.887799,16.008035],[73.886835,16.007135],[73.886072,16.00643],[73.88492,16.005423],[73.884871,16.005347],[73.88447,16.004868],[73.883686,16.004535],[73.88299,16.004332],[73.882823,16.004304],[73.881739,16.003369],[73.881092,16.0035],[73.880692,16.003132],[73.879791,16.002725],[73.879714,16.002568],[73.879188,16.001222],[73.878829,16.000367],[73.878464,16.000192],[73.877189,15.999589],[73.875293,15.998662],[73.874691,15.998091],[73.874517,15.997947],[73.874354,15.997775],[73.873748,15.997593],[73.873371,15.99726],[73.873287,15.997156],[73.87244,15.996872],[73.87232,15.996863],[73.87216,15.997057],[73.872131,15.9971],[73.870811,15.995919],[73.870307,15.995732],[73.868076,15.996458],[73.865481,15.99723],[73.862363,15.998795],[73.860284,16.000791],[73.857,16.005873],[73.855455,16.010108],[73.855459,16.011287],[73.855804,16.011655],[73.856321,16.011871],[73.857354,16.01247],[73.858043,16.013038],[73.858559,16.013759],[73.859075,16.015492],[73.859249,16.018374],[73.859935,16.020969],[73.860723,16.023902],[73.861316,16.023831],[73.864543,16.023788],[73.866576,16.024312],[73.868094,16.025127],[73.869271,16.025911],[73.869771,16.026634],[73.870939,16.027756],[73.872932,16.029633],[73.875416,16.031385],[73.878397,16.03267],[73.879375,16.032823],[73.880889,16.033059],[73.882216,16.033344],[73.883697,16.033982],[73.885005,16.034774],[73.886642,16.035593],[73.89008,16.037242],[73.890424,16.036931],[73.891616,16.036344],[73.895202,16.034579],[73.897921,16.033763],[73.90116,16.03281],[73.902496,16.032153],[73.902594,16.031218],[73.903024,16.028725],[73.903293,16.025888],[73.902704,16.023326],[73.901742,16.021742],[73.900426,16.020632],[73.89942,16.020385],[73.898415,16.020137],[73.897573,16.02007],[73.896745,16.019499],[73.896427,16.018801],[73.896132,16.017264],[73.896386,16.015727],[73.896293,16.015455]]]]},"geometry_name":"the_geom","properties":{"ADI_2001":0,"ADI_2011":0,"ADI_2019":0,"ASSET_2001":0,"ASSET_2011":0,"ASSET_2019":0,"BF_2001":0,"BF_2011":0,"BF_2019":0,"FC_2001":0,"FC_2011":0,"FC_2019":0,"F_ILL":141,"F_LIT":206,"F_SC":23,"F_ST":0,"MSW_2001":0,"MSW_2011":0,"MSW_2019":0,"M_ILL":80,"M_LIT":274,"M_SC":22,"M_ST":0,"No_HH":165,"P_ILL":221,"P_LIT":480,"P_SC":45,"P_ST":0,"TOT_F":347,"TOT_M":354,"TOT_P":701,"block_cen":4280,"dist_cen":529,"district":"SINDHUDURG","state":"MAHARASHTRA","state_cen":27,"tehsil":"Kudal","vill_ID":566768,"vill_name":"PULAS"}},{"type":"Feature","id":"sindhudurg_kudal.84","geometry":{"type":"MultiPolygon","coordinates":[[[[73.841818,16.010141],[73.841928,16.009235],[73.841798,16.007964],[73.841673,16.007267],[73.84119,16.006309],[73.839993,16.005289],[73.83832,16.00434],[73.836886,16.00387],[73.835093,16.003368],[73.832582,16.003028],[73.831627,16.003056],[73.830312,16.003166],[73.828522,16.003574],[73.826969,16.003889],[73.825648,16.003654],[73.824446,16.003429],[73.823598,16.002779],[73.82323,16.002175],[73.822857,16.001227],[73.822729,16.000531],[73.822721,15.999852],[73.821273,15.999947],[73.820674,16.00012],[73.819954,16.000281],[73.819355,16.000454],[73.818761,16.001083],[73.817101,16.002865],[73.81464,16.007074],[73.814055,16.008044],[73.8131,16.008524],[73.811659,16.008846],[73.810349,16.00975],[73.807273,16.012887],[73.80271,16.019688],[73.804275,16.019824],[73.807438,16.020446],[73.809764,16.021679],[73.812579,16.023415],[73.813822,16.024106],[73.814538,16.023946],[73.816338,16.024004],[73.819447,16.023962],[73.821825,16.023627],[73.824426,16.022747],[73.826653,16.021143],[73.828889,16.019875],[73.830311,16.019554],[73.832209,16.019391],[73.834214,16.01855],[73.835862,16.017673],[73.836204,16.016674],[73.836535,16.014873],[73.837231,16.013563],[73.838174,16.013075],[73.839714,16.012869],[73.840902,16.013089],[73.841818,16.010141]]]]},"geometry_name":"the_geom","properties":{"ADI_2001":0,"ADI_2011":0,"ADI_2019":0,"ASSET_2001":0,"ASSET_2011":0,"ASSET_2019":0,"BF_2001":0,"BF_2011":0,"BF_2019":0,"FC_2001":0,"FC_2011":0,"FC_2019":0,"F_ILL":111,"F_LIT":300,"F_SC":27,"F_ST":0,"MSW_2001":0,"MSW_2011":0,"MSW_2019":0,"M_ILL":77,"M_LIT":348,"M_SC":16,"M_ST":0,"No_HH":186,"P_ILL":188,"P_LIT":648,"P_SC":43,"P_ST":0,"TOT_F":411,"TOT_M":425,"TOT_P":836,"block_cen":4280,"dist_cen":529,"district":"SINDHUDURG","state":"MAHARASHTRA","state_cen":27,"tehsil":"Kudal","vill_ID":566769,"vill_name":"WADOS"}},{"type":"Feature","id":"sindhudurg_kudal.85","geometry":{"type":"MultiPolygon","coordinates":[[[[73.820014,15.994665],[73.819876,15.99294],[73.819956,15.992208],[73.819171,15.991822],[73.818695,15.99148],[73.818219,15.991212],[73.817507,15.991072],[73.816558,15.990986],[73.815768,15.990913],[73.811893,15.991005],[73.808725,15.991085],[73.807138,15.991013],[73.806105,15.990918],[73.805467,15.990636],[73.804827,15.99028],[73.804344,15.989788],[73.803781,15.989215],[73.803219,15.988717],[73.802497,15.988279],[73.80162,15.988125],[73.801116,15.98812],[73.800664,15.988114],[73.799869,15.988267],[73.799157,15.988652],[73.798367,15.989254],[73.79603,15.990626],[73.796227,15.991089],[73.79624,15.99207],[73.795041,15.994818],[73.793282,15.998143],[73.792827,15.999531],[73.793149,16.001607],[73.793458,16.00288],[73.794258,16.004907],[73.79428,16.006067],[73.794193,16.006505],[73.793079,16.008104],[73.791504,16.010467],[73.791015,16.011388],[73.791409,16.011565],[73.791787,16.012052],[73.792802,16.013731],[73.794809,16.015947],[73.798412,16.018638],[73.800869,16.019529],[73.80271,16.019688],[73.807273,16.012887],[73.810349,16.00975],[73.811659,16.008846],[73.8131,16.008524],[73.814055,16.008044],[73.81464,16.007074],[73.817101,16.002865],[73.818761,16.001083],[73.819355,16.000454],[73.819954,16.000281],[73.820674,16.00012],[73.821273,15.999947],[73.820014,15.994665]]]]},"geometry_name":"the_geom","properties":{"ADI_2001":0,"ADI_2011":0,"ADI_2019":0,"ASSET_2001":0,"ASSET_2011":0,"ASSET_2019":0,"BF_2001":0,"BF_2011":0,"BF_2019":0,"FC_2001":0,"FC_2011":0,"FC_2019":0,"F_ILL":149,"F_LIT":277,"F_SC":30,"F_ST":0,"MSW_2001":0,"MSW_2011":0,"MSW_2019":0,"M_ILL":112,"M_LIT":331,"M_SC":14,"M_ST":3,"No_HH":217,"P_ILL":261,"P_LIT":608,"P_SC":44,"P_ST":3,"TOT_F":426,"TOT_M":443,"TOT_P":869,"block_cen":4280,"dist_cen":529,"district":"SINDHUDURG","state":"MAHARASHTRA","state_cen":27,"tehsil":"Kudal","vill_ID":566770,"vill_name":"AMBERI"}},{"type":"Feature","id":"sindhudurg_kudal.86","geometry":{"type":"MultiPolygon","coordinates":[[[[73.791504,16.010467],[73.793079,16.008104],[73.794193,16.006505],[73.79428,16.006067],[73.794258,16.004907],[73.793458,16.00288],[73.793149,16.001607],[73.792827,15.999531],[73.793282,15.998143],[73.795041,15.994818],[73.79624,15.99207],[73.796227,15.991089],[73.79603,15.990626],[73.795456,15.990487],[73.794501,15.990315],[73.793929,15.990355],[73.793072,15.99046],[73.792216,15.990744],[73.790511,15.991758],[73.78881,15.993132],[73.788051,15.993604],[73.787287,15.99372],[73.78652,15.993656],[73.785651,15.993228],[73.784882,15.993076],[73.783923,15.993087],[73.783247,15.992765],[73.782186,15.992411],[73.781414,15.99217],[73.780355,15.992086],[73.779107,15.992255],[73.778244,15.992454],[73.776106,15.992733],[73.776111,15.993066],[73.776025,15.993774],[73.77584,15.994385],[73.775757,15.995272],[73.775961,15.996003],[73.776353,15.996481],[73.777132,15.996988],[73.777813,15.997399],[73.778591,15.997906],[73.779179,15.998578],[73.779573,15.999144],[73.779583,15.99977],[73.779592,16.000306],[73.779405,16.000649],[73.778383,16.00181],[73.778519,16.002065],[73.778778,16.002771],[73.779161,16.003487],[73.77991,16.004003],[73.781274,16.004453],[73.781901,16.005073],[73.783168,16.007001],[73.784816,16.009529],[73.785204,16.010472],[73.785704,16.010854],[73.786698,16.01139],[73.787438,16.011782],[73.788342,16.011431],[73.788829,16.011242],[73.789932,16.011217],[73.790791,16.011287],[73.791015,16.011388],[73.791504,16.010467]]]]},"geometry_name":"the_geom","properties":{"ADI_2001":0,"ADI_2011":0,"ADI_2019":0,"ASSET_2001":0,"ASSET_2011":0,"ASSET_2019":0,"BF_2001":0,"BF_2011":0,"BF_2019":0,"FC_2001":0,"FC_2011":0,"FC_2019":0,"F_ILL":192,"F_LIT":306,"F_SC":121,"F_ST":0,"MSW_2001":0,"MSW_2011":0,"MSW_2019":0,"M_ILL":90,"M_LIT":351,"M_SC":70,"M_ST":1,"No_HH":237,"P_ILL":282,"P_LIT":657,"P_SC":191,"P_ST":1,"TOT_F":498,"TOT_M":441,"TOT_P":939,"block_cen":4280,"dist_cen":529,"district":"SINDHUDURG","state":"MAHARASHTRA","state_cen":27,"tehsil":"Kudal","vill_ID":566771,"vill_name":"GHAVANALE"}},{"type":"Feature","id":"sindhudurg_kudal.87","geometry":{"type":"MultiPolygon","coordinates":[[[[73.744108,15.990463],[73.745186,15.99275],[73.745662,15.994857],[73.746498,15.998372],[73.747375,15.99843],[73.748377,15.998613],[73.749133,15.999008],[73.749885,15.999174],[73.750761,15.999233],[73.751131,15.998913],[73.752747,15.998333],[73.753988,15.997843],[73.756107,15.99776],[73.759102,15.998084],[73.762977,15.999278],[73.76548,16.000376],[73.76836,16.001293],[73.768976,16.000994],[73.770087,16.000733],[73.773918,16.000221],[73.775154,16.000202],[73.776517,16.000422],[73.777633,16.000738],[73.778137,16.001349],[73.778383,16.00181],[73.779405,16.000649],[73.779592,16.000306],[73.779583,15.99977],[73.779573,15.999144],[73.779179,15.998578],[73.778591,15.997906],[73.777813,15.997399],[73.777132,15.996988],[73.776353,15.996481],[73.775961,15.996003],[73.775757,15.995272],[73.77584,15.994385],[73.776025,15.993774],[73.776111,15.993066],[73.776106,15.992733],[73.776102,15.992439],[73.77571,15.991962],[73.775223,15.991566],[73.774542,15.991155],[73.774058,15.991028],[73.77338,15.990885],[73.772705,15.990922],[73.772127,15.991056],[73.771552,15.991369],[73.770979,15.991861],[73.770595,15.9921],[73.769919,15.992137],[73.769049,15.99216],[73.768565,15.992123],[73.767981,15.9919],[73.767592,15.991781],[73.767105,15.991565],[73.766521,15.991342],[73.765356,15.991164],[73.764579,15.991017],[73.763512,15.990938],[73.762636,15.990694],[73.761852,15.990098],[73.761439,15.989773],[73.76097,15.989405],[73.759989,15.988616],[73.758811,15.987543],[73.758025,15.986768],[73.756649,15.985412],[73.755677,15.984529],[73.753789,15.98449],[73.751945,15.984237],[73.750496,15.984134],[73.748028,15.984542],[73.748416,15.984923],[73.748573,15.985626],[73.747683,15.986533],[73.746496,15.987698],[73.744852,15.988418],[73.742955,15.989206],[73.744108,15.990463]]]]},"geometry_name":"the_geom","properties":{"ADI_2001":0,"ADI_2011":0,"ADI_2019":0,"ASSET_2001":0,"ASSET_2011":0,"ASSET_2019":0,"BF_2001":0,"BF_2011":0,"BF_2019":0,"FC_2001":0,"FC_2011":0,"FC_2019":0,"F_ILL":122,"F_LIT":275,"F_SC":2,"F_ST":0,"MSW_2001":0,"MSW_2011":0,"MSW_2019":0,"M_ILL":64,"M_LIT":333,"M_SC":0,"M_ST":0,"No_HH":186,"P_ILL":186,"P_LIT":608,"P_SC":2,"P_ST":0,"TOT_F":397,"TOT_M":397,"TOT_P":794,"block_cen":4280,"dist_cen":529,"district":"SINDHUDURG","state":"MAHARASHTRA","state_cen":27,"tehsil":"Kudal","vill_ID":566772,"vill_name":"NAMASPUR"}},{"type":"Feature","id":"sindhudurg_kudal.88","geometry":{"type":"MultiPolygon","coordinates":[[[[73.775392,15.970111],[73.773414,15.972044],[73.771697,15.973509],[73.770635,15.973917],[73.767876,15.974351],[73.767788,15.975042],[73.767405,15.975459],[73.765772,15.976762],[73.765257,15.977035],[73.765236,15.978341],[73.765248,15.979569],[73.764615,15.982501],[73.764159,15.984133],[73.763052,15.986944],[73.761439,15.989773],[73.761852,15.990098],[73.762636,15.990694],[73.763512,15.990938],[73.764579,15.991017],[73.765356,15.991164],[73.766521,15.991342],[73.767105,15.991565],[73.767592,15.991781],[73.767981,15.9919],[73.768565,15.992123],[73.769049,15.99216],[73.769919,15.992137],[73.770595,15.9921],[73.770979,15.991861],[73.771552,15.991369],[73.772127,15.991056],[73.772705,15.990922],[73.77338,15.990885],[73.774058,15.991028],[73.774542,15.991155],[73.777157,15.986644],[73.778445,15.983419],[73.779198,15.979538],[73.779289,15.975357],[73.778739,15.973219],[73.776855,15.970231],[73.776222,15.969532],[73.775392,15.970111]]]]},"geometry_name":"the_geom","properties":{"ADI_2001":0,"ADI_2011":0,"ADI_2019":0,"ASSET_2001":0,"ASSET_2011":0,"ASSET_2019":0,"BF_2001":0,"BF_2011":0,"BF_2019":0,"FC_2001":0,"FC_2011":0,"FC_2019":0,"F_ILL":113,"F_LIT":342,"F_SC":17,"F_ST":9,"MSW_2001":0,"MSW_2011":0,"MSW_2019":0,"M_ILL":68,"M_LIT":377,"M_SC":25,"M_ST":4,"No_HH":192,"P_ILL":181,"P_LIT":719,"P_SC":42,"P_ST":13,"TOT_F":455,"TOT_M":445,"TOT_P":900,"block_cen":4280,"dist_cen":529,"district":"SINDHUDURG","state":"MAHARASHTRA","state_cen":27,"tehsil":"Kudal","vill_ID":566773,"vill_name":"NANELI"}},{"type":"Feature","id":"sindhudurg_kudal.89","geometry":{"type":"MultiPolygon","coordinates":[[[[73.79963,15.976255],[73.792914,15.975778],[73.792601,15.975785],[73.790672,15.975828],[73.789613,15.97549],[73.788418,15.974649],[73.783771,15.972531],[73.779382,15.970809],[73.776222,15.969532],[73.776855,15.970231],[73.778739,15.973219],[73.779289,15.975357],[73.779198,15.979538],[73.778445,15.983419],[73.777157,15.986644],[73.774542,15.991155],[73.775223,15.991566],[73.77571,15.991962],[73.776102,15.992439],[73.776106,15.992733],[73.778244,15.992454],[73.779107,15.992255],[73.780355,15.992086],[73.781414,15.99217],[73.782186,15.992411],[73.783247,15.992765],[73.783923,15.993087],[73.784882,15.993076],[73.785651,15.993228],[73.78652,15.993656],[73.787287,15.99372],[73.788051,15.993604],[73.78881,15.993132],[73.790511,15.991758],[73.792216,15.990744],[73.793072,15.99046],[73.793929,15.990355],[73.794501,15.990315],[73.795456,15.990487],[73.79603,15.990626],[73.798367,15.989254],[73.799157,15.988652],[73.799869,15.988267],[73.800664,15.988114],[73.801116,15.98812],[73.801034,15.976749],[73.79963,15.976255]]]]},"geometry_name":"the_geom","properties":{"ADI_2001":0,"ADI_2011":0,"ADI_2019":0,"ASSET_2001":0,"ASSET_2011":0,"ASSET_2019":0,"BF_2001":0,"BF_2011":0,"BF_2019":0,"FC_2001":0,"FC_2011":0,"FC_2019":0,"F_ILL":109,"F_LIT":286,"F_SC":0,"F_ST":0,"MSW_2001":0,"MSW_2011":0,"MSW_2019":0,"M_ILL":58,"M_LIT":343,"M_SC":0,"M_ST":0,"No_HH":181,"P_ILL":167,"P_LIT":629,"P_SC":0,"P_ST":0,"TOT_F":395,"TOT_M":401,"TOT_P":796,"block_cen":4280,"dist_cen":529,"district":"SINDHUDURG","state":"MAHARASHTRA","state_cen":27,"tehsil":"Kudal","vill_ID":566774,"vill_name":"BENGAON"}},{"type":"Feature","id":"sindhudurg_kudal.90","geometry":{"type":"MultiPolygon","coordinates":[[[[73.840811,15.982969],[73.840559,15.982862],[73.839543,15.981984],[73.839072,15.981227],[73.8383,15.981029],[73.836962,15.981359],[73.836694,15.981516],[73.834627,15.980548],[73.834585,15.980529],[73.83437,15.980452],[73.833936,15.979423],[73.833865,15.979372],[73.833906,15.979206],[73.83283,15.978244],[73.832552,15.978413],[73.829912,15.980582],[73.826913,15.983061],[73.823086,15.987748],[73.820462,15.991166],[73.819987,15.991922],[73.819956,15.992208],[73.819876,15.99294],[73.820014,15.994665],[73.821273,15.999947],[73.822721,15.999852],[73.822721,15.999845],[73.822716,15.999502],[73.822712,15.999159],[73.822949,15.998839],[73.823666,15.998448],[73.824747,15.998432],[73.827501,15.997769],[73.829291,15.996788],[73.832023,15.993717],[73.833216,15.992908],[73.836083,15.991903],[73.838229,15.990604],[73.839539,15.98946],[73.840369,15.987701],[73.840723,15.986016],[73.841318,15.98458],[73.842023,15.983422],[73.840811,15.982969]]]]},"geometry_name":"the_geom","properties":{"ADI_2001":0,"ADI_2011":0,"ADI_2019":0,"ASSET_2001":0,"ASSET_2011":0,"ASSET_2019":0,"BF_2001":0,"BF_2011":0,"BF_2019":0,"FC_2001":0,"FC_2011":0,"FC_2019":0,"F_ILL":33,"F_LIT":86,"F_SC":0,"F_ST":0,"MSW_2001":0,"MSW_2011":0,"MSW_2019":0,"M_ILL":19,"M_LIT":117,"M_SC":0,"M_ST":0,"No_HH":54,"P_ILL":52,"P_LIT":203,"P_SC":0,"P_ST":0,"TOT_F":119,"TOT_M":136,"TOT_P":255,"block_cen":4280,"dist_cen":529,"district":"SINDHUDURG","state":"MAHARASHTRA","state_cen":27,"tehsil":"Kudal","vill_ID":566775,"vill_name":"KANDULI"}},{"type":"Feature","id":"sindhudurg_kudal.91","geometry":{"type":"MultiPolygon","coordinates":[[[[73.870255,15.995713],[73.869601,15.995039],[73.869409,15.99404],[73.869332,15.993806],[73.869255,15.99328],[73.869145,15.992621],[73.86902,15.992022],[73.869028,15.99178],[73.869007,15.991614],[73.868425,15.991667],[73.868205,15.991687],[73.868134,15.991643],[73.86685,15.991385],[73.866716,15.99115],[73.86595,15.991368],[73.865776,15.991426],[73.865714,15.99126],[73.865018,15.989854],[73.863881,15.989133],[73.863727,15.989036],[73.863619,15.988894],[73.862799,15.987546],[73.862733,15.987408],[73.862642,15.987317],[73.861834,15.986428],[73.86172,15.986299],[73.861597,15.986128],[73.860857,15.984925],[73.860703,15.984684],[73.860632,15.984569],[73.860457,15.984634],[73.859384,15.985018],[73.859231,15.985078],[73.859033,15.985109],[73.857963,15.985266],[73.8574,15.984861],[73.85721,15.984926],[73.856193,15.985357],[73.855618,15.985577],[73.855368,15.985722],[73.854205,15.986251],[73.854061,15.986335],[73.853894,15.986344],[73.85304,15.986419],[73.852502,15.986501],[73.852324,15.986525],[73.852125,15.986518],[73.85061,15.986455],[73.84982,15.985928],[73.849637,15.985862],[73.849505,15.985829],[73.847753,15.985649],[73.847638,15.985644],[73.847435,15.985676],[73.846671,15.985742],[73.846487,15.985776],[73.846425,15.985788],[73.846237,15.985796],[73.845217,15.98591],[73.844387,15.984843],[73.843241,15.984179],[73.842821,15.98372],[73.842023,15.983422],[73.841318,15.98458],[73.840723,15.986016],[73.840369,15.987701],[73.839539,15.98946],[73.838229,15.990604],[73.836083,15.991903],[73.833216,15.992908],[73.832023,15.993717],[73.829291,15.996788],[73.827501,15.997769],[73.824747,15.998432],[73.823666,15.998448],[73.822949,15.998839],[73.822712,15.999159],[73.822716,15.999502],[73.822721,15.999845],[73.822721,15.999852],[73.822729,16.000531],[73.822857,16.001227],[73.82323,16.002175],[73.823598,16.002779],[73.824446,16.003429],[73.825648,16.003654],[73.826969,16.003889],[73.828522,16.003574],[73.830312,16.003166],[73.831627,16.003056],[73.832582,16.003028],[73.835093,16.003368],[73.836886,16.00387],[73.83832,16.00434],[73.839993,16.005289],[73.84119,16.006309],[73.841673,16.007267],[73.841798,16.007964],[73.841928,16.009235],[73.841818,16.010141],[73.840902,16.013089],[73.841734,16.013391],[73.842331,16.013901],[73.842932,16.01487],[73.844399,16.015638],[73.845299,16.01534],[73.846072,16.015406],[73.847227,16.015127],[73.848126,16.014952],[73.849663,16.014454],[73.851959,16.013158],[73.854256,16.011994],[73.855804,16.011655],[73.855459,16.011287],[73.855455,16.010108],[73.857,16.005873],[73.860284,16.000791],[73.862363,15.998795],[73.865481,15.99723],[73.868076,15.996458],[73.870307,15.995732],[73.870255,15.995713]]]]},"geometry_name":"the_geom","properties":{"ADI_2001":0,"ADI_2011":0,"ADI_2019":0,"ASSET_2001":0,"ASSET_2011":0,"ASSET_2019":0,"BF_2001":0,"BF_2011":0,"BF_2019":0,"FC_2001":0,"FC_2011":0,"FC_2019":0,"F_ILL":146,"F_LIT":330,"F_SC":9,"F_ST":0,"MSW_2001":0,"MSW_2011":0,"MSW_2019":0,"M_ILL":87,"M_LIT":368,"M_SC":9,"M_ST":0,"No_HH":184,"P_ILL":233,"P_LIT":698,"P_SC":18,"P_ST":0,"TOT_F":476,"TOT_M":455,"TOT_P":931,"block_cen":4280,"dist_cen":529,"district":"SINDHUDURG","state":"MAHARASHTRA","state_cen":27,"tehsil":"Kudal","vill_ID":566776,"vill_name":"MORE"}},{"type":"Feature","id":"sindhudurg_kudal.92","geometry":{"type":"MultiPolygon","coordinates":[[[[73.832126,15.977615],[73.831296,15.976894],[73.831189,15.976503],[73.831003,15.976338],[73.830912,15.976013],[73.830669,15.974721],[73.829501,15.972124],[73.829441,15.972025],[73.829412,15.971976],[73.827185,15.969794],[73.826127,15.96878],[73.824741,15.967899],[73.822949,15.966552],[73.822633,15.965702],[73.822238,15.964441],[73.820568,15.961805],[73.81998,15.961225],[73.819907,15.961083],[73.819302,15.960273],[73.819257,15.960157],[73.818217,15.958165],[73.818186,15.958068],[73.817063,15.957468],[73.816588,15.957477],[73.815996,15.957488],[73.813484,15.957467],[73.811074,15.957782],[73.807795,15.957092],[73.807716,15.957108],[73.806275,15.956808],[73.804769,15.960887],[73.80315,15.965068],[73.801803,15.967872],[73.801019,15.973646],[73.801034,15.976749],[73.801116,15.98812],[73.80162,15.988125],[73.802497,15.988279],[73.803219,15.988717],[73.803781,15.989215],[73.804344,15.989788],[73.804827,15.99028],[73.805467,15.990636],[73.806105,15.990918],[73.807138,15.991013],[73.808725,15.991085],[73.811893,15.991005],[73.815768,15.990913],[73.816558,15.990986],[73.817507,15.991072],[73.818219,15.991212],[73.818695,15.99148],[73.819171,15.991822],[73.819956,15.992208],[73.819987,15.991922],[73.820462,15.991166],[73.823086,15.987748],[73.826913,15.983061],[73.829912,15.980582],[73.832552,15.978413],[73.83283,15.978244],[73.832126,15.977615]]]]},"geometry_name":"the_geom","properties":{"ADI_2001":0,"ADI_2011":0,"ADI_2019":0,"ASSET_2001":0,"ASSET_2011":0,"ASSET_2019":0,"BF_2001":0,"BF_2011":0,"BF_2019":0,"FC_2001":0,"FC_2011":0,"FC_2019":0,"F_ILL":147,"F_LIT":446,"F_SC":67,"F_ST":1,"MSW_2001":0,"MSW_2011":0,"MSW_2019":0,"M_ILL":83,"M_LIT":482,"M_SC":65,"M_ST":1,"No_HH":283,"P_ILL":230,"P_LIT":928,"P_SC":132,"P_ST":2,"TOT_F":593,"TOT_M":565,"TOT_P":1158,"block_cen":4280,"dist_cen":529,"district":"SINDHUDURG","state":"MAHARASHTRA","state_cen":27,"tehsil":"Kudal","vill_ID":566777,"vill_name":"KALELI"}},{"type":"Feature","id":"sindhudurg_kudal.93","geometry":{"type":"MultiPolygon","coordinates":[[[[73.805928,15.956735],[73.805524,15.955216],[73.80499,15.953396],[73.804667,15.952189],[73.803686,15.952162],[73.802749,15.952142],[73.801974,15.951395],[73.800874,15.950281],[73.799891,15.950608],[73.799305,15.950784],[73.798346,15.949644],[73.79787,15.950455],[73.793288,15.958979],[73.78919,15.964411],[73.787854,15.965629],[73.787108,15.965961],[73.787703,15.967091],[73.788248,15.969595],[73.788916,15.970759],[73.789452,15.971789],[73.790251,15.972596],[73.791182,15.973537],[73.792601,15.975785],[73.792914,15.975778],[73.79963,15.976255],[73.801034,15.976749],[73.801019,15.973646],[73.801803,15.967872],[73.80315,15.965068],[73.804769,15.960887],[73.806275,15.956808],[73.805928,15.956735]]]]},"geometry_name":"the_geom","properties":{"ADI_2001":0,"ADI_2011":0,"ADI_2019":0,"ASSET_2001":0,"ASSET_2011":0,"ASSET_2019":0,"BF_2001":0,"BF_2011":0,"BF_2019":0,"FC_2001":0,"FC_2011":0,"FC_2019":0,"F_ILL":112,"F_LIT":410,"F_SC":0,"F_ST":0,"MSW_2001":0,"MSW_2011":0,"MSW_2019":0,"M_ILL":65,"M_LIT":455,"M_SC":0,"M_ST":0,"No_HH":232,"P_ILL":177,"P_LIT":865,"P_SC":0,"P_ST":0,"TOT_F":522,"TOT_M":520,"TOT_P":1042,"block_cen":4280,"dist_cen":529,"district":"SINDHUDURG","state":"MAHARASHTRA","state_cen":27,"tehsil":"Kudal","vill_ID":566778,"vill_name":"TALIGAON"}},{"type":"Feature","id":"sindhudurg_kudal.94","geometry":{"type":"MultiPolygon","coordinates":[[[[73.785174,15.966821],[73.782103,15.967271],[73.780756,15.967247],[73.779793,15.967076],[73.779022,15.966833],[73.778344,15.96633],[73.777955,15.965673],[73.775226,15.962953],[73.774747,15.963628],[73.773302,15.964044],[73.772441,15.964474],[73.773363,15.96551],[73.774442,15.967569],[73.776222,15.969532],[73.779382,15.970809],[73.783771,15.972531],[73.788418,15.974649],[73.789613,15.97549],[73.790672,15.975828],[73.792601,15.975785],[73.791182,15.973537],[73.790251,15.972596],[73.789452,15.971789],[73.788916,15.970759],[73.788248,15.969595],[73.787703,15.967091],[73.787108,15.965961],[73.785174,15.966821]]]]},"geometry_name":"the_geom","properties":{"ADI_2001":0,"ADI_2011":0,"ADI_2019":0,"ASSET_2001":0,"ASSET_2011":0,"ASSET_2019":0,"BF_2001":0,"BF_2011":0,"BF_2019":0,"FC_2001":0,"FC_2011":0,"FC_2019":0,"F_ILL":204,"F_LIT":860,"F_SC":112,"F_ST":5,"MSW_2001":0,"MSW_2011":0,"MSW_2019":0,"M_ILL":145,"M_LIT":862,"M_SC":113,"M_ST":7,"No_HH":486,"P_ILL":349,"P_LIT":1722,"P_SC":225,"P_ST":12,"TOT_F":1064,"TOT_M":1007,"TOT_P":2071,"block_cen":4280,"dist_cen":529,"district":"SINDHUDURG","state":"MAHARASHTRA","state_cen":27,"tehsil":"Kudal","vill_ID":566779,"vill_name":"MANGAON"}},{"type":"Feature","id":"sindhudurg_kudal.95","geometry":{"type":"MultiPolygon","coordinates":[[[[73.763266,15.978089],[73.762299,15.978283],[73.761814,15.978335],[73.76003,15.978468],[73.760034,15.978888],[73.759783,15.979959],[73.75798,15.983218],[73.757073,15.984364],[73.756156,15.984539],[73.755677,15.984529],[73.756649,15.985412],[73.758025,15.986768],[73.758811,15.987543],[73.759989,15.988616],[73.76097,15.989405],[73.761439,15.989773],[73.763052,15.986944],[73.764159,15.984133],[73.764615,15.982501],[73.765248,15.979569],[73.765236,15.978341],[73.765257,15.977035],[73.763266,15.978089]]]]},"geometry_name":"the_geom","properties":{"ADI_2001":0,"ADI_2011":0,"ADI_2019":0,"ASSET_2001":0,"ASSET_2011":0,"ASSET_2019":0,"BF_2001":0,"BF_2011":0,"BF_2019":0,"FC_2001":0,"FC_2011":0,"FC_2019":0,"F_ILL":72,"F_LIT":289,"F_SC":6,"F_ST":14,"MSW_2001":0,"MSW_2011":0,"MSW_2019":0,"M_ILL":51,"M_LIT":289,"M_SC":5,"M_ST":13,"No_HH":170,"P_ILL":123,"P_LIT":578,"P_SC":11,"P_ST":27,"TOT_F":361,"TOT_M":340,"TOT_P":701,"block_cen":4280,"dist_cen":529,"district":"SINDHUDURG","state":"MAHARASHTRA","state_cen":27,"tehsil":"Kudal","vill_ID":566780,"vill_name":"NAMASGAON"}},{"type":"Feature","id":"sindhudurg_kudal.96","geometry":{"type":"MultiPolygon","coordinates":[[[[73.735979,15.972014],[73.737042,15.973196],[73.738406,15.974537],[73.739618,15.975591],[73.740525,15.976208],[73.741434,15.977102],[73.742193,15.977985],[73.742806,15.979274],[73.742967,15.980393],[73.74343,15.981672],[73.744341,15.982704],[73.745398,15.98333],[73.747658,15.984179],[73.748028,15.984542],[73.750496,15.984134],[73.751945,15.984237],[73.753789,15.98449],[73.755677,15.984529],[73.756156,15.984539],[73.757073,15.984364],[73.75798,15.983218],[73.759783,15.979959],[73.760034,15.978888],[73.76003,15.978468],[73.760025,15.977918],[73.759225,15.976646],[73.758826,15.97601],[73.758176,15.975103],[73.756713,15.975573],[73.754173,15.975798],[73.752525,15.975676],[73.750425,15.975246],[73.749369,15.974479],[73.748308,15.973019],[73.747551,15.972135],[73.746797,15.971666],[73.746194,15.971346],[73.745444,15.971292],[73.744546,15.971504],[73.743946,15.971599],[73.742745,15.971514],[73.74229,15.971066],[73.741535,15.970459],[73.74078,15.96999],[73.739726,15.969639],[73.738973,15.969448],[73.737919,15.969235],[73.736717,15.96929],[73.736117,15.969525],[73.734764,15.970544],[73.735979,15.972014]]]]},"geometry_name":"the_geom","properties":{"ADI_2001":0,"ADI_2011":0,"ADI_2019":0,"ASSET_2001":0,"ASSET_2011":0,"ASSET_2019":0,"BF_2001":0,"BF_2011":0,"BF_2019":0,"FC_2001":0,"FC_2011":0,"FC_2019":0,"F_ILL":137,"F_LIT":295,"F_SC":0,"F_ST":18,"MSW_2001":0,"MSW_2011":0,"MSW_2019":0,"M_ILL":78,"M_LIT":316,"M_SC":0,"M_ST":17,"No_HH":221,"P_ILL":215,"P_LIT":611,"P_SC":0,"P_ST":35,"TOT_F":432,"TOT_M":394,"TOT_P":826,"block_cen":4280,"dist_cen":529,"district":"SINDHUDURG","state":"MAHARASHTRA","state_cen":27,"tehsil":"Kudal","vill_ID":566781,"vill_name":"GHATAKARNAGAR"}},{"type":"Feature","id":"sindhudurg_kudal.97","geometry":{"type":"MultiPolygon","coordinates":[[[[73.770993,15.965195],[73.768396,15.966952],[73.766859,15.96826],[73.766094,15.969362],[73.765811,15.970323],[73.765818,15.971129],[73.766016,15.971681],[73.766408,15.972249],[73.767189,15.972937],[73.767677,15.973423],[73.767874,15.973886],[73.767878,15.974333],[73.767876,15.974351],[73.770635,15.973917],[73.771697,15.973509],[73.773414,15.972044],[73.775392,15.970111],[73.776222,15.969532],[73.774442,15.967569],[73.773363,15.96551],[73.772441,15.964474],[73.770993,15.965195]]]]},"geometry_name":"the_geom","properties":{"ADI_2001":0,"ADI_2011":0,"ADI_2019":0,"ASSET_2001":0,"ASSET_2011":0,"ASSET_2019":0,"BF_2001":0,"BF_2011":0,"BF_2019":0,"FC_2001":0,"FC_2011":0,"FC_2019":0,"F_ILL":82,"F_LIT":376,"F_SC":3,"F_ST":0,"MSW_2001":0,"MSW_2011":0,"MSW_2019":0,"M_ILL":69,"M_LIT":381,"M_SC":4,"M_ST":0,"No_HH":216,"P_ILL":151,"P_LIT":757,"P_SC":7,"P_ST":0,"TOT_F":458,"TOT_M":450,"TOT_P":908,"block_cen":4280,"dist_cen":529,"district":"SINDHUDURG","state":"MAHARASHTRA","state_cen":27,"tehsil":"Kudal","vill_ID":566782,"vill_name":"KATTAGAON"}},{"type":"Feature","id":"sindhudurg_kudal.98","geometry":{"type":"MultiPolygon","coordinates":[[[[73.757621,15.957438],[73.754627,15.956788],[73.748184,15.955874],[73.746535,15.955885],[73.74459,15.956703],[73.740257,15.959972],[73.737564,15.961713],[73.736816,15.962212],[73.735619,15.963235],[73.732704,15.967966],[73.732941,15.9682],[73.73355,15.969212],[73.734764,15.970544],[73.736117,15.969525],[73.736717,15.96929],[73.737919,15.969235],[73.738973,15.969448],[73.739726,15.969639],[73.74078,15.96999],[73.741535,15.970459],[73.74229,15.971066],[73.742745,15.971514],[73.743946,15.971599],[73.744546,15.971504],[73.745444,15.971292],[73.746194,15.971346],[73.746797,15.971666],[73.747551,15.972135],[73.748308,15.973019],[73.749369,15.974479],[73.750425,15.975246],[73.752525,15.975676],[73.754173,15.975798],[73.756713,15.975573],[73.758176,15.975103],[73.758799,15.974904],[73.759238,15.973972],[73.759825,15.972777],[73.760089,15.968665],[73.759451,15.963108],[73.759132,15.960056],[73.758977,15.959218],[73.758972,15.958392],[73.757621,15.957438]]]]},"geometry_name":"the_geom","properties":{"ADI_2001":0,"ADI_2011":0,"ADI_2019":0,"ASSET_2001":0,"ASSET_2011":0,"ASSET_2019":0,"BF_2001":0,"BF_2011":0,"BF_2019":0,"FC_2001":0,"FC_2011":0,"FC_2019":0,"F_ILL":160,"F_LIT":412,"F_SC":3,"F_ST":0,"MSW_2001":0,"MSW_2011":0,"MSW_2019":0,"M_ILL":89,"M_LIT":439,"M_SC":3,"M_ST":0,"No_HH":280,"P_ILL":249,"P_LIT":851,"P_SC":6,"P_ST":0,"TOT_F":572,"TOT_M":528,"TOT_P":1100,"block_cen":4280,"dist_cen":529,"district":"SINDHUDURG","state":"MAHARASHTRA","state_cen":27,"tehsil":"Kudal","vill_ID":566783,"vill_name":"SALGAON"}},{"type":"Feature","id":"sindhudurg_kudal.99","geometry":{"type":"MultiPolygon","coordinates":[[[[73.730677,15.950034],[73.730839,15.952397],[73.731452,15.954379],[73.731762,15.956062],[73.731625,15.958406],[73.731187,15.960731],[73.730744,15.962086],[73.729914,15.96597],[73.731121,15.966271],[73.731575,15.966719],[73.732031,15.967305],[73.732704,15.967966],[73.735619,15.963235],[73.736816,15.962212],[73.737564,15.961713],[73.740257,15.959972],[73.74459,15.956703],[73.746535,15.955885],[73.748184,15.955874],[73.754627,15.956788],[73.757621,15.957438],[73.758972,15.958392],[73.759418,15.958015],[73.760015,15.957788],[73.76091,15.957723],[73.7621,15.956856],[73.762395,15.956192],[73.762242,15.955355],[73.761191,15.954171],[73.755382,15.947096],[73.754286,15.948089],[73.752643,15.949196],[73.75025,15.950108],[73.745907,15.950871],[73.738405,15.951541],[73.735249,15.951583],[73.733894,15.951345],[73.730697,15.94971],[73.730677,15.950034]]]]},"geometry_name":"the_geom","properties":{"ADI_2001":0,"ADI_2011":0,"ADI_2019":0,"ASSET_2001":0,"ASSET_2011":0,"ASSET_2019":0,"BF_2001":0,"BF_2011":0,"BF_2019":0,"FC_2001":0,"FC_2011":0,"FC_2019":0,"F_ILL":195,"F_LIT":594,"F_SC":117,"F_ST":0,"MSW_2001":0,"MSW_2011":0,"MSW_2019":0,"M_ILL":122,"M_LIT":654,"M_SC":108,"M_ST":10,"No_HH":385,"P_ILL":317,"P_LIT":1248,"P_SC":225,"P_ST":10,"TOT_F":789,"TOT_M":776,"TOT_P":1565,"block_cen":4280,"dist_cen":529,"district":"SINDHUDURG","state":"MAHARASHTRA","state_cen":27,"tehsil":"Kudal","vill_ID":566784,"vill_name":"JAMBHARMALA"}},{"type":"Feature","id":"sindhudurg_kudal.100","geometry":{"type":"MultiPolygon","coordinates":[[[[73.762395,15.956192],[73.7621,15.956856],[73.76091,15.957723],[73.760015,15.957788],[73.759418,15.958015],[73.758972,15.958392],[73.758977,15.959218],[73.759132,15.960056],[73.759451,15.963108],[73.760089,15.968665],[73.759825,15.972777],[73.759238,15.973972],[73.758799,15.974904],[73.758176,15.975103],[73.758826,15.97601],[73.759225,15.976646],[73.760025,15.977918],[73.76003,15.978468],[73.761814,15.978335],[73.762299,15.978283],[73.763266,15.978089],[73.765257,15.977035],[73.765772,15.976762],[73.767405,15.975459],[73.767788,15.975042],[73.767876,15.974351],[73.767878,15.974333],[73.767874,15.973886],[73.767677,15.973423],[73.767189,15.972937],[73.766408,15.972249],[73.766016,15.971681],[73.765818,15.971129],[73.765811,15.970323],[73.766094,15.969362],[73.766859,15.96826],[73.768396,15.966952],[73.770993,15.965195],[73.772441,15.964474],[73.773302,15.964044],[73.774747,15.963628],[73.775226,15.962953],[73.775413,15.961898],[73.77531,15.960819],[73.775686,15.958799],[73.776549,15.957624],[73.778278,15.955901],[73.780595,15.954272],[73.781939,15.953051],[73.782226,15.952006],[73.782416,15.951041],[73.782319,15.950409],[73.781932,15.949751],[73.781258,15.949248],[73.779715,15.94867],[73.778623,15.948125],[73.777861,15.948824],[73.776528,15.950219],[73.775342,15.950666],[73.77356,15.951063],[73.770587,15.95136],[73.767761,15.952223],[73.765678,15.952876],[73.762242,15.955355],[73.762395,15.956192]]]]},"geometry_name":"the_geom","properties":{"ADI_2001":0,"ADI_2011":0,"ADI_2019":0,"ASSET_2001":0,"ASSET_2011":0,"ASSET_2019":0,"BF_2001":0,"BF_2011":0,"BF_2019":0,"FC_2001":0,"FC_2011":0,"FC_2019":0,"F_ILL":112,"F_LIT":333,"F_SC":8,"F_ST":0,"MSW_2001":0,"MSW_2011":0,"MSW_2019":0,"M_ILL":60,"M_LIT":353,"M_SC":7,"M_ST":0,"No_HH":198,"P_ILL":172,"P_LIT":686,"P_SC":15,"P_ST":0,"TOT_F":445,"TOT_M":413,"TOT_P":858,"block_cen":4280,"dist_cen":529,"district":"SINDHUDURG","state":"MAHARASHTRA","state_cen":27,"tehsil":"Kudal","vill_ID":566785,"vill_name":"DHOLKARWADI"}},{"type":"Feature","id":"sindhudurg_kudal.101","geometry":{"type":"MultiPolygon","coordinates":[[[[73.797863,15.94907],[73.797798,15.948955],[73.797058,15.948144],[73.796879,15.94803],[73.797011,15.947994],[73.798314,15.945838],[73.798264,15.944959],[73.797194,15.944366],[73.796047,15.944893],[73.794867,15.945203],[73.793245,15.9452],[73.792065,15.945098],[73.790736,15.944434],[73.787929,15.943643],[73.785118,15.943402],[73.783489,15.9434],[73.782304,15.944261],[73.780971,15.945246],[73.779639,15.947192],[73.778623,15.948125],[73.779715,15.94867],[73.781258,15.949248],[73.781932,15.949751],[73.782319,15.950409],[73.782416,15.951041],[73.782226,15.952006],[73.781939,15.953051],[73.780595,15.954272],[73.778278,15.955901],[73.776549,15.957624],[73.775686,15.958799],[73.77531,15.960819],[73.775413,15.961898],[73.775226,15.962953],[73.777955,15.965673],[73.778344,15.96633],[73.779022,15.966833],[73.779793,15.967076],[73.780756,15.967247],[73.782103,15.967271],[73.785174,15.966821],[73.787108,15.965961],[73.787854,15.965629],[73.78919,15.964411],[73.793288,15.958979],[73.79787,15.950455],[73.798346,15.949644],[73.797863,15.94907]]]]},"geometry_name":"the_geom","properties":{"ADI_2001":0,"ADI_2011":0,"ADI_2019":0,"ASSET_2001":0,"ASSET_2011":0,"ASSET_2019":0,"BF_2001":0,"BF_2011":0,"BF_2019":0,"FC_2001":0,"FC_2011":0,"FC_2019":0,"F_ILL":54,"F_LIT":128,"F_SC":0,"F_ST":0,"MSW_2001":0,"MSW_2011":0,"MSW_2019":0,"M_ILL":20,"M_LIT":147,"M_SC":0,"M_ST":0,"No_HH":85,"P_ILL":74,"P_LIT":275,"P_SC":0,"P_ST":0,"TOT_F":182,"TOT_M":167,"TOT_P":349,"block_cen":4280,"dist_cen":529,"district":"SINDHUDURG","state":"MAHARASHTRA","state_cen":27,"tehsil":"Kudal","vill_ID":566786,"vill_name":"BHATTGAON"}},{"type":"Feature","id":"sindhudurg_kudal.102","geometry":{"type":"MultiPolygon","coordinates":[[[[73.656041,16.061936],[73.6566,16.062484],[73.65916,16.063221],[73.661208,16.062004],[73.661379,16.060235],[73.661206,16.057809],[73.661886,16.055736],[73.663081,16.054813],[73.66462,16.055516],[73.665399,16.05683],[73.665957,16.056513],[73.666824,16.056424],[73.667033,16.056568],[73.667023,16.056579],[73.667529,16.057012],[73.667752,16.057203],[73.669292,16.059388],[73.671596,16.062272],[73.67402,16.064128],[73.674351,16.06447],[73.677095,16.064845],[73.678463,16.064735],[73.679391,16.064479],[73.67995,16.062756],[73.680456,16.060998],[73.681086,16.059956],[73.681591,16.058435],[73.681717,16.056781],[73.68159,16.055591],[73.681086,16.054267],[73.680833,16.053191],[73.680831,16.05165],[73.681207,16.050834],[73.681583,16.050019],[73.682085,16.048972],[73.682082,16.047668],[73.682078,16.047635],[73.681953,16.046596],[73.681573,16.045869],[73.680941,16.045133],[73.679933,16.044974],[73.678673,16.044806],[73.677665,16.044529],[73.675899,16.043866],[73.673625,16.041877],[73.67223,16.039685],[73.671466,16.037874],[73.671081,16.036577],[73.669325,16.036507],[73.662319,16.035229],[73.659012,16.034499],[73.659108,16.035516],[73.657852,16.038571],[73.657544,16.040662],[73.657557,16.043766],[73.657466,16.048167],[73.656635,16.054443],[73.655695,16.060057],[73.655536,16.060758],[73.656041,16.061936]]]]},"geometry_name":"the_geom","properties":{"ADI_2001":0,"ADI_2011":0,"ADI_2019":0,"ASSET_2001":0,"ASSET_2011":0,"ASSET_2019":0,"BF_2001":0,"BF_2011":0,"BF_2019":0,"FC_2001":0,"FC_2011":0,"FC_2019":0,"F_ILL":173,"F_LIT":502,"F_SC":113,"F_ST":0,"MSW_2001":0,"MSW_2011":0,"MSW_2019":0,"M_ILL":108,"M_LIT":549,"M_SC":99,"M_ST":0,"No_HH":323,"P_ILL":281,"P_LIT":1051,"P_SC":212,"P_ST":0,"TOT_F":675,"TOT_M":657,"TOT_P":1332,"block_cen":4280,"dist_cen":529,"district":"SINDHUDURG","state":"MAHARASHTRA","state_cen":27,"tehsil":"Kudal","vill_ID":566787,"vill_name":"BAV"}},{"type":"Feature","id":"sindhudurg_kudal.103","geometry":{"type":"MultiPolygon","coordinates":[[[[73.671466,16.037874],[73.67223,16.039685],[73.673625,16.041877],[73.675899,16.043866],[73.677665,16.044529],[73.678673,16.044806],[73.679933,16.044974],[73.680941,16.045133],[73.683344,16.043943],[73.684347,16.043035],[73.685597,16.041545],[73.686472,16.040633],[73.687597,16.039613],[73.688091,16.038449],[73.688814,16.037622],[73.688296,16.037478],[73.686388,16.037],[73.685115,16.036648],[73.683843,16.036396],[73.68183,16.036213],[73.677486,16.036135],[73.672507,16.036634],[73.671081,16.036577],[73.671466,16.037874]]]]},"geometry_name":"the_geom","properties":{"ADI_2001":0,"ADI_2011":0,"ADI_2019":0,"ASSET_2001":0,"ASSET_2011":0,"ASSET_2019":0,"BF_2001":0,"BF_2011":0,"BF_2019":0,"FC_2001":0,"FC_2011":0,"FC_2019":0,"F_ILL":78,"F_LIT":215,"F_SC":28,"F_ST":0,"MSW_2001":0,"MSW_2011":0,"MSW_2019":0,"M_ILL":50,"M_LIT":251,"M_SC":27,"M_ST":0,"No_HH":139,"P_ILL":128,"P_LIT":466,"P_SC":55,"P_ST":0,"TOT_F":293,"TOT_M":301,"TOT_P":594,"block_cen":4280,"dist_cen":529,"district":"SINDHUDURG","state":"MAHARASHTRA","state_cen":27,"tehsil":"Kudal","vill_ID":566788,"vill_name":"BAMBULI TARF HAVELI"}},{"type":"Feature","id":"sindhudurg_kudal.104","geometry":{"type":"MultiPolygon","coordinates":[[[[73.685161,16.028792],[73.682308,16.029166],[73.679345,16.02904],[73.673938,16.027818],[73.669481,16.026439],[73.667569,16.025565],[73.665333,16.024],[73.664479,16.024635],[73.659931,16.027039],[73.654456,16.029994],[73.654988,16.031593],[73.655163,16.03166],[73.658354,16.033485],[73.658995,16.03431],[73.659012,16.034499],[73.662319,16.035229],[73.669325,16.036507],[73.671081,16.036577],[73.672507,16.036634],[73.677486,16.036135],[73.68183,16.036213],[73.683843,16.036396],[73.685115,16.036648],[73.686388,16.037],[73.688296,16.037478],[73.688814,16.037622],[73.689992,16.037948],[73.691896,16.037928],[73.69256,16.037905],[73.693046,16.036384],[73.693246,16.0351],[73.693029,16.034494],[73.692492,16.033477],[73.691638,16.032448],[73.690151,16.031589],[73.688028,16.030405],[73.685318,16.02865],[73.685161,16.028792]]]]},"geometry_name":"the_geom","properties":{"ADI_2001":0,"ADI_2011":0,"ADI_2019":0,"ASSET_2001":0,"ASSET_2011":0,"ASSET_2019":0,"BF_2001":0,"BF_2011":0,"BF_2019":0,"FC_2001":0,"FC_2011":0,"FC_2019":0,"F_ILL":45,"F_LIT":131,"F_SC":19,"F_ST":0,"MSW_2001":0,"MSW_2011":0,"MSW_2019":0,"M_ILL":32,"M_LIT":144,"M_SC":22,"M_ST":0,"No_HH":94,"P_ILL":77,"P_LIT":275,"P_SC":41,"P_ST":0,"TOT_F":176,"TOT_M":176,"TOT_P":352,"block_cen":4280,"dist_cen":529,"district":"SINDHUDURG","state":"MAHARASHTRA","state_cen":27,"tehsil":"Kudal","vill_ID":566789,"vill_name":"NEHARUNAGAR"}},{"type":"Feature","id":"sindhudurg_kudal.105","geometry":{"type":"MultiPolygon","coordinates":[[[[73.685685,16.028319],[73.686208,16.027648],[73.686308,16.026958],[73.686197,16.02626],[73.685769,16.025548],[73.685554,16.025142],[73.685549,16.024548],[73.685965,16.023676],[73.686594,16.023111],[73.686578,16.021233],[73.686041,16.020123],[73.685188,16.018998],[73.68423,16.018067],[73.683549,16.016895],[73.682353,16.017561],[73.678599,16.0188],[73.674086,16.019729],[73.670773,16.020291],[73.668813,16.02049],[73.668059,16.0206],[73.667606,16.020581],[73.667004,16.021363],[73.66627,16.022821],[73.665745,16.023694],[73.665333,16.024],[73.667569,16.025565],[73.669481,16.026439],[73.673938,16.027818],[73.679345,16.02904],[73.682308,16.029166],[73.685161,16.028792],[73.685318,16.02865],[73.685685,16.028319]]]]},"geometry_name":"the_geom","properties":{"ADI_2001":0,"ADI_2011":0,"ADI_2019":0,"ASSET_2001":0,"ASSET_2011":0,"ASSET_2019":0,"BF_2001":0,"BF_2011":0,"BF_2019":0,"FC_2001":0,"FC_2011":0,"FC_2019":0,"F_ILL":109,"F_LIT":324,"F_SC":0,"F_ST":0,"MSW_2001":0,"MSW_2011":0,"MSW_2019":0,"M_ILL":62,"M_LIT":380,"M_SC":0,"M_ST":0,"No_HH":197,"P_ILL":171,"P_LIT":704,"P_SC":0,"P_ST":0,"TOT_F":433,"TOT_M":442,"TOT_P":875,"block_cen":4280,"dist_cen":529,"district":"SINDHUDURG","state":"MAHARASHTRA","state_cen":27,"tehsil":"Kudal","vill_ID":566790,"vill_name":"KAVILKATE"}},{"type":"Feature","id":"sindhudurg_kudal.106","geometry":{"type":"MultiPolygon","coordinates":[[[[73.691663,16.016729],[73.686831,16.012917],[73.686083,16.013663],[73.684451,16.016392],[73.683549,16.016895],[73.68423,16.018067],[73.685188,16.018998],[73.686041,16.020123],[73.686578,16.021233],[73.686594,16.023111],[73.685965,16.023676],[73.685549,16.024548],[73.685554,16.025142],[73.685769,16.025548],[73.686197,16.02626],[73.686308,16.026958],[73.686208,16.027648],[73.685685,16.028319],[73.685318,16.02865],[73.688028,16.030405],[73.690151,16.031589],[73.691638,16.032448],[73.692492,16.033477],[73.693029,16.034494],[73.693246,16.0351],[73.693046,16.036384],[73.69256,16.037905],[73.695806,16.037795],[73.697284,16.037459],[73.696885,16.036704],[73.694495,16.027233],[73.691922,16.016913],[73.691663,16.016729]]]]},"geometry_name":"the_geom","properties":{"ADI_2001":0,"ADI_2011":0,"ADI_2019":0,"ASSET_2001":0,"ASSET_2011":0,"ASSET_2019":0,"BF_2001":0,"BF_2011":0,"BF_2019":0,"FC_2001":0,"FC_2011":0,"FC_2019":0,"F_ILL":99,"F_LIT":425,"F_SC":3,"F_ST":0,"MSW_2001":0,"MSW_2011":0,"MSW_2019":0,"M_ILL":77,"M_LIT":468,"M_SC":2,"M_ST":0,"No_HH":240,"P_ILL":176,"P_LIT":893,"P_SC":5,"P_ST":0,"TOT_F":524,"TOT_M":545,"TOT_P":1069,"block_cen":4280,"dist_cen":529,"district":"SINDHUDURG","state":"MAHARASHTRA","state_cen":27,"tehsil":"Kudal","vill_ID":566791,"vill_name":"BORBHAT"}},{"type":"Feature","id":"sindhudurg_kudal.107","geometry":{"type":"MultiPolygon","coordinates":[[[[73.712627,16.014503],[73.710789,16.013984],[73.709261,16.013906],[73.708193,16.013994],[73.705841,16.015014],[73.706199,16.016005],[73.705907,16.017272],[73.705314,16.019096],[73.704556,16.019773],[73.703181,16.019992],[73.701954,16.019791],[73.701339,16.019475],[73.700875,16.019025],[73.700414,16.01886],[73.699341,16.018666],[73.696887,16.018263],[73.692743,16.017495],[73.691922,16.016913],[73.694495,16.027233],[73.696885,16.036704],[73.697284,16.037459],[73.69751,16.037887],[73.698128,16.038347],[73.699512,16.038551],[73.701353,16.038485],[73.703347,16.038426],[73.706873,16.03829],[73.708714,16.03837],[73.710247,16.038437],[73.711318,16.03834],[73.713457,16.037858],[73.715596,16.037522],[73.716821,16.037577],[73.718199,16.037638],[73.719274,16.037974],[73.720505,16.038603],[73.721767,16.038808],[73.723446,16.038596],[73.724812,16.037941],[73.725573,16.037689],[73.727256,16.03791],[73.728727,16.038115],[73.727833,16.036336],[73.727524,16.036036],[73.726907,16.035578],[73.725988,16.035393],[73.725373,16.035078],[73.725061,16.034635],[73.724597,16.034184],[73.723978,16.033583],[73.723212,16.033404],[73.722444,16.033082],[73.721829,16.032768],[73.721212,16.03231],[73.720743,16.03143],[73.720266,16.029978],[73.719946,16.028821],[73.719326,16.028077],[73.718403,16.027605],[73.715784,16.025767],[73.71378,16.024243],[73.712232,16.022457],[73.712071,16.021736],[73.712064,16.021165],[73.712364,16.02061],[73.713121,16.020078],[73.713422,16.019666],[73.713413,16.018812],[73.713235,16.016529],[73.71306,16.014525],[73.712627,16.014503]]]]},"geometry_name":"the_geom","properties":{"ADI_2001":0,"ADI_2011":0,"ADI_2019":0,"ASSET_2001":0,"ASSET_2011":0,"ASSET_2019":0,"BF_2001":0,"BF_2011":0,"BF_2019":0,"FC_2001":0,"FC_2011":0,"FC_2019":0,"F_ILL":164,"F_LIT":511,"F_SC":157,"F_ST":2,"MSW_2001":0,"MSW_2011":0,"MSW_2019":0,"M_ILL":75,"M_LIT":581,"M_SC":121,"M_ST":1,"No_HH":309,"P_ILL":239,"P_LIT":1092,"P_SC":278,"P_ST":3,"TOT_F":675,"TOT_M":656,"TOT_P":1331,"block_cen":4280,"dist_cen":529,"district":"SINDHUDURG","state":"MAHARASHTRA","state_cen":27,"tehsil":"Kudal","vill_ID":566792,"vill_name":"PAWASHI"}},{"type":"Feature","id":"sindhudurg_kudal.108","geometry":{"type":"MultiPolygon","coordinates":[[[[73.713235,16.016529],[73.713413,16.018812],[73.713422,16.019666],[73.713121,16.020078],[73.712364,16.02061],[73.712064,16.021165],[73.712071,16.021736],[73.712232,16.022457],[73.71378,16.024243],[73.715784,16.025767],[73.718403,16.027605],[73.719326,16.028077],[73.719946,16.028821],[73.720266,16.029978],[73.720743,16.03143],[73.721212,16.03231],[73.721829,16.032768],[73.722444,16.033082],[73.723212,16.033404],[73.723978,16.033583],[73.724597,16.034184],[73.725061,16.034635],[73.725373,16.035078],[73.725988,16.035393],[73.726907,16.035578],[73.727524,16.036036],[73.727833,16.036336],[73.728727,16.038115],[73.730315,16.038336],[73.735661,16.038727],[73.738101,16.038841],[73.741141,16.038414],[73.743262,16.037803],[73.746841,16.036993],[73.746954,16.036293],[73.746927,16.034764],[73.745756,16.032592],[73.74292,16.028578],[73.741894,16.027353],[73.741503,16.026512],[73.741229,16.025093],[73.741215,16.02418],[73.737401,16.023413],[73.735113,16.022868],[73.734043,16.022529],[73.733427,16.021931],[73.732812,16.021475],[73.731742,16.021135],[73.730674,16.020938],[73.728997,16.020709],[73.727624,16.020496],[73.727007,16.019897],[73.726234,16.019008],[73.725482,16.018427],[73.724715,16.017962],[73.724254,16.017655],[73.72333,16.016899],[73.72226,16.01656],[73.720882,16.016063],[73.719199,16.01555],[73.717975,16.015204],[73.716753,16.014999],[73.71553,16.014794],[73.713696,16.014558],[73.71306,16.014525],[73.713235,16.016529]]]]},"geometry_name":"the_geom","properties":{"ADI_2001":0,"ADI_2011":0,"ADI_2019":0,"ASSET_2001":0,"ASSET_2011":0,"ASSET_2019":0,"BF_2001":0,"BF_2011":0,"BF_2019":0,"FC_2001":0,"FC_2011":0,"FC_2019":0,"F_ILL":120,"F_LIT":258,"F_SC":4,"F_ST":0,"MSW_2001":0,"MSW_2011":0,"MSW_2019":0,"M_ILL":73,"M_LIT":283,"M_SC":3,"M_ST":0,"No_HH":161,"P_ILL":193,"P_LIT":541,"P_SC":7,"P_ST":0,"TOT_F":378,"TOT_M":356,"TOT_P":734,"block_cen":4280,"dist_cen":529,"district":"SINDHUDURG","state":"MAHARASHTRA","state_cen":27,"tehsil":"Kudal","vill_ID":566793,"vill_name":"MITKYACHIWADI"}},{"type":"Feature","id":"sindhudurg_kudal.109","geometry":{"type":"MultiPolygon","coordinates":[[[[73.682353,16.017561],[73.683549,16.016895],[73.684451,16.016392],[73.686083,16.013663],[73.686831,16.012917],[73.685539,16.011252],[73.684494,16.01096],[73.683708,16.010558],[73.68266,16.010023],[73.681093,16.009829],[73.679921,16.01026],[73.679404,16.010844],[73.678888,16.011793],[73.678511,16.013724],[73.678264,16.015784],[73.678599,16.0188],[73.682353,16.017561]]]]},"geometry_name":"the_geom","properties":{"ADI_2001":0,"ADI_2011":0,"ADI_2019":0,"ASSET_2001":0,"ASSET_2011":0,"ASSET_2019":0,"BF_2001":0,"BF_2011":0,"BF_2019":0,"FC_2001":0,"FC_2011":0,"FC_2019":0,"F_ILL":66,"F_LIT":419,"F_SC":14,"F_ST":6,"MSW_2001":0,"MSW_2011":0,"MSW_2019":0,"M_ILL":48,"M_LIT":427,"M_SC":8,"M_ST":2,"No_HH":240,"P_ILL":114,"P_LIT":846,"P_SC":22,"P_ST":8,"TOT_F":485,"TOT_M":475,"TOT_P":960,"block_cen":4280,"dist_cen":529,"district":"SINDHUDURG","state":"MAHARASHTRA","state_cen":27,"tehsil":"Kudal","vill_ID":566794,"vill_name":"SANGIRDE"}},{"type":"Feature","id":"sindhudurg_kudal.110","geometry":{"type":"MultiPolygon","coordinates":[[[[73.691663,16.016729],[73.691922,16.016913],[73.692743,16.017495],[73.696887,16.018263],[73.699341,16.018666],[73.700414,16.01886],[73.700875,16.019025],[73.701339,16.019475],[73.701954,16.019791],[73.703181,16.019992],[73.704556,16.019773],[73.705314,16.019096],[73.705907,16.017272],[73.706199,16.016005],[73.705841,16.015014],[73.705256,16.013397],[73.703702,16.010762],[73.702778,16.010147],[73.702318,16.009982],[73.701093,16.009778],[73.700023,16.009866],[73.698189,16.010059],[73.696811,16.00999],[73.695281,16.010057],[73.693847,16.010044],[73.693719,16.010531],[73.693124,16.0112],[73.692075,16.011429],[73.690725,16.011643],[73.689073,16.011704],[73.687425,16.012325],[73.686831,16.012917],[73.691663,16.016729]]]]},"geometry_name":"the_geom","properties":{"ADI_2001":0,"ADI_2011":0,"ADI_2019":0,"ASSET_2001":0,"ASSET_2011":0,"ASSET_2019":0,"BF_2001":0,"BF_2011":0,"BF_2019":0,"FC_2001":0,"FC_2011":0,"FC_2019":0,"F_ILL":59,"F_LIT":213,"F_SC":0,"F_ST":0,"MSW_2001":0,"MSW_2011":0,"MSW_2019":0,"M_ILL":52,"M_LIT":219,"M_SC":0,"M_ST":0,"No_HH":134,"P_ILL":111,"P_LIT":432,"P_SC":0,"P_ST":0,"TOT_F":272,"TOT_M":271,"TOT_P":543,"block_cen":4280,"dist_cen":529,"district":"SINDHUDURG","state":"MAHARASHTRA","state_cen":27,"tehsil":"Kudal","vill_ID":566795,"vill_name":"BELNADI"}},{"type":"Feature","id":"sindhudurg_kudal.111","geometry":{"type":"MultiPolygon","coordinates":[[[[73.701856,15.997474],[73.698875,15.999391],[73.696346,16.001754],[73.694412,16.003739],[73.693673,16.005093],[73.693382,16.006192],[73.693543,16.007454],[73.69385,16.008305],[73.69401,16.009429],[73.693847,16.010044],[73.695281,16.010057],[73.696811,16.00999],[73.698189,16.010059],[73.700023,16.009866],[73.701093,16.009778],[73.702318,16.009982],[73.702778,16.010147],[73.703702,16.010762],[73.705256,16.013397],[73.705841,16.015014],[73.707266,16.0135],[73.707716,16.012671],[73.707853,16.011117],[73.70751,16.007273],[73.706694,16.001576],[73.705902,15.998291],[73.704816,15.99626],[73.703624,15.995133],[73.701856,15.997474]]]]},"geometry_name":"the_geom","properties":{"ADI_2001":0,"ADI_2011":0,"ADI_2019":0,"ASSET_2001":0,"ASSET_2011":0,"ASSET_2019":0,"BF_2001":0,"BF_2011":0,"BF_2019":0,"FC_2001":0,"FC_2011":0,"FC_2019":0,"F_ILL":93,"F_LIT":297,"F_SC":36,"F_ST":1,"MSW_2001":0,"MSW_2011":0,"MSW_2019":0,"M_ILL":43,"M_LIT":363,"M_SC":34,"M_ST":2,"No_HH":196,"P_ILL":136,"P_LIT":660,"P_SC":70,"P_ST":3,"TOT_F":390,"TOT_M":406,"TOT_P":796,"block_cen":4280,"dist_cen":529,"district":"SINDHUDURG","state":"MAHARASHTRA","state_cen":27,"tehsil":"Kudal","vill_ID":566796,"vill_name":"AMBADPAL"}},{"type":"Feature","id":"sindhudurg_kudal.112","geometry":{"type":"MultiPolygon","coordinates":[[[[73.707024,15.98894],[73.707032,15.989904],[73.706443,15.991109],[73.705262,15.992971],[73.703624,15.995133],[73.704816,15.99626],[73.705902,15.998291],[73.706694,16.001576],[73.70751,16.007273],[73.707853,16.011117],[73.707716,16.012671],[73.707266,16.0135],[73.705841,16.015014],[73.708193,16.013994],[73.709261,16.013906],[73.710789,16.013984],[73.712627,16.014503],[73.71306,16.014525],[73.713696,16.014558],[73.71553,16.014794],[73.716753,16.014999],[73.717975,16.015204],[73.719199,16.01555],[73.720882,16.016063],[73.72226,16.01656],[73.72333,16.016899],[73.724254,16.017655],[73.724715,16.017962],[73.725482,16.018427],[73.726234,16.019008],[73.726069,16.018008],[73.726054,16.016875],[73.726628,16.01408],[73.726751,16.011689],[73.727036,16.010014],[73.726867,16.008597],[73.726389,16.006742],[73.72546,16.005285],[73.723915,16.00309],[73.722532,16.001748],[73.721456,16.000704],[73.720525,15.998827],[73.719588,15.99639],[73.716797,15.990763],[73.715402,15.98788],[73.71511,15.986813],[73.714024,15.987021],[73.710545,15.987652],[73.707897,15.987672],[73.707024,15.98894]]]]},"geometry_name":"the_geom","properties":{"ADI_2001":0,"ADI_2011":0,"ADI_2019":0,"ASSET_2001":0,"ASSET_2011":0,"ASSET_2019":0,"BF_2001":0,"BF_2011":0,"BF_2019":0,"FC_2001":0,"FC_2011":0,"FC_2019":0,"F_ILL":102,"F_LIT":290,"F_SC":63,"F_ST":0,"MSW_2001":0,"MSW_2011":0,"MSW_2019":0,"M_ILL":57,"M_LIT":325,"M_SC":60,"M_ST":0,"No_HH":198,"P_ILL":159,"P_LIT":615,"P_SC":123,"P_ST":0,"TOT_F":392,"TOT_M":382,"TOT_P":774,"block_cen":4280,"dist_cen":529,"district":"SINDHUDURG","state":"MAHARASHTRA","state_cen":27,"tehsil":"Kudal","vill_ID":566797,"vill_name":"MULADE"}},{"type":"Feature","id":"sindhudurg_kudal.113","geometry":{"type":"MultiPolygon","coordinates":[[[[73.727007,16.019897],[73.727624,16.020496],[73.728997,16.020709],[73.730674,16.020938],[73.731742,16.021135],[73.732812,16.021475],[73.733427,16.021931],[73.734043,16.022529],[73.735113,16.022868],[73.737401,16.023413],[73.741215,16.02418],[73.741207,16.023689],[73.741425,16.021481],[73.742277,16.019662],[73.742885,16.018298],[73.743111,16.016566],[73.742971,16.015628],[73.741779,16.011264],[73.740742,16.008884],[73.740608,16.007923],[73.740855,16.00759],[73.741974,16.006849],[73.742963,16.005754],[73.74343,16.003127],[73.744403,16.000883],[73.74563,15.999005],[73.746002,15.998684],[73.746498,15.998372],[73.745662,15.994857],[73.745186,15.99275],[73.744108,15.990463],[73.742955,15.989206],[73.742891,15.989135],[73.739258,15.986815],[73.731983,15.981898],[73.728948,15.979617],[73.726765,15.978405],[73.726498,15.978887],[73.7259,15.979544],[73.725308,15.980897],[73.723964,15.98262],[73.721266,15.984955],[73.717347,15.986385],[73.71511,15.986813],[73.715402,15.98788],[73.716797,15.990763],[73.719588,15.99639],[73.720525,15.998827],[73.721456,16.000704],[73.722532,16.001748],[73.723915,16.00309],[73.72546,16.005285],[73.726389,16.006742],[73.726867,16.008597],[73.727036,16.010014],[73.726751,16.011689],[73.726628,16.01408],[73.726054,16.016875],[73.726069,16.018008],[73.726234,16.019008],[73.727007,16.019897]]]]},"geometry_name":"the_geom","properties":{"ADI_2001":0,"ADI_2011":0,"ADI_2019":0,"ASSET_2001":0,"ASSET_2011":0,"ASSET_2019":0,"BF_2001":0,"BF_2011":0,"BF_2019":0,"FC_2001":0,"FC_2011":0,"FC_2019":0,"F_ILL":257,"F_LIT":729,"F_SC":90,"F_ST":0,"MSW_2001":0,"MSW_2011":0,"MSW_2019":0,"M_ILL":135,"M_LIT":829,"M_SC":79,"M_ST":0,"No_HH":478,"P_ILL":392,"P_LIT":1558,"P_SC":169,"P_ST":0,"TOT_F":986,"TOT_M":964,"TOT_P":1950,"block_cen":4280,"dist_cen":529,"district":"SINDHUDURG","state":"MAHARASHTRA","state_cen":27,"tehsil":"Kudal","vill_ID":566798,"vill_name":"TULSULI TARF MANGAON"}},{"type":"Feature","id":"sindhudurg_kudal.114","geometry":{"type":"MultiPolygon","coordinates":[[[[73.732031,15.967305],[73.731575,15.966719],[73.731121,15.966271],[73.729914,15.96597],[73.729139,15.969608],[73.727526,15.975476],[73.727092,15.977812],[73.726765,15.978405],[73.728948,15.979617],[73.731983,15.981898],[73.739258,15.986815],[73.742891,15.989135],[73.742955,15.989206],[73.744852,15.988418],[73.746496,15.987698],[73.747683,15.986533],[73.748573,15.985626],[73.748416,15.984923],[73.748028,15.984542],[73.747658,15.984179],[73.745398,15.98333],[73.744341,15.982704],[73.74343,15.981672],[73.742967,15.980393],[73.742806,15.979274],[73.742193,15.977985],[73.741434,15.977102],[73.740525,15.976208],[73.739618,15.975591],[73.738406,15.974537],[73.737042,15.973196],[73.735979,15.972014],[73.734764,15.970544],[73.73355,15.969212],[73.732941,15.9682],[73.732704,15.967966],[73.732031,15.967305]]]]},"geometry_name":"the_geom","properties":{"ADI_2001":0,"ADI_2011":0,"ADI_2019":0,"ASSET_2001":0,"ASSET_2011":0,"ASSET_2019":0,"BF_2001":0,"BF_2011":0,"BF_2019":0,"FC_2001":0,"FC_2011":0,"FC_2019":0,"F_ILL":154,"F_LIT":360,"F_SC":81,"F_ST":0,"MSW_2001":0,"MSW_2011":0,"MSW_2019":0,"M_ILL":77,"M_LIT":454,"M_SC":75,"M_ST":0,"No_HH":258,"P_ILL":231,"P_LIT":814,"P_SC":156,"P_ST":0,"TOT_F":514,"TOT_M":531,"TOT_P":1045,"block_cen":4280,"dist_cen":529,"district":"SINDHUDURG","state":"MAHARASHTRA","state_cen":27,"tehsil":"Kudal","vill_ID":566799,"vill_name":"KERAVADE TARF MANGAON"}},{"type":"Feature","id":"sindhudurg_kudal.115","geometry":{"type":"MultiPolygon","coordinates":[[[[73.714662,15.96937],[73.713156,15.970391],[73.711199,15.971804],[73.710445,15.972187],[73.709237,15.972801],[73.707582,15.974376],[73.706988,15.976156],[73.70685,15.978102],[73.707176,15.981191],[73.707254,15.981474],[73.707799,15.983458],[73.708263,15.984601],[73.708425,15.986005],[73.708283,15.987112],[73.707897,15.987672],[73.710545,15.987652],[73.714024,15.987021],[73.71511,15.986813],[73.717347,15.986385],[73.721266,15.984955],[73.723964,15.98262],[73.725308,15.980897],[73.7259,15.979544],[73.726498,15.978887],[73.726765,15.978405],[73.727092,15.977812],[73.727526,15.975476],[73.729139,15.969608],[73.729914,15.96597],[73.727923,15.966189],[73.726266,15.966355],[73.724006,15.966621],[73.715866,15.96861],[73.714662,15.96937]]]]},"geometry_name":"the_geom","properties":{"ADI_2001":0,"ADI_2011":0,"ADI_2019":0,"ASSET_2001":0,"ASSET_2011":0,"ASSET_2019":0,"BF_2001":0,"BF_2011":0,"BF_2019":0,"FC_2001":0,"FC_2011":0,"FC_2019":0,"F_ILL":160,"F_LIT":441,"F_SC":68,"F_ST":0,"MSW_2001":0,"MSW_2011":0,"MSW_2019":0,"M_ILL":89,"M_LIT":529,"M_SC":59,"M_ST":0,"No_HH":303,"P_ILL":249,"P_LIT":970,"P_SC":127,"P_ST":0,"TOT_F":601,"TOT_M":618,"TOT_P":1219,"block_cen":4280,"dist_cen":529,"district":"SINDHUDURG","state":"MAHARASHTRA","state_cen":27,"tehsil":"Kudal","vill_ID":566800,"vill_name":"MANDKULI"}},{"type":"Feature","id":"sindhudurg_kudal.116","geometry":{"type":"MultiPolygon","coordinates":[[[[73.708283,15.987112],[73.708425,15.986005],[73.708263,15.984601],[73.707799,15.983458],[73.707254,15.981474],[73.706032,15.982029],[73.70391,15.983058],[73.702661,15.983678],[73.701536,15.984075],[73.699783,15.984437],[73.697652,15.984547],[73.694458,15.98483],[73.693973,15.985904],[73.689943,15.99141],[73.690544,15.991511],[73.692476,15.991937],[73.694319,15.992197],[73.695984,15.992125],[73.699133,15.991409],[73.702887,15.990166],[73.705378,15.988709],[73.706126,15.988751],[73.707024,15.98894],[73.707897,15.987672],[73.708283,15.987112]]]]},"geometry_name":"the_geom","properties":{"ADI_2001":0,"ADI_2011":0,"ADI_2019":0,"ASSET_2001":0,"ASSET_2011":0,"ASSET_2019":0,"BF_2001":0,"BF_2011":0,"BF_2019":0,"FC_2001":0,"FC_2011":0,"FC_2019":0,"F_ILL":288,"F_LIT":829,"F_SC":15,"F_ST":343,"MSW_2001":0,"MSW_2011":0,"MSW_2019":0,"M_ILL":215,"M_LIT":977,"M_SC":14,"M_ST":386,"No_HH":559,"P_ILL":503,"P_LIT":1806,"P_SC":29,"P_ST":729,"TOT_F":1117,"TOT_M":1192,"TOT_P":2309,"block_cen":4280,"dist_cen":529,"district":"SINDHUDURG","state":"MAHARASHTRA","state_cen":27,"tehsil":"Kudal","vill_ID":566801,"vill_name":"GUDHIPUR"}},{"type":"Feature","id":"sindhudurg_kudal.117","geometry":{"type":"MultiPolygon","coordinates":[[[[73.707176,15.981191],[73.70685,15.978102],[73.706988,15.976156],[73.707582,15.974376],[73.709237,15.972801],[73.710445,15.972187],[73.704813,15.972551],[73.699968,15.973801],[73.695729,15.975513],[73.695611,15.975565],[73.695592,15.977883],[73.695461,15.981091],[73.695022,15.983583],[73.694458,15.98483],[73.697652,15.984547],[73.699783,15.984437],[73.701536,15.984075],[73.702661,15.983678],[73.70391,15.983058],[73.706032,15.982029],[73.707254,15.981474],[73.707176,15.981191]]]]},"geometry_name":"the_geom","properties":{"ADI_2001":0,"ADI_2011":0,"ADI_2019":0,"ASSET_2001":0,"ASSET_2011":0,"ASSET_2019":0,"BF_2001":0,"BF_2011":0,"BF_2019":0,"FC_2001":0,"FC_2011":0,"FC_2019":0,"F_ILL":102,"F_LIT":408,"F_SC":2,"F_ST":50,"MSW_2001":0,"MSW_2011":0,"MSW_2019":0,"M_ILL":69,"M_LIT":484,"M_SC":2,"M_ST":66,"No_HH":266,"P_ILL":171,"P_LIT":892,"P_SC":4,"P_ST":116,"TOT_F":510,"TOT_M":553,"TOT_P":1063,"block_cen":4280,"dist_cen":529,"district":"SINDHUDURG","state":"MAHARASHTRA","state_cen":27,"tehsil":"Kudal","vill_ID":566802,"vill_name":"TEMBDHURINAGAR"}},{"type":"Feature","id":"sindhudurg_kudal.118","geometry":{"type":"MultiPolygon","coordinates":[[[[73.682987,15.984036],[73.684982,15.990523],[73.687031,15.990922],[73.689943,15.99141],[73.693973,15.985904],[73.694458,15.98483],[73.695022,15.983583],[73.695461,15.981091],[73.695592,15.977883],[73.695611,15.975565],[73.688149,15.978865],[73.686471,15.97986],[73.682109,15.982451],[73.682987,15.984036]]]]},"geometry_name":"the_geom","properties":{"ADI_2001":0,"ADI_2011":0,"ADI_2019":0,"ASSET_2001":0,"ASSET_2011":0,"ASSET_2019":0,"BF_2001":0,"BF_2011":0,"BF_2019":0,"FC_2001":0,"FC_2011":0,"FC_2019":0,"F_ILL":135,"F_LIT":608,"F_SC":30,"F_ST":2,"MSW_2001":0,"MSW_2011":0,"MSW_2019":0,"M_ILL":125,"M_LIT":706,"M_SC":42,"M_ST":1,"No_HH":374,"P_ILL":260,"P_LIT":1314,"P_SC":72,"P_ST":3,"TOT_F":743,"TOT_M":831,"TOT_P":1574,"block_cen":4280,"dist_cen":529,"district":"SINDHUDURG","state":"MAHARASHTRA","state_cen":27,"tehsil":"Kudal","vill_ID":566803,"vill_name":"PINGULI"}},{"type":"Feature","id":"sindhudurg_kudal.119","geometry":{"type":"MultiPolygon","coordinates":[[[[73.667117,15.984076],[73.667441,15.987748],[73.669115,15.992903],[73.669643,15.992847],[73.670347,15.99288],[73.671754,15.992947],[73.67404,15.992814],[73.676321,15.992195],[73.678512,15.991168],[73.680441,15.990017],[73.681055,15.989886],[73.681934,15.989931],[73.684982,15.990523],[73.682987,15.984036],[73.682109,15.982451],[73.680986,15.980424],[73.680213,15.97842],[73.679738,15.975168],[73.679263,15.971773],[73.679401,15.96897],[73.679687,15.965329],[73.679314,15.962594],[73.676466,15.964019],[73.674867,15.965154],[73.673885,15.965851],[73.672216,15.967311],[73.671008,15.969642],[73.669201,15.974053],[73.667702,15.979041],[73.667504,15.980742],[73.667117,15.984076]]]]},"geometry_name":"the_geom","properties":{"ADI_2001":0,"ADI_2011":0,"ADI_2019":0,"ASSET_2001":0,"ASSET_2011":0,"ASSET_2019":0,"BF_2001":0,"BF_2011":0,"BF_2019":0,"FC_2001":0,"FC_2011":0,"FC_2019":0,"F_ILL":236,"F_LIT":874,"F_SC":15,"F_ST":0,"MSW_2001":0,"MSW_2011":0,"MSW_2019":0,"M_ILL":193,"M_LIT":948,"M_SC":17,"M_ST":0,"No_HH":527,"P_ILL":429,"P_LIT":1822,"P_SC":32,"P_ST":0,"TOT_F":1110,"TOT_M":1141,"TOT_P":2251,"block_cen":4280,"dist_cen":529,"district":"SINDHUDURG","state":"MAHARASHTRA","state_cen":27,"tehsil":"Kudal","vill_ID":566804,"vill_name":"GONDHALPUR"}},{"type":"Feature","id":"sindhudurg_kudal.120","geometry":{"type":"MultiPolygon","coordinates":[[[[73.687985,15.976756],[73.688735,15.975117],[73.68934,15.97445],[73.690097,15.973933],[73.690851,15.972854],[73.691452,15.971628],[73.691747,15.969962],[73.691889,15.968148],[73.691422,15.966016],[73.691419,15.965454],[73.691568,15.964902],[73.691867,15.964078],[73.69156,15.963358],[73.6911,15.962489],[73.690185,15.961733],[73.689267,15.960556],[73.688807,15.959547],[73.688464,15.958663],[73.685884,15.959773],[73.681024,15.961741],[73.679314,15.962594],[73.679687,15.965329],[73.679401,15.96897],[73.679263,15.971773],[73.679738,15.975168],[73.680213,15.97842],[73.680986,15.980424],[73.682109,15.982451],[73.686471,15.97986],[73.687985,15.976756]]]]},"geometry_name":"the_geom","properties":{"ADI_2001":0,"ADI_2011":0,"ADI_2019":0,"ASSET_2001":0,"ASSET_2011":0,"ASSET_2019":0,"BF_2001":0,"BF_2011":0,"BF_2019":0,"FC_2001":0,"FC_2011":0,"FC_2019":0,"F_ILL":131,"F_LIT":414,"F_SC":102,"F_ST":2,"MSW_2001":0,"MSW_2011":0,"MSW_2019":0,"M_ILL":109,"M_LIT":465,"M_SC":91,"M_ST":2,"No_HH":264,"P_ILL":240,"P_LIT":879,"P_SC":193,"P_ST":4,"TOT_F":545,"TOT_M":574,"TOT_P":1119,"block_cen":4280,"dist_cen":529,"district":"SINDHUDURG","state":"MAHARASHTRA","state_cen":27,"tehsil":"Kudal","vill_ID":566805,"vill_name":"DEULWADI"}},{"type":"Feature","id":"sindhudurg_kudal.121","geometry":{"type":"MultiPolygon","coordinates":[[[[73.688149,15.978865],[73.695611,15.975565],[73.695729,15.975513],[73.699968,15.973801],[73.704813,15.972551],[73.710445,15.972187],[73.711199,15.971804],[73.713156,15.970391],[73.714662,15.96937],[73.715866,15.96861],[73.716158,15.966957],[73.716532,15.964748],[73.716666,15.961833],[73.716344,15.958472],[73.715279,15.95701],[73.712851,15.955178],[73.70694,15.952696],[73.702846,15.95159],[73.702521,15.951616],[73.699968,15.951821],[73.698303,15.952273],[73.696184,15.953396],[73.691645,15.956612],[73.688464,15.958663],[73.688807,15.959547],[73.689267,15.960556],[73.690185,15.961733],[73.6911,15.962489],[73.69156,15.963358],[73.691867,15.964078],[73.691568,15.964902],[73.691419,15.965454],[73.691422,15.966016],[73.691889,15.968148],[73.691747,15.969962],[73.691452,15.971628],[73.690851,15.972854],[73.690097,15.973933],[73.68934,15.97445],[73.688735,15.975117],[73.687985,15.976756],[73.686471,15.97986],[73.688149,15.978865]]]]},"geometry_name":"the_geom","properties":{"ADI_2001":0,"ADI_2011":0,"ADI_2019":0,"ASSET_2001":0,"ASSET_2011":0,"ASSET_2019":0,"BF_2001":0,"BF_2011":0,"BF_2019":0,"FC_2001":0,"FC_2011":0,"FC_2019":0,"F_ILL":136,"F_LIT":512,"F_SC":41,"F_ST":1,"MSW_2001":0,"MSW_2011":0,"MSW_2019":0,"M_ILL":90,"M_LIT":618,"M_SC":51,"M_ST":2,"No_HH":323,"P_ILL":226,"P_LIT":1130,"P_SC":92,"P_ST":3,"TOT_F":648,"TOT_M":708,"TOT_P":1356,"block_cen":4280,"dist_cen":529,"district":"SINDHUDURG","state":"MAHARASHTRA","state_cen":27,"tehsil":"Kudal","vill_ID":566806,"vill_name":"BIBAVANE"}},{"type":"Feature","id":"sindhudurg_kudal.122","geometry":{"type":"MultiPolygon","coordinates":[[[[73.701606,15.941435],[73.701496,15.941626],[73.701374,15.941837],[73.701273,15.94201],[73.701253,15.942027],[73.700752,15.94211],[73.700723,15.942104],[73.700049,15.942605],[73.701506,15.946864],[73.702521,15.951616],[73.702846,15.95159],[73.70694,15.952696],[73.712851,15.955178],[73.715279,15.95701],[73.716344,15.958472],[73.716666,15.961833],[73.716532,15.964748],[73.716158,15.966957],[73.715866,15.96861],[73.724006,15.966621],[73.726266,15.966355],[73.727923,15.966189],[73.729914,15.96597],[73.730744,15.962086],[73.731187,15.960731],[73.731625,15.958406],[73.731762,15.956062],[73.731452,15.954379],[73.730839,15.952397],[73.730677,15.950034],[73.730697,15.94971],[73.730957,15.945494],[73.730757,15.940709],[73.730629,15.940817],[73.728783,15.941141],[73.726095,15.941095],[73.723572,15.940755],[73.722058,15.940645],[73.720373,15.939904],[73.717678,15.9394],[73.714643,15.938409],[73.71262,15.938109],[73.710933,15.93768],[73.709077,15.937393],[73.707221,15.937261],[73.705536,15.938072],[73.704019,15.93905],[73.702503,15.940341],[73.701737,15.941196],[73.701606,15.941435]]]]},"geometry_name":"the_geom","properties":{"ADI_2001":0,"ADI_2011":0,"ADI_2019":0,"ASSET_2001":0,"ASSET_2011":0,"ASSET_2019":0,"BF_2001":0,"BF_2011":0,"BF_2019":0,"FC_2001":0,"FC_2011":0,"FC_2019":0,"F_ILL":259,"F_LIT":787,"F_SC":52,"F_ST":0,"MSW_2001":0,"MSW_2011":0,"MSW_2019":0,"M_ILL":134,"M_LIT":876,"M_SC":58,"M_ST":0,"No_HH":479,"P_ILL":393,"P_LIT":1663,"P_SC":110,"P_ST":0,"TOT_F":1046,"TOT_M":1010,"TOT_P":2056,"block_cen":4280,"dist_cen":529,"district":"SINDHUDURG","state":"MAHARASHTRA","state_cen":27,"tehsil":"Kudal","vill_ID":566807,"vill_name":"BAMBARDE TARF MANGAON"}},{"type":"Feature","id":"sindhudurg_kudal.123","geometry":{"type":"MultiPolygon","coordinates":[[[[73.751446,15.9281],[73.751436,15.928031],[73.748884,15.926676],[73.748646,15.926538],[73.746751,15.925441],[73.746323,15.925185],[73.746287,15.924741],[73.746277,15.92471],[73.746269,15.924687],[73.746377,15.924711],[73.746388,15.924617],[73.746331,15.924611],[73.74644,15.924155],[73.746391,15.923493],[73.745951,15.922724],[73.745073,15.921807],[73.742977,15.921062],[73.742546,15.920895],[73.74235,15.920882],[73.742122,15.920752],[73.74207,15.920774],[73.741983,15.920769],[73.741952,15.920823],[73.741851,15.920756],[73.741918,15.920307],[73.741907,15.920233],[73.741866,15.919999],[73.74168,15.919563],[73.741318,15.918934],[73.741299,15.918735],[73.740456,15.918557],[73.739977,15.918453],[73.739693,15.918209],[73.739653,15.918284],[73.739585,15.918236],[73.739234,15.918249],[73.739034,15.918268],[73.73888,15.918195],[73.738829,15.918143],[73.738743,15.917956],[73.738516,15.917865],[73.738317,15.917836],[73.738117,15.917717],[73.737983,15.917752],[73.73715,15.919844],[73.73631,15.922534],[73.7361,15.923363],[73.7361,15.923364],[73.736278,15.923758],[73.736608,15.924149],[73.736487,15.92424],[73.736405,15.924302],[73.736025,15.924474],[73.735828,15.924432],[73.735472,15.925834],[73.734635,15.929598],[73.734135,15.932781],[73.733634,15.934278],[73.733136,15.937161],[73.732687,15.938233],[73.732818,15.938348],[73.732696,15.938699],[73.732493,15.938695],[73.732136,15.939546],[73.731518,15.940068],[73.731502,15.940172],[73.731378,15.940302],[73.731282,15.940267],[73.730757,15.940709],[73.730957,15.945494],[73.730697,15.94971],[73.733894,15.951345],[73.735249,15.951583],[73.738405,15.951541],[73.745907,15.950871],[73.75025,15.950108],[73.752643,15.949196],[73.754286,15.948089],[73.755382,15.947096],[73.756375,15.946196],[73.758162,15.942222],[73.759205,15.939427],[73.759353,15.938068],[73.759352,15.936696],[73.758902,15.935286],[73.756655,15.933317],[73.754406,15.930935],[73.753207,15.929326],[73.753171,15.92804],[73.751446,15.9281]]]]},"geometry_name":"the_geom","properties":{"ADI_2001":0,"ADI_2011":0,"ADI_2019":0,"ASSET_2001":0,"ASSET_2011":0,"ASSET_2019":0,"BF_2001":0,"BF_2011":0,"BF_2019":0,"FC_2001":0,"FC_2011":0,"FC_2019":0,"F_ILL":313,"F_LIT":1023,"F_SC":79,"F_ST":0,"MSW_2001":0,"MSW_2011":0,"MSW_2019":0,"M_ILL":259,"M_LIT":1067,"M_SC":84,"M_ST":0,"No_HH":604,"P_ILL":572,"P_LIT":2090,"P_SC":163,"P_ST":0,"TOT_F":1336,"TOT_M":1326,"TOT_P":2662,"block_cen":4280,"dist_cen":529,"district":"SINDHUDURG","state":"MAHARASHTRA","state_cen":27,"tehsil":"Kudal","vill_ID":566808,"vill_name":"ZARAP"}},{"type":"Feature","id":"sindhudurg_kudal.124","geometry":{"type":"MultiPolygon","coordinates":[[[[73.796534,15.93751],[73.795021,15.936673],[73.793049,15.936163],[73.791803,15.935878],[73.791778,15.935758],[73.791581,15.934794],[73.791554,15.934636],[73.791013,15.933889],[73.791103,15.933293],[73.790786,15.931277],[73.789679,15.932007],[73.789136,15.931409],[73.788234,15.93038],[73.788324,15.929472],[73.788514,15.927546],[73.788713,15.926868],[73.78858,15.925916],[73.788626,15.925427],[73.788443,15.924348],[73.78826,15.923269],[73.78814,15.922795],[73.788048,15.922428],[73.7845,15.920514],[73.784,15.920269],[73.783706,15.920232],[73.77958,15.91935],[73.778591,15.918484],[73.77699,15.918706],[73.773628,15.919138],[73.771818,15.919405],[73.769656,15.920202],[73.766688,15.921483],[73.765755,15.921936],[73.765484,15.922029],[73.7643,15.922987],[73.762715,15.924285],[73.762404,15.924566],[73.762196,15.924733],[73.761879,15.924858],[73.761117,15.925079],[73.760278,15.925062],[73.759892,15.925291],[73.759454,15.925427],[73.759411,15.925465],[73.758752,15.926051],[73.758102,15.92624],[73.757931,15.926495],[73.757721,15.926496],[73.757646,15.92663],[73.757695,15.926696],[73.757631,15.926913],[73.757534,15.926967],[73.757469,15.927135],[73.757172,15.927237],[73.756897,15.927328],[73.756763,15.927371],[73.756726,15.927438],[73.756533,15.927409],[73.75622,15.927304],[73.755754,15.927319],[73.755588,15.927343],[73.754974,15.92713],[73.754677,15.926946],[73.754336,15.92701],[73.754137,15.926958],[73.753842,15.927481],[73.753591,15.927593],[73.753345,15.928034],[73.753171,15.92804],[73.753207,15.929326],[73.754406,15.930935],[73.756655,15.933317],[73.758902,15.935286],[73.759352,15.936696],[73.759353,15.938068],[73.759205,15.939427],[73.758162,15.942222],[73.756375,15.946196],[73.755382,15.947096],[73.761191,15.954171],[73.762242,15.955355],[73.765678,15.952876],[73.767761,15.952223],[73.770587,15.95136],[73.77356,15.951063],[73.775342,15.950666],[73.776528,15.950219],[73.777861,15.948824],[73.778623,15.948125],[73.779639,15.947192],[73.780971,15.945246],[73.782304,15.944261],[73.783489,15.9434],[73.785118,15.943402],[73.787929,15.943643],[73.790736,15.944434],[73.792065,15.945098],[73.793245,15.9452],[73.794867,15.945203],[73.796047,15.944893],[73.797194,15.944366],[73.796669,15.944075],[73.79583,15.942956],[73.796672,15.942244],[73.797233,15.94177],[73.797594,15.940961],[73.796534,15.93751]]]]},"geometry_name":"the_geom","properties":{"ADI_2001":0,"ADI_2011":0,"ADI_2019":0,"ASSET_2001":0,"ASSET_2011":0,"ASSET_2019":0,"BF_2001":0,"BF_2011":0,"BF_2019":0,"FC_2001":0,"FC_2011":0,"FC_2019":0,"F_ILL":186,"F_LIT":781,"F_SC":51,"F_ST":0,"MSW_2001":0,"MSW_2011":0,"MSW_2019":0,"M_ILL":181,"M_LIT":811,"M_SC":43,"M_ST":1,"No_HH":419,"P_ILL":367,"P_LIT":1592,"P_SC":94,"P_ST":1,"TOT_F":967,"TOT_M":992,"TOT_P":1959,"block_cen":4280,"dist_cen":529,"district":"SINDHUDURG","state":"MAHARASHTRA","state_cen":27,"tehsil":"Kudal","vill_ID":566810,"vill_name":"AKERI"}},{"type":"Feature","id":"sindhudurg_kudal.125","geometry":{"type":"MultiPolygon","coordinates":[[[[73.651357,16.049454],[73.65343,16.052139],[73.654141,16.057503],[73.655536,16.060758],[73.655695,16.060057],[73.656635,16.054443],[73.657466,16.048167],[73.657557,16.043766],[73.657544,16.040662],[73.657852,16.038571],[73.659108,16.035516],[73.659012,16.034499],[73.658995,16.03431],[73.658354,16.033485],[73.655163,16.03166],[73.654988,16.031593],[73.652825,16.030768],[73.650066,16.03036],[73.647947,16.030577],[73.647313,16.031052],[73.646787,16.031731],[73.646154,16.032306],[73.645737,16.033391],[73.645212,16.034272],[73.644797,16.035659],[73.644487,16.036851],[73.643964,16.037935],[73.643335,16.038915],[73.643022,16.039806],[73.642597,16.042447],[73.643909,16.042304],[73.646648,16.0437],[73.64871,16.046687],[73.649512,16.04869],[73.651357,16.049454]]]]},"geometry_name":"the_geom","properties":{"ADI_2001":0,"ADI_2011":0,"ADI_2019":0,"ASSET_2001":0,"ASSET_2011":0,"ASSET_2019":0,"BF_2001":0,"BF_2011":0,"BF_2019":0,"FC_2001":0,"FC_2011":0,"FC_2019":0,"F_ILL":110,"F_LIT":358,"F_SC":105,"F_ST":0,"MSW_2001":0,"MSW_2011":0,"MSW_2019":0,"M_ILL":69,"M_LIT":399,"M_SC":104,"M_ST":0,"No_HH":241,"P_ILL":179,"P_LIT":757,"P_SC":209,"P_ST":0,"TOT_F":468,"TOT_M":468,"TOT_P":936,"block_cen":4280,"dist_cen":529,"district":"SINDHUDURG","state":"MAHARASHTRA","state_cen":27,"tehsil":"Kudal","vill_ID":566811,"vill_name":"SONAVADE TARF HAVELI"}},{"type":"Feature","id":"sindhudurg_kudal.126","geometry":{"type":"MultiPolygon","coordinates":[[[[73.63334,16.040122],[73.635053,16.042012],[73.635219,16.041921],[73.635341,16.04201],[73.636129,16.042586],[73.636845,16.043631],[73.637472,16.045099],[73.637623,16.045964],[73.637624,16.045974],[73.637699,16.045964],[73.638974,16.045038],[73.640332,16.043792],[73.641691,16.042546],[73.642597,16.042447],[73.643022,16.039806],[73.643335,16.038915],[73.643964,16.037935],[73.644487,16.036851],[73.644797,16.035659],[73.645212,16.034272],[73.645737,16.033391],[73.646154,16.032306],[73.646787,16.031731],[73.647313,16.031052],[73.647947,16.030577],[73.650066,16.03036],[73.652825,16.030768],[73.654988,16.031593],[73.654456,16.029994],[73.654092,16.028899],[73.653877,16.028392],[73.653661,16.027585],[73.653762,16.026692],[73.65397,16.025803],[73.654177,16.024915],[73.654066,16.023816],[73.653743,16.022808],[73.65342,16.0218],[73.652779,16.02088],[73.652458,16.020171],[73.652455,16.019675],[73.652558,16.018884],[73.652341,16.017982],[73.65202,16.017275],[73.651699,16.016568],[73.651078,16.015679],[73.65062,16.015929],[73.649758,16.016114],[73.649999,16.016808],[73.650003,16.017801],[73.649689,16.018681],[73.649268,16.019261],[73.648845,16.019542],[73.648422,16.019823],[73.647787,16.019996],[73.645348,16.019999],[73.640682,16.019915],[73.638242,16.019719],[73.63697,16.01967],[73.635699,16.019819],[73.63517,16.019998],[73.634748,16.020479],[73.634009,16.020948],[73.632638,16.021992],[73.631688,16.022554],[73.630105,16.023492],[73.628827,16.024446],[73.629045,16.025451],[73.62937,16.026662],[73.629907,16.027881],[73.630554,16.029606],[73.630675,16.031914],[73.630472,16.03311],[73.629756,16.035283],[73.6315,16.03699],[73.632388,16.039096],[73.63334,16.040122]]]]},"geometry_name":"the_geom","properties":{"ADI_2001":0,"ADI_2011":0,"ADI_2019":0,"ASSET_2001":0,"ASSET_2011":0,"ASSET_2019":0,"BF_2001":0,"BF_2011":0,"BF_2019":0,"FC_2001":0,"FC_2011":0,"FC_2019":0,"F_ILL":99,"F_LIT":375,"F_SC":17,"F_ST":0,"MSW_2001":0,"MSW_2011":0,"MSW_2019":0,"M_ILL":44,"M_LIT":380,"M_SC":14,"M_ST":0,"No_HH":240,"P_ILL":143,"P_LIT":755,"P_SC":31,"P_ST":0,"TOT_F":474,"TOT_M":424,"TOT_P":898,"block_cen":4280,"dist_cen":529,"district":"SINDHUDURG","state":"MAHARASHTRA","state_cen":27,"tehsil":"Kudal","vill_ID":566812,"vill_name":"SARAMBAL"}},{"type":"Feature","id":"sindhudurg_kudal.127","geometry":{"type":"MultiPolygon","coordinates":[[[[73.625053,16.016897],[73.625093,16.016965],[73.624198,16.017521],[73.62425,16.017717],[73.625132,16.02108],[73.626095,16.02143],[73.626333,16.021516],[73.626334,16.021516],[73.626428,16.022001],[73.62662,16.025225],[73.626447,16.026167],[73.626114,16.027354],[73.625661,16.028623],[73.624599,16.03094],[73.623915,16.03235],[73.626184,16.033236],[73.62961,16.035139],[73.629756,16.035283],[73.630472,16.03311],[73.630675,16.031914],[73.630554,16.029606],[73.629907,16.027881],[73.62937,16.026662],[73.629045,16.025451],[73.628827,16.024446],[73.628718,16.023941],[73.628601,16.022141],[73.628383,16.020937],[73.627953,16.019826],[73.627523,16.018715],[73.627501,16.017386],[73.627094,16.017394],[73.625823,16.017148],[73.625011,16.016815],[73.625053,16.016897]]]]},"geometry_name":"the_geom","properties":{"ADI_2001":0,"ADI_2011":0,"ADI_2019":0,"ASSET_2001":0,"ASSET_2011":0,"ASSET_2019":0,"BF_2001":0,"BF_2011":0,"BF_2019":0,"FC_2001":0,"FC_2011":0,"FC_2019":0,"F_ILL":80,"F_LIT":246,"F_SC":69,"F_ST":0,"MSW_2001":0,"MSW_2011":0,"MSW_2019":0,"M_ILL":36,"M_LIT":270,"M_SC":61,"M_ST":0,"No_HH":175,"P_ILL":116,"P_LIT":516,"P_SC":130,"P_ST":0,"TOT_F":326,"TOT_M":306,"TOT_P":632,"block_cen":4280,"dist_cen":529,"district":"SINDHUDURG","state":"MAHARASHTRA","state_cen":27,"tehsil":"Kudal","vill_ID":566813,"vill_name":"NAIKWADI"}},{"type":"Feature","id":"sindhudurg_kudal.128","geometry":{"type":"MultiPolygon","coordinates":[[[[73.651699,16.016568],[73.65202,16.017275],[73.652341,16.017982],[73.652558,16.018884],[73.652455,16.019675],[73.652458,16.020171],[73.652779,16.02088],[73.65342,16.0218],[73.653743,16.022808],[73.654066,16.023816],[73.654177,16.024915],[73.65397,16.025803],[73.653762,16.026692],[73.653661,16.027585],[73.653877,16.028392],[73.654092,16.028899],[73.654456,16.029994],[73.659931,16.027039],[73.664479,16.024635],[73.665333,16.024],[73.665745,16.023694],[73.66627,16.022821],[73.667004,16.021363],[73.667606,16.020581],[73.667097,16.020035],[73.666928,16.016811],[73.666922,16.015833],[73.667067,16.015001],[73.667661,16.014329],[73.668106,16.01379],[73.668245,16.012124],[73.667944,16.011692],[73.666746,16.011222],[73.665249,16.010878],[73.6645,16.010567],[73.664348,16.010004],[73.664344,16.009447],[73.664625,16.008629],[73.664711,16.00814],[73.664621,16.007808],[73.663825,16.007445],[73.663294,16.007012],[73.662143,16.006224],[73.661433,16.005291],[73.661429,16.004614],[73.660422,16.004668],[73.658517,16.004684],[73.655024,16.004929],[73.653226,16.005445],[73.652908,16.00553],[73.651954,16.005491],[73.651227,16.005399],[73.651533,16.006374],[73.65165,16.009142],[73.651675,16.014683],[73.651466,16.015467],[73.651078,16.015679],[73.651699,16.016568]]]]},"geometry_name":"the_geom","properties":{"ADI_2001":0,"ADI_2011":0,"ADI_2019":0,"ASSET_2001":0,"ASSET_2011":0,"ASSET_2019":0,"BF_2001":0,"BF_2011":0,"BF_2019":0,"FC_2001":0,"FC_2011":0,"FC_2019":0,"F_ILL":85,"F_LIT":275,"F_SC":2,"F_ST":0,"MSW_2001":0,"MSW_2011":0,"MSW_2019":0,"M_ILL":61,"M_LIT":307,"M_SC":1,"M_ST":0,"No_HH":170,"P_ILL":146,"P_LIT":582,"P_SC":3,"P_ST":0,"TOT_F":360,"TOT_M":368,"TOT_P":728,"block_cen":4280,"dist_cen":529,"district":"SINDHUDURG","state":"MAHARASHTRA","state_cen":27,"tehsil":"Kudal","vill_ID":566814,"vill_name":"KAVILGAON"}},{"type":"Feature","id":"sindhudurg_kudal.129","geometry":{"type":"MultiPolygon","coordinates":[[[[73.649455,16.016179],[73.647227,16.01609],[73.643197,16.01593],[73.637155,16.016387],[73.632176,16.016988],[73.628894,16.017361],[73.627501,16.017386],[73.627523,16.018715],[73.627953,16.019826],[73.628383,16.020937],[73.628601,16.022141],[73.628718,16.023941],[73.628827,16.024446],[73.630105,16.023492],[73.631688,16.022554],[73.632638,16.021992],[73.634009,16.020948],[73.634748,16.020479],[73.63517,16.019998],[73.635699,16.019819],[73.63697,16.01967],[73.638242,16.019719],[73.640682,16.019915],[73.645348,16.019999],[73.647787,16.019996],[73.648422,16.019823],[73.648845,16.019542],[73.649268,16.019261],[73.649689,16.018681],[73.650003,16.017801],[73.649999,16.016808],[73.649758,16.016114],[73.649455,16.016179]]]]},"geometry_name":"the_geom","properties":{"ADI_2001":0,"ADI_2011":0,"ADI_2019":0,"ASSET_2001":0,"ASSET_2011":0,"ASSET_2019":0,"BF_2001":0,"BF_2011":0,"BF_2019":0,"FC_2001":0,"FC_2011":0,"FC_2019":0,"F_ILL":62,"F_LIT":173,"F_SC":0,"F_ST":6,"MSW_2001":0,"MSW_2011":0,"MSW_2019":0,"M_ILL":43,"M_LIT":177,"M_SC":0,"M_ST":6,"No_HH":110,"P_ILL":105,"P_LIT":350,"P_SC":0,"P_ST":12,"TOT_F":235,"TOT_M":220,"TOT_P":455,"block_cen":4280,"dist_cen":529,"district":"SINDHUDURG","state":"MAHARASHTRA","state_cen":27,"tehsil":"Kudal","vill_ID":566815,"vill_name":"TALEGAON"}},{"type":"Feature","id":"sindhudurg_kudal.130","geometry":{"type":"MultiPolygon","coordinates":[[[[73.619292,16.013033],[73.619337,16.012997],[73.619413,16.012936],[73.619519,16.012849],[73.619771,16.012803],[73.61999,16.012762],[73.620668,16.012501],[73.620883,16.012418],[73.621094,16.012396],[73.621232,16.012381],[73.621413,16.012284],[73.621521,16.012227],[73.621575,16.012228],[73.62182,16.012233],[73.621984,16.012237],[73.622324,16.012396],[73.622483,16.012384],[73.622555,16.012378],[73.62269,16.01238],[73.622887,16.012404],[73.623213,16.012618],[73.623395,16.012797],[73.624236,16.013861],[73.625016,16.015752],[73.625049,16.016009],[73.625068,16.016162],[73.624957,16.016709],[73.625011,16.016815],[73.625823,16.017148],[73.627094,16.017394],[73.627501,16.017386],[73.628894,16.017361],[73.632176,16.016988],[73.637155,16.016387],[73.643197,16.01593],[73.647227,16.01609],[73.649455,16.016179],[73.649758,16.016114],[73.65062,16.015929],[73.651078,16.015679],[73.651466,16.015467],[73.651675,16.014683],[73.65165,16.009142],[73.651533,16.006374],[73.651227,16.005399],[73.650788,16.005344],[73.649832,16.005009],[73.648453,16.004755],[73.646862,16.004591],[73.645483,16.004634],[73.643788,16.004861],[73.64114,16.005544],[73.639656,16.005781],[73.638595,16.00564],[73.637322,16.005492],[73.636686,16.005565],[73.636157,16.005939],[73.634569,16.006569],[73.632344,16.007075],[73.630331,16.007194],[73.628423,16.007219],[73.626833,16.007159],[73.625985,16.006929],[73.625242,16.006704],[73.6245,16.006479],[73.623864,16.006456],[73.622806,16.006516],[73.621748,16.006775],[73.620797,16.007038],[73.619846,16.007301],[73.619003,16.007767],[73.616729,16.009651],[73.617514,16.010097],[73.618887,16.011742],[73.61927,16.013023],[73.619292,16.013033]]]]},"geometry_name":"the_geom","properties":{"ADI_2001":0,"ADI_2011":0,"ADI_2019":0,"ASSET_2001":0,"ASSET_2011":0,"ASSET_2019":0,"BF_2001":0,"BF_2011":0,"BF_2019":0,"FC_2001":0,"FC_2011":0,"FC_2019":0,"F_ILL":127,"F_LIT":469,"F_SC":3,"F_ST":0,"MSW_2001":0,"MSW_2011":0,"MSW_2019":0,"M_ILL":66,"M_LIT":448,"M_SC":3,"M_ST":0,"No_HH":268,"P_ILL":193,"P_LIT":917,"P_SC":6,"P_ST":0,"TOT_F":596,"TOT_M":514,"TOT_P":1110,"block_cen":4280,"dist_cen":529,"district":"SINDHUDURG","state":"MAHARASHTRA","state_cen":27,"tehsil":"Kudal","vill_ID":566816,"vill_name":"KUTGAON"}},{"type":"Feature","id":"sindhudurg_kudal.131","geometry":{"type":"MultiPolygon","coordinates":[[[[73.640082,15.977975],[73.638057,15.978111],[73.638481,15.978612],[73.638814,15.979636],[73.639148,15.981164],[73.639374,15.983192],[73.639055,15.985903],[73.638839,15.987004],[73.638183,15.987482],[73.637417,15.987653],[73.635775,15.987992],[73.634131,15.987826],[73.633034,15.98748],[73.632594,15.986857],[73.632264,15.986239],[73.632152,15.98573],[73.632259,15.984825],[73.632585,15.984131],[73.632694,15.983731],[73.632911,15.983134],[73.632909,15.982528],[73.632907,15.982124],[73.632686,15.98161],[73.632356,15.981092],[73.631915,15.980468],[73.631583,15.979646],[73.631103,15.97756],[73.6295,15.9772],[73.626494,15.975925],[73.626623,15.97708],[73.626627,15.978],[73.626261,15.979939],[73.626018,15.981538],[73.624779,15.983099],[73.623786,15.983865],[73.62279,15.983828],[73.622292,15.983694],[73.621916,15.983106],[73.621665,15.982637],[73.621414,15.982052],[73.620913,15.981114],[73.620038,15.980276],[73.619288,15.979558],[73.618005,15.980538],[73.617183,15.980888],[73.617877,15.982437],[73.617797,15.98583],[73.618709,15.986243],[73.620892,15.987203],[73.622804,15.988657],[73.623352,15.989556],[73.623491,15.990441],[73.622679,15.992172],[73.621458,15.993639],[73.620915,15.993871],[73.620506,15.993856],[73.619143,15.993304],[73.616184,15.99227],[73.616013,15.992693],[73.615607,15.99331],[73.614938,15.995684],[73.6136,16.00032],[73.611317,16.006738],[73.612387,16.007216],[73.615121,16.00874],[73.616729,16.009651],[73.619003,16.007767],[73.619846,16.007301],[73.620797,16.007038],[73.621748,16.006775],[73.622806,16.006516],[73.623864,16.006456],[73.6245,16.006479],[73.625242,16.006704],[73.625985,16.006929],[73.626833,16.007159],[73.628423,16.007219],[73.630331,16.007194],[73.632344,16.007075],[73.634569,16.006569],[73.636157,16.005939],[73.636686,16.005565],[73.637322,16.005492],[73.638595,16.00564],[73.639656,16.005781],[73.64114,16.005544],[73.643788,16.004861],[73.645483,16.004634],[73.646862,16.004591],[73.648453,16.004755],[73.649832,16.005009],[73.650788,16.005344],[73.651227,16.005399],[73.651954,16.005491],[73.652908,16.00553],[73.653226,16.005445],[73.655024,16.004929],[73.658517,16.004684],[73.660422,16.004668],[73.661429,16.004614],[73.661429,16.004553],[73.661513,16.003737],[73.663431,15.999814],[73.667714,15.994139],[73.668325,15.993273],[73.669115,15.992903],[73.667441,15.987748],[73.667117,15.984076],[73.667504,15.980742],[73.663134,15.982053],[73.661915,15.982559],[73.661458,15.98296],[73.660543,15.983199],[73.658863,15.983262],[73.655805,15.9827],[73.646163,15.981006],[73.644169,15.980074],[73.642658,15.979048],[73.642173,15.978719],[73.641292,15.977987],[73.640082,15.977975]]]]},"geometry_name":"the_geom","properties":{"ADI_2001":0,"ADI_2011":0,"ADI_2019":0,"ASSET_2001":0,"ASSET_2011":0,"ASSET_2019":0,"BF_2001":0,"BF_2011":0,"BF_2019":0,"FC_2001":0,"FC_2011":0,"FC_2019":0,"F_ILL":241,"F_LIT":925,"F_SC":74,"F_ST":0,"MSW_2001":0,"MSW_2011":0,"MSW_2019":0,"M_ILL":145,"M_LIT":989,"M_SC":68,"M_ST":0,"No_HH":555,"P_ILL":386,"P_LIT":1914,"P_SC":142,"P_ST":0,"TOT_F":1166,"TOT_M":1134,"TOT_P":2300,"block_cen":4280,"dist_cen":529,"district":"SINDHUDURG","state":"MAHARASHTRA","state_cen":27,"tehsil":"Kudal","vill_ID":566817,"vill_name":"NERUR  TARF HAVELI"}},{"type":"Feature","id":"sindhudurg_kudal.132","geometry":{"type":"MultiPolygon","coordinates":[[[[73.604918,15.990511],[73.604088,15.992944],[73.601824,15.996569],[73.600629,15.997881],[73.599432,15.9983],[73.596676,15.998687],[73.590888,15.999531],[73.59069,16.000367],[73.590454,16.001812],[73.590219,16.003593],[73.588983,16.007913],[73.589498,16.008801],[73.592288,16.012306],[73.594366,16.011183],[73.596401,16.009956],[73.598096,16.008563],[73.6003,16.007026],[73.602847,16.00582],[73.603525,16.005361],[73.607099,16.005302],[73.609315,16.005846],[73.611317,16.006738],[73.6136,16.00032],[73.614938,15.995684],[73.615607,15.99331],[73.616013,15.992693],[73.616184,15.99227],[73.616417,15.991699],[73.616956,15.990584],[73.617242,15.989432],[73.606225,15.990007],[73.605275,15.989983],[73.604918,15.990511]]]]},"geometry_name":"the_geom","properties":{"ADI_2001":0,"ADI_2011":0,"ADI_2019":0,"ASSET_2001":0,"ASSET_2011":0,"ASSET_2019":0,"BF_2001":0,"BF_2011":0,"BF_2019":0,"FC_2001":0,"FC_2011":0,"FC_2019":0,"F_ILL":88,"F_LIT":288,"F_SC":68,"F_ST":2,"MSW_2001":0,"MSW_2011":0,"MSW_2019":0,"M_ILL":42,"M_LIT":307,"M_SC":61,"M_ST":3,"No_HH":190,"P_ILL":130,"P_LIT":595,"P_SC":129,"P_ST":5,"TOT_F":376,"TOT_M":349,"TOT_P":725,"block_cen":4280,"dist_cen":529,"district":"SINDHUDURG","state":"MAHARASHTRA","state_cen":27,"tehsil":"Kudal","vill_ID":566818,"vill_name":"WALAWAL"}},{"type":"Feature","id":"sindhudurg_kudal.133","geometry":{"type":"MultiPolygon","coordinates":[[[[73.58082,15.994601],[73.580837,15.994965],[73.580556,15.995083],[73.580397,15.99534],[73.580319,15.995469],[73.579784,15.99593],[73.579746,15.996142],[73.580151,15.997147],[73.580826,15.998155],[73.581366,15.998911],[73.581636,15.999789],[73.581772,16.001167],[73.581637,16.002166],[73.581097,16.003035],[73.580422,16.003653],[73.580016,16.004774],[73.579881,16.00615],[73.579476,16.008151],[73.579207,16.009654],[73.578666,16.010399],[73.577719,16.011891],[73.575331,16.015723],[73.575648,16.016157],[73.57685,16.018106],[73.577708,16.019514],[73.578789,16.020946],[73.579257,16.020855],[73.582146,16.019493],[73.587069,16.015473],[73.589445,16.014096],[73.591821,16.012558],[73.592288,16.012306],[73.589498,16.008801],[73.588983,16.007913],[73.588812,16.007619],[73.588013,16.00612],[73.58767,16.005056],[73.58744,16.003783],[73.587324,16.002302],[73.58732,16.000508],[73.587546,15.999351],[73.58811,15.997883],[73.588448,15.996516],[73.588332,15.995248],[73.587989,15.994083],[73.587301,15.990905],[73.586958,15.989949],[73.586503,15.989416],[73.586242,15.989292],[73.58605,15.989201],[73.585257,15.989088],[73.583969,15.989173],[73.583514,15.990775],[73.582573,15.992402],[73.580817,15.994217],[73.58082,15.994601]]]]},"geometry_name":"the_geom","properties":{"ADI_2001":0,"ADI_2011":0,"ADI_2019":0,"ASSET_2001":0,"ASSET_2011":0,"ASSET_2019":0,"BF_2001":0,"BF_2011":0,"BF_2019":0,"FC_2001":0,"FC_2011":0,"FC_2019":0,"F_ILL":69,"F_LIT":187,"F_SC":97,"F_ST":0,"MSW_2001":0,"MSW_2011":0,"MSW_2019":0,"M_ILL":31,"M_LIT":207,"M_SC":81,"M_ST":0,"No_HH":136,"P_ILL":100,"P_LIT":394,"P_SC":178,"P_ST":0,"TOT_F":256,"TOT_M":238,"TOT_P":494,"block_cen":4280,"dist_cen":529,"district":"SINDHUDURG","state":"MAHARASHTRA","state_cen":27,"tehsil":"Kudal","vill_ID":566819,"vill_name":"CHENDAWAN"}},{"type":"Feature","id":"sindhudurg_kudal.134","geometry":{"type":"MultiPolygon","coordinates":[[[[73.57108,15.998392],[73.570581,15.998566],[73.57044,15.998573],[73.570331,15.998521],[73.570187,15.998414],[73.570052,15.998317],[73.569952,15.998202],[73.569871,15.998177],[73.569424,15.998388],[73.56931,15.998412],[73.569496,15.998596],[73.569581,15.998879],[73.569465,15.99981],[73.570428,15.999703],[73.570833,15.999207],[73.57117,15.99838],[73.57108,15.998392]]],[[[73.566629,16.001945],[73.566196,16.00191],[73.566075,16.001953],[73.565957,16.002073],[73.565979,16.002224],[73.565798,16.00232],[73.565375,16.002375],[73.565264,16.002507],[73.56502,16.0029],[73.564835,16.003183],[73.563055,16.004848],[73.562958,16.004985],[73.562687,16.005355],[73.562579,16.005611],[73.562493,16.005954],[73.562195,16.006128],[73.562027,16.006226],[73.561879,16.006528],[73.56173,16.006776],[73.561656,16.00722],[73.561637,16.007326],[73.56171,16.007377],[73.561828,16.007443],[73.561841,16.007733],[73.5619,16.007789],[73.562295,16.007724],[73.563817,16.008042],[73.564699,16.008949],[73.565426,16.004655],[73.566377,16.002423],[73.56665,16.001922],[73.566629,16.001945]]]]},"geometry_name":"the_geom","properties":{"ADI_2001":0,"ADI_2011":0,"ADI_2019":0,"ASSET_2001":0,"ASSET_2011":0,"ASSET_2019":0,"BF_2001":0,"BF_2011":0,"BF_2019":0,"FC_2001":0,"FC_2011":0,"FC_2019":0,"F_ILL":102,"F_LIT":297,"F_SC":19,"F_ST":0,"MSW_2001":0,"MSW_2011":0,"MSW_2019":0,"M_ILL":138,"M_LIT":354,"M_SC":13,"M_ST":0,"No_HH":223,"P_ILL":240,"P_LIT":651,"P_SC":32,"P_ST":0,"TOT_F":399,"TOT_M":492,"TOT_P":891,"block_cen":4280,"dist_cen":529,"district":"SINDHUDURG","state":"MAHARASHTRA","state_cen":27,"tehsil":"Kudal","vill_ID":566820,"vill_name":"KAVATHI"}},{"type":"Feature","id":"sindhudurg_kudal.135","geometry":{"type":"MultiPolygon","coordinates":[[[[73.579721,15.988322],[73.579966,15.98863],[73.579798,15.988849],[73.579792,15.988972],[73.579835,15.989041],[73.579922,15.989073],[73.580001,15.989506],[73.579824,15.989647],[73.579849,15.990151],[73.580037,15.990213],[73.580121,15.99039],[73.580393,15.990399],[73.580525,15.990686],[73.580648,15.990846],[73.580654,15.990847],[73.580943,15.990873],[73.581405,15.991311],[73.581257,15.991818],[73.581206,15.991972],[73.581068,15.992385],[73.580849,15.992589],[73.580814,15.993631],[73.580817,15.994217],[73.582573,15.992402],[73.583514,15.990775],[73.583969,15.989173],[73.584049,15.988891],[73.58388,15.987251],[73.581873,15.98781],[73.579719,15.988175],[73.579636,15.988178],[73.579721,15.988322]]],[[[73.579606,15.996084],[73.579188,15.99627],[73.578764,15.996668],[73.578351,15.996946],[73.578225,15.997008],[73.578063,15.997108],[73.577415,15.997535],[73.577324,15.997593],[73.577421,15.997801],[73.577325,15.998263],[73.577305,15.998426],[73.577433,15.998846],[73.577277,15.999038],[73.577102,15.999254],[73.576947,15.999218],[73.576836,15.999061],[73.57653,15.998691],[73.576467,15.998603],[73.576053,15.998262],[73.575592,15.997973],[73.575397,15.997788],[73.575028,15.997279],[73.57477,15.997152],[73.574659,15.996938],[73.574978,15.996531],[73.574603,15.996149],[73.574483,15.995798],[73.574117,15.995915],[73.57326,15.996758],[73.572608,15.997408],[73.571585,15.998329],[73.57117,15.99838],[73.570833,15.999207],[73.570428,15.999703],[73.569465,15.99981],[73.569453,15.999906],[73.569278,15.999964],[73.568551,16.000231],[73.568504,16.000408],[73.567966,16.000831],[73.567712,16.000862],[73.567565,16.001057],[73.567217,16.001325],[73.56665,16.001922],[73.566377,16.002423],[73.565426,16.004655],[73.564699,16.008949],[73.565335,16.009604],[73.566685,16.011485],[73.567911,16.013263],[73.568516,16.013084],[73.56918,16.012631],[73.570713,16.011894],[73.572166,16.011853],[73.573191,16.012502],[73.574469,16.014511],[73.574453,16.014521],[73.574477,16.014554],[73.574547,16.014649],[73.575331,16.015723],[73.577719,16.011891],[73.578666,16.010399],[73.579207,16.009654],[73.579476,16.008151],[73.579881,16.00615],[73.580016,16.004774],[73.580422,16.003653],[73.581097,16.003035],[73.581637,16.002166],[73.581772,16.001167],[73.581636,15.999789],[73.581366,15.998911],[73.580826,15.998155],[73.580151,15.997147],[73.579746,15.996142],[73.579784,15.99593],[73.579606,15.996084]]]]},"geometry_name":"the_geom","properties":{"ADI_2001":0,"ADI_2011":0,"ADI_2019":0,"ASSET_2001":0,"ASSET_2011":0,"ASSET_2019":0,"BF_2001":0,"BF_2011":0,"BF_2019":0,"FC_2001":0,"FC_2011":0,"FC_2019":0,"F_ILL":45,"F_LIT":160,"F_SC":0,"F_ST":0,"MSW_2001":0,"MSW_2011":0,"MSW_2019":0,"M_ILL":28,"M_LIT":164,"M_SC":0,"M_ST":0,"No_HH":104,"P_ILL":73,"P_LIT":324,"P_SC":0,"P_ST":0,"TOT_F":205,"TOT_M":192,"TOT_P":397,"block_cen":4280,"dist_cen":529,"district":"SINDHUDURG","state":"MAHARASHTRA","state_cen":27,"tehsil":"Kudal","vill_ID":566821,"vill_name":"GANDHIGRAM"}},{"type":"Feature","id":"sindhudurg_kudal.136","geometry":{"type":"MultiPolygon","coordinates":[[[[73.590927,15.999368],[73.590924,15.998477],[73.590922,15.997476],[73.59092,15.996808],[73.590677,15.995358],[73.590437,15.994687],[73.589956,15.993678],[73.589595,15.993006],[73.589473,15.992112],[73.58947,15.991109],[73.589467,15.990216],[73.589585,15.989882],[73.590061,15.98933],[73.592685,15.987913],[73.595308,15.985944],[73.596691,15.984843],[73.596594,15.984728],[73.596182,15.983456],[73.595415,15.979256],[73.595206,15.978114],[73.594797,15.977471],[73.59439,15.977209],[73.593273,15.976648],[73.592201,15.977647],[73.590194,15.980413],[73.588726,15.983439],[73.587252,15.985198],[73.587186,15.985248],[73.584968,15.986949],[73.58388,15.987251],[73.584049,15.988891],[73.583969,15.989173],[73.585257,15.989088],[73.58605,15.989201],[73.586242,15.989292],[73.586503,15.989416],[73.586958,15.989949],[73.587301,15.990905],[73.587989,15.994083],[73.588332,15.995248],[73.588448,15.996516],[73.58811,15.997883],[73.587546,15.999351],[73.58732,16.000508],[73.587324,16.002302],[73.58744,16.003783],[73.58767,16.005056],[73.588013,16.00612],[73.588812,16.007619],[73.588983,16.007913],[73.590219,16.003593],[73.590454,16.001812],[73.59069,16.000367],[73.590888,15.999531],[73.590927,15.999368]]]]},"geometry_name":"the_geom","properties":{"ADI_2001":0,"ADI_2011":0,"ADI_2019":0,"ASSET_2001":0,"ASSET_2011":0,"ASSET_2019":0,"BF_2001":0,"BF_2011":0,"BF_2019":0,"FC_2001":0,"FC_2011":0,"FC_2019":0,"F_ILL":81,"F_LIT":323,"F_SC":11,"F_ST":0,"MSW_2001":0,"MSW_2011":0,"MSW_2019":0,"M_ILL":78,"M_LIT":350,"M_SC":6,"M_ST":0,"No_HH":203,"P_ILL":159,"P_LIT":673,"P_SC":17,"P_ST":0,"TOT_F":404,"TOT_M":428,"TOT_P":832,"block_cen":4280,"dist_cen":529,"district":"SINDHUDURG","state":"MAHARASHTRA","state_cen":27,"tehsil":"Kudal","vill_ID":566822,"vill_name":"NAIKNAGAR"}},{"type":"Feature","id":"sindhudurg_kudal.137","geometry":{"type":"MultiPolygon","coordinates":[[[[73.595308,15.985944],[73.592685,15.987913],[73.590061,15.98933],[73.589585,15.989882],[73.589467,15.990216],[73.58947,15.991109],[73.589473,15.992112],[73.589595,15.993006],[73.589956,15.993678],[73.590437,15.994687],[73.590677,15.995358],[73.59092,15.996808],[73.590922,15.997476],[73.590924,15.998477],[73.590927,15.999368],[73.590888,15.999531],[73.596676,15.998687],[73.599432,15.9983],[73.600629,15.997881],[73.601824,15.996569],[73.604088,15.992944],[73.604918,15.990511],[73.605275,15.989983],[73.604192,15.989956],[73.603244,15.989806],[73.602566,15.989664],[73.602158,15.989276],[73.602156,15.988772],[73.602425,15.9884],[73.602827,15.987652],[73.603364,15.98653],[73.603793,15.985364],[73.602417,15.985739],[73.598629,15.985906],[73.597138,15.985371],[73.596691,15.984843],[73.595308,15.985944]]]]},"geometry_name":"the_geom","properties":{"ADI_2001":0,"ADI_2011":0,"ADI_2019":0,"ASSET_2001":0,"ASSET_2011":0,"ASSET_2019":0,"BF_2001":0,"BF_2011":0,"BF_2019":0,"FC_2001":0,"FC_2011":0,"FC_2019":0,"F_ILL":72,"F_LIT":202,"F_SC":2,"F_ST":0,"MSW_2001":0,"MSW_2011":0,"MSW_2019":0,"M_ILL":43,"M_LIT":225,"M_SC":0,"M_ST":0,"No_HH":146,"P_ILL":115,"P_LIT":427,"P_SC":2,"P_ST":0,"TOT_F":274,"TOT_M":268,"TOT_P":542,"block_cen":4280,"dist_cen":529,"district":"SINDHUDURG","state":"MAHARASHTRA","state_cen":27,"tehsil":"Kudal","vill_ID":566823,"vill_name":"MUDYACHA KOND"}},{"type":"Feature","id":"sindhudurg_kudal.138","geometry":{"type":"MultiPolygon","coordinates":[[[[73.616374,15.981233],[73.610944,15.983445],[73.603793,15.985364],[73.603364,15.98653],[73.602827,15.987652],[73.602425,15.9884],[73.602156,15.988772],[73.602158,15.989276],[73.602566,15.989664],[73.603244,15.989806],[73.604192,15.989956],[73.605275,15.989983],[73.606225,15.990007],[73.617242,15.989432],[73.61776,15.987341],[73.617797,15.98583],[73.617877,15.982437],[73.617183,15.980888],[73.616374,15.981233]]]]},"geometry_name":"the_geom","properties":{"ADI_2001":0,"ADI_2011":0,"ADI_2019":0,"ASSET_2001":0,"ASSET_2011":0,"ASSET_2019":0,"BF_2001":0,"BF_2011":0,"BF_2019":0,"FC_2001":0,"FC_2011":0,"FC_2019":0,"F_ILL":88,"F_LIT":306,"F_SC":9,"F_ST":0,"MSW_2001":0,"MSW_2011":0,"MSW_2019":0,"M_ILL":60,"M_LIT":361,"M_SC":14,"M_ST":0,"No_HH":203,"P_ILL":148,"P_LIT":667,"P_SC":23,"P_ST":0,"TOT_F":394,"TOT_M":421,"TOT_P":815,"block_cen":4280,"dist_cen":529,"district":"SINDHUDURG","state":"MAHARASHTRA","state_cen":27,"tehsil":"Kudal","vill_ID":566824,"vill_name":"GAONDHAD"}},{"type":"Feature","id":"sindhudurg_kudal.139","geometry":{"type":"MultiPolygon","coordinates":[[[[73.616956,15.990584],[73.616417,15.991699],[73.616184,15.99227],[73.619143,15.993304],[73.620506,15.993856],[73.620915,15.993871],[73.621458,15.993639],[73.622679,15.992172],[73.623491,15.990441],[73.623352,15.989556],[73.622804,15.988657],[73.620892,15.987203],[73.618709,15.986243],[73.617797,15.98583],[73.61776,15.987341],[73.617242,15.989432],[73.616956,15.990584]]]]},"geometry_name":"the_geom","properties":{"ADI_2001":0,"ADI_2011":0,"ADI_2019":0,"ASSET_2001":0,"ASSET_2011":0,"ASSET_2019":0,"BF_2001":0,"BF_2011":0,"BF_2019":0,"FC_2001":0,"FC_2011":0,"FC_2019":0,"F_ILL":62,"F_LIT":114,"F_SC":63,"F_ST":0,"MSW_2001":0,"MSW_2011":0,"MSW_2019":0,"M_ILL":31,"M_LIT":131,"M_SC":66,"M_ST":0,"No_HH":83,"P_ILL":93,"P_LIT":245,"P_SC":129,"P_ST":0,"TOT_F":176,"TOT_M":162,"TOT_P":338,"block_cen":4280,"dist_cen":529,"district":"SINDHUDURG","state":"MAHARASHTRA","state_cen":27,"tehsil":"Kudal","vill_ID":566825,"vill_name":"KANDARGAON"}},{"type":"Feature","id":"sindhudurg_kudal.140","geometry":{"type":"MultiPolygon","coordinates":[[[[73.631583,15.979646],[73.631915,15.980468],[73.632356,15.981092],[73.632686,15.98161],[73.632907,15.982124],[73.632909,15.982528],[73.632911,15.983134],[73.632694,15.983731],[73.632585,15.984131],[73.632259,15.984825],[73.632152,15.98573],[73.632264,15.986239],[73.632594,15.986857],[73.633034,15.98748],[73.634131,15.987826],[73.635775,15.987992],[73.637417,15.987653],[73.638183,15.987482],[73.638839,15.987004],[73.639055,15.985903],[73.639374,15.983192],[73.639148,15.981164],[73.638814,15.979636],[73.638481,15.978612],[73.638057,15.978111],[73.637968,15.978117],[73.63386,15.977949],[73.631369,15.977619],[73.631103,15.97756],[73.631583,15.979646]]]]},"geometry_name":"the_geom","properties":{"ADI_2001":0,"ADI_2011":0,"ADI_2019":0,"ASSET_2001":0,"ASSET_2011":0,"ASSET_2019":0,"BF_2001":0,"BF_2011":0,"BF_2019":0,"FC_2001":0,"FC_2011":0,"FC_2019":0,"F_ILL":157,"F_LIT":495,"F_SC":110,"F_ST":0,"MSW_2001":0,"MSW_2011":0,"MSW_2019":0,"M_ILL":106,"M_LIT":512,"M_SC":98,"M_ST":0,"No_HH":312,"P_ILL":263,"P_LIT":1007,"P_SC":208,"P_ST":0,"TOT_F":652,"TOT_M":618,"TOT_P":1270,"block_cen":4280,"dist_cen":529,"district":"SINDHUDURG","state":"MAHARASHTRA","state_cen":27,"tehsil":"Kudal","vill_ID":566826,"vill_name":"SAIGAON"}},{"type":"Feature","id":"sindhudurg_kudal.141","geometry":{"type":"MultiPolygon","coordinates":[[[[73.649683,15.978504],[73.651824,15.978599],[73.653811,15.978407],[73.654572,15.977877],[73.655179,15.976918],[73.655937,15.975684],[73.657151,15.973908],[73.657297,15.972646],[73.656987,15.971644],[73.656522,15.97021],[73.655141,15.968872],[73.654123,15.967828],[73.653609,15.968092],[73.650559,15.969506],[73.647056,15.972458],[73.64364,15.977578],[73.649683,15.978504]]]]},"geometry_name":"the_geom","properties":{"ADI_2001":0,"ADI_2011":0,"ADI_2019":0,"ASSET_2001":0,"ASSET_2011":0,"ASSET_2019":0,"BF_2001":0,"BF_2011":0,"BF_2019":0,"FC_2001":0,"FC_2011":0,"FC_2019":0,"F_ILL":118,"F_LIT":510,"F_SC":13,"F_ST":0,"MSW_2001":0,"MSW_2011":0,"MSW_2019":0,"M_ILL":72,"M_LIT":584,"M_SC":13,"M_ST":1,"No_HH":307,"P_ILL":190,"P_LIT":1094,"P_SC":26,"P_ST":1,"TOT_F":628,"TOT_M":656,"TOT_P":1284,"block_cen":4280,"dist_cen":529,"district":"SINDHUDURG","state":"MAHARASHTRA","state_cen":27,"tehsil":"Kudal","vill_ID":566827,"vill_name":"MANKADEVI"}},{"type":"Feature","id":"sindhudurg_kudal.142","geometry":{"type":"MultiPolygon","coordinates":[[[[73.640877,15.962797],[73.641486,15.961971],[73.643013,15.961188],[73.645918,15.960755],[73.647901,15.959712],[73.64923,15.958728],[73.648629,15.957412],[73.648089,15.956638],[73.647551,15.956238],[73.646612,15.956067],[73.646074,15.955792],[73.645269,15.955753],[73.644463,15.95534],[73.644058,15.954821],[73.643785,15.95406],[73.643649,15.953679],[73.643111,15.953403],[73.642036,15.953101],[73.64069,15.952412],[73.639746,15.951617],[73.639204,15.950716],[73.638929,15.949578],[73.638244,15.947169],[73.638241,15.946668],[73.637968,15.946029],[73.637292,15.94537],[73.636886,15.944849],[73.636344,15.944196],[73.63607,15.943306],[73.63593,15.942422],[73.635656,15.941657],[73.635383,15.941017],[73.634841,15.940362],[73.634031,15.939945],[73.631995,15.937582],[73.629943,15.933579],[73.628294,15.929843],[73.627334,15.928153],[73.626513,15.926973],[73.625559,15.926288],[73.623381,15.92515],[73.62079,15.923729],[73.619561,15.923147],[73.618062,15.922797],[73.617519,15.922889],[73.617251,15.923252],[73.616845,15.923353],[73.616166,15.923436],[73.615482,15.923137],[73.614656,15.922445],[73.613693,15.921742],[73.612322,15.921261],[73.611364,15.921063],[73.61027,15.92098],[73.609588,15.921056],[73.609457,15.921431],[73.609466,15.921945],[73.609746,15.922352],[73.610169,15.923153],[73.610574,15.924224],[73.612184,15.924557],[73.615104,15.926045],[73.618013,15.9274],[73.618525,15.928135],[73.618787,15.929089],[73.618929,15.930506],[73.618691,15.931666],[73.618705,15.932841],[73.61859,15.933773],[73.61885,15.934608],[73.619613,15.935703],[73.620127,15.937017],[73.62014,15.938422],[73.619775,15.939456],[73.618783,15.940226],[73.617423,15.941796],[73.616319,15.94408],[73.616328,15.945015],[73.616459,15.945723],[73.616717,15.946669],[73.617223,15.947393],[73.617727,15.948],[73.618107,15.948717],[73.618239,15.949539],[73.618122,15.950582],[73.617507,15.951835],[73.616644,15.953194],[73.616403,15.954464],[73.616285,15.95539],[73.616291,15.956205],[73.616797,15.957274],[73.616928,15.95821],[73.616941,15.960304],[73.616802,15.962498],[73.616713,15.963896],[73.616724,15.965681],[73.616979,15.966851],[73.617482,15.967567],[73.61811,15.968635],[73.6185,15.971888],[73.618652,15.976542],[73.618656,15.977348],[73.618785,15.978388],[73.619288,15.979558],[73.620038,15.980276],[73.620913,15.981114],[73.621414,15.982052],[73.621665,15.982637],[73.621916,15.983106],[73.622292,15.983694],[73.62279,15.983828],[73.623786,15.983865],[73.624779,15.983099],[73.626018,15.981538],[73.626261,15.979939],[73.626627,15.978],[73.626623,15.97708],[73.626494,15.975925],[73.625615,15.974049],[73.623981,15.970755],[73.623472,15.968424],[73.623089,15.966558],[73.622956,15.964931],[73.622948,15.963424],[73.623318,15.962627],[73.623939,15.962306],[73.625433,15.962022],[73.630416,15.961889],[73.63552,15.961883],[73.638757,15.962375],[73.64081,15.962952],[73.640877,15.962797]]]]},"geometry_name":"the_geom","properties":{"ADI_2001":0,"ADI_2011":0,"ADI_2019":0,"ASSET_2001":0,"ASSET_2011":0,"ASSET_2019":0,"BF_2001":0,"BF_2011":0,"BF_2019":0,"FC_2001":0,"FC_2011":0,"FC_2019":0,"F_ILL":81,"F_LIT":257,"F_SC":20,"F_ST":0,"MSW_2001":0,"MSW_2011":0,"MSW_2019":0,"M_ILL":40,"M_LIT":260,"M_SC":20,"M_ST":0,"No_HH":144,"P_ILL":121,"P_LIT":517,"P_SC":40,"P_ST":0,"TOT_F":338,"TOT_M":300,"TOT_P":638,"block_cen":4280,"dist_cen":529,"district":"SINDHUDURG","state":"MAHARASHTRA","state_cen":27,"tehsil":"Kudal","vill_ID":566828,"vill_name":"MADGAON"}},{"type":"Feature","id":"sindhudurg_kudal.143","geometry":{"type":"MultiPolygon","coordinates":[[[[73.596968,15.965476],[73.595393,15.970948],[73.594076,15.975516],[73.593542,15.976397],[73.593273,15.976648],[73.59439,15.977209],[73.594797,15.977471],[73.595206,15.978114],[73.595415,15.979256],[73.596182,15.983456],[73.596594,15.984728],[73.596691,15.984843],[73.597138,15.985371],[73.598629,15.985906],[73.602417,15.985739],[73.603793,15.985364],[73.610944,15.983445],[73.616374,15.981233],[73.617183,15.980888],[73.618005,15.980538],[73.619288,15.979558],[73.618785,15.978388],[73.618656,15.977348],[73.618652,15.976542],[73.6185,15.971888],[73.61811,15.968635],[73.617482,15.967567],[73.616979,15.966851],[73.616724,15.965681],[73.616713,15.963896],[73.616802,15.962498],[73.615316,15.962555],[73.612448,15.962305],[73.602791,15.963078],[73.597528,15.963494],[73.596968,15.965476]]]]},"geometry_name":"the_geom","properties":{"ADI_2001":0,"ADI_2011":0,"ADI_2019":0,"ASSET_2001":0,"ASSET_2011":0,"ASSET_2019":0,"BF_2001":0,"BF_2011":0,"BF_2019":0,"FC_2001":0,"FC_2011":0,"FC_2019":0,"F_ILL":114,"F_LIT":459,"F_SC":0,"F_ST":2,"MSW_2001":0,"MSW_2011":0,"MSW_2019":0,"M_ILL":96,"M_LIT":479,"M_SC":0,"M_ST":1,"No_HH":279,"P_ILL":210,"P_LIT":938,"P_SC":0,"P_ST":3,"TOT_F":573,"TOT_M":575,"TOT_P":1148,"block_cen":4280,"dist_cen":529,"district":"SINDHUDURG","state":"MAHARASHTRA","state_cen":27,"tehsil":"Kudal","vill_ID":566829,"vill_name":"HUMARMALA"}},{"type":"Feature","id":"sindhudurg_kudal.144","geometry":{"type":"MultiPolygon","coordinates":[[[[73.596457,15.963617],[73.596487,15.963773],[73.596654,15.964617],[73.596379,15.964965],[73.59387,15.964373],[73.593316,15.964753],[73.591942,15.965312],[73.591895,15.965356],[73.591902,15.965328],[73.590898,15.965736],[73.585531,15.967223],[73.580041,15.968244],[73.574133,15.968996],[73.576846,15.972452],[73.58144,15.9787],[73.587186,15.985248],[73.587252,15.985198],[73.588726,15.983439],[73.590194,15.980413],[73.592201,15.977647],[73.593273,15.976648],[73.593542,15.976397],[73.594076,15.975516],[73.595393,15.970948],[73.596968,15.965476],[73.597528,15.963494],[73.596842,15.963551],[73.596452,15.963468],[73.596457,15.963617]]]]},"geometry_name":"the_geom","properties":{"ADI_2001":0,"ADI_2011":0,"ADI_2019":0,"ASSET_2001":0,"ASSET_2011":0,"ASSET_2019":0,"BF_2001":0,"BF_2011":0,"BF_2019":0,"FC_2001":0,"FC_2011":0,"FC_2019":0,"F_ILL":207,"F_LIT":790,"F_SC":3,"F_ST":0,"MSW_2001":0,"MSW_2011":0,"MSW_2019":0,"M_ILL":128,"M_LIT":831,"M_SC":3,"M_ST":0,"No_HH":441,"P_ILL":335,"P_LIT":1621,"P_SC":6,"P_ST":0,"TOT_F":997,"TOT_M":959,"TOT_P":1956,"block_cen":4280,"dist_cen":529,"district":"SINDHUDURG","state":"MAHARASHTRA","state_cen":27,"tehsil":"Kudal","vill_ID":566830,"vill_name":"ANDURLE"}},{"type":"Feature","id":"sindhudurg_kudal.145","geometry":{"type":"MultiPolygon","coordinates":[[[[73.572429,15.954014],[73.572379,15.954015],[73.572145,15.954126],[73.572155,15.954268],[73.572092,15.954399],[73.571959,15.954556],[73.571838,15.954557],[73.571772,15.954447],[73.571771,15.954411],[73.571749,15.954359],[73.571857,15.954205],[73.57183,15.954183],[73.571695,15.954026],[73.5716,15.954091],[73.571528,15.954091],[73.571159,15.954045],[73.570977,15.954003],[73.57075,15.95395],[73.570263,15.95408],[73.570146,15.95413],[73.569995,15.95419],[73.569604,15.954393],[73.569547,15.954394],[73.569256,15.954416],[73.569192,15.954437],[73.568877,15.954468],[73.568612,15.954522],[73.568429,15.954509],[73.56824,15.954503],[73.568148,15.954546],[73.567981,15.954605],[73.567785,15.95471],[73.567782,15.954855],[73.567801,15.954897],[73.567667,15.954938],[73.567846,15.955232],[73.568089,15.955274],[73.56816,15.955537],[73.568476,15.95605],[73.568623,15.956207],[73.567495,15.956931],[73.567355,15.956836],[73.567115,15.957076],[73.567058,15.957168],[73.56701,15.957271],[73.567025,15.957318],[73.567053,15.957613],[73.567298,15.957729],[73.567351,15.957826],[73.567661,15.957791],[73.567637,15.958192],[73.567777,15.95858],[73.567802,15.959465],[73.567844,15.95967],[73.567795,15.959821],[73.567528,15.960582],[73.567481,15.960635],[73.56742,15.960803],[73.566859,15.961597],[73.566752,15.961699],[73.566748,15.961702],[73.566636,15.961926],[73.56663,15.962042],[73.566626,15.962119],[73.566594,15.96224],[73.566599,15.962364],[73.566621,15.962375],[73.566701,15.962412],[73.567401,15.962406],[73.568171,15.962309],[73.568294,15.96245],[73.568406,15.962616],[73.568209,15.962879],[73.568077,15.963608],[73.568045,15.963696],[73.56759,15.964683],[73.56755,15.964745],[73.566418,15.965948],[73.566339,15.965975],[73.566124,15.965999],[73.565994,15.965697],[73.564426,15.965456],[73.564361,15.965436],[73.564301,15.965418],[73.564174,15.965387],[73.563773,15.965274],[73.562705,15.964746],[73.562705,15.964746],[73.562206,15.964936],[73.562122,15.964935],[73.561338,15.964762],[73.561278,15.964729],[73.560466,15.964185],[73.560465,15.964163],[73.560202,15.964206],[73.559871,15.964372],[73.559701,15.964427],[73.55902,15.96456],[73.558903,15.964553],[73.55838,15.964508],[73.558259,15.964518],[73.557311,15.964649],[73.557093,15.964682],[73.557128,15.964893],[73.557146,15.965164],[73.55716,15.965593],[73.557183,15.966215],[73.557218,15.966609],[73.557264,15.967296],[73.557522,15.967647],[73.557643,15.967878],[73.557584,15.968284],[73.557636,15.968957],[73.557921,15.969434],[73.558928,15.970679],[73.560103,15.971768],[73.561447,15.973017],[73.562287,15.974116],[73.563295,15.974268],[73.564975,15.973941],[73.567325,15.97282],[73.569506,15.971858],[73.571018,15.971534],[73.571359,15.972965],[73.570692,15.974716],[73.569858,15.977418],[73.569859,15.977861],[73.56995,15.977786],[73.570571,15.977545],[73.571015,15.977688],[73.571105,15.977794],[73.571899,15.978566],[73.572299,15.978956],[73.572576,15.978874],[73.572995,15.978762],[73.573199,15.97872],[73.573374,15.978554],[73.573973,15.97803],[73.574124,15.977893],[73.574083,15.978128],[73.57381,15.978918],[73.573584,15.979757],[73.573832,15.980188],[73.573993,15.980473],[73.573973,15.980879],[73.573878,15.981078],[73.574106,15.981465],[73.574226,15.981655],[73.574117,15.98179],[73.574129,15.981892],[73.575424,15.981721],[73.575257,15.982673],[73.575598,15.984418],[73.575937,15.985527],[73.575869,15.986104],[73.576148,15.986292],[73.576404,15.986814],[73.576417,15.987028],[73.576849,15.987416],[73.576957,15.9876],[73.577058,15.987513],[73.577306,15.987321],[73.577685,15.987],[73.577901,15.987009],[73.578066,15.986884],[73.578797,15.986837],[73.578922,15.986746],[73.579422,15.986283],[73.579965,15.986876],[73.57998,15.987112],[73.579547,15.988028],[73.579636,15.988178],[73.579719,15.988175],[73.581873,15.98781],[73.58388,15.987251],[73.584968,15.986949],[73.587186,15.985248],[73.58144,15.9787],[73.576846,15.972452],[73.574133,15.968996],[73.571861,15.966112],[73.571187,15.964848],[73.571179,15.963198],[73.57148,15.961817],[73.571143,15.961343],[73.571136,15.960068],[73.572133,15.958619],[73.572965,15.957809],[73.573459,15.956523],[73.573118,15.95557],[73.572448,15.955262],[73.57244,15.95401],[73.572429,15.954014]]]]},"geometry_name":"the_geom","properties":{"ADI_2001":0,"ADI_2011":0,"ADI_2019":0,"ASSET_2001":0,"ASSET_2011":0,"ASSET_2019":0,"BF_2001":0,"BF_2011":0,"BF_2019":0,"FC_2001":0,"FC_2011":0,"FC_2019":0,"F_ILL":172,"F_LIT":596,"F_SC":0,"F_ST":0,"MSW_2001":0,"MSW_2011":0,"MSW_2019":0,"M_ILL":87,"M_LIT":620,"M_SC":0,"M_ST":0,"No_HH":344,"P_ILL":259,"P_LIT":1216,"P_SC":0,"P_ST":0,"TOT_F":768,"TOT_M":707,"TOT_P":1475,"block_cen":4280,"dist_cen":529,"district":"SINDHUDURG","state":"MAHARASHTRA","state_cen":27,"tehsil":"Kudal","vill_ID":566831,"vill_name":"GANDHINAGAR"}},{"type":"Feature","id":"sindhudurg_kudal.146","geometry":{"type":"MultiPolygon","coordinates":[[[[73.593121,15.964196],[73.593094,15.964227],[73.591942,15.965312],[73.593316,15.964753],[73.59387,15.964373],[73.593121,15.964196]]],[[[73.592457,15.963193],[73.592414,15.963124],[73.591372,15.963014],[73.590106,15.962842],[73.59001,15.962854],[73.589742,15.96302],[73.588409,15.961487],[73.586504,15.962322],[73.586484,15.962333],[73.586401,15.962368],[73.586318,15.962404],[73.586019,15.962531],[73.585716,15.962657],[73.583036,15.962492],[73.580939,15.964256],[73.579374,15.963177],[73.57931,15.963156],[73.578425,15.963685],[73.576678,15.963433],[73.576482,15.963422],[73.576454,15.963573],[73.57632,15.965174],[73.576297,15.965292],[73.576278,15.965422],[73.576244,15.965825],[73.576233,15.96598],[73.576087,15.966021],[73.575093,15.966216],[73.574472,15.966411],[73.574293,15.966192],[73.574224,15.966144],[73.573883,15.966167],[73.573368,15.965437],[73.573328,15.965363],[73.573123,15.964689],[73.573108,15.963888],[73.572842,15.962736],[73.573272,15.962308],[73.572999,15.961621],[73.5731,15.961584],[73.574148,15.961427],[73.574215,15.961388],[73.574648,15.960975],[73.575058,15.961031],[73.575475,15.96078],[73.575577,15.960743],[73.575618,15.960728],[73.576215,15.960908],[73.576232,15.960541],[73.574325,15.960988],[73.572149,15.96149],[73.57148,15.961817],[73.571179,15.963198],[73.571187,15.964848],[73.571861,15.966112],[73.574133,15.968996],[73.580041,15.968244],[73.585531,15.967223],[73.590898,15.965736],[73.591902,15.965328],[73.592457,15.963193]]]]},"geometry_name":"the_geom","properties":{"ADI_2001":0,"ADI_2011":0,"ADI_2019":0,"ASSET_2001":0,"ASSET_2011":0,"ASSET_2019":0,"BF_2001":0,"BF_2011":0,"BF_2019":0,"FC_2001":0,"FC_2011":0,"FC_2019":0,"F_ILL":246,"F_LIT":678,"F_SC":31,"F_ST":2,"MSW_2001":0,"MSW_2011":0,"MSW_2019":0,"M_ILL":116,"M_LIT":774,"M_SC":39,"M_ST":3,"No_HH":437,"P_ILL":362,"P_LIT":1452,"P_SC":70,"P_ST":5,"TOT_F":924,"TOT_M":890,"TOT_P":1814,"block_cen":4280,"dist_cen":529,"district":"SINDHUDURG","state":"MAHARASHTRA","state_cen":27,"tehsil":"Kudal","vill_ID":566832,"vill_name":"PAT"}},{"type":"Feature","id":"sindhudurg_kudal.147","geometry":{"type":"MultiPolygon","coordinates":[[[[73.6057,15.928703],[73.605925,15.928922],[73.606056,15.929147],[73.606756,15.92847],[73.60713,15.928702],[73.607633,15.929006],[73.607631,15.929014],[73.607523,15.929527],[73.607551,15.929985],[73.607547,15.930339],[73.607304,15.930621],[73.607169,15.930886],[73.607388,15.931152],[73.60741,15.931359],[73.607388,15.931727],[73.607234,15.931981],[73.607163,15.931936],[73.606929,15.932004],[73.606693,15.932071],[73.606261,15.932189],[73.606148,15.932216],[73.60612,15.932221],[73.605961,15.93225],[73.605904,15.932243],[73.605045,15.93279],[73.604868,15.932917],[73.604788,15.932959],[73.604641,15.933036],[73.604476,15.93314],[73.604322,15.933266],[73.60387,15.93358],[73.603026,15.933937],[73.602436,15.934106],[73.601993,15.93418],[73.60174,15.934239],[73.601451,15.934381],[73.601334,15.934427],[73.601241,15.934357],[73.600753,15.933938],[73.600659,15.933841],[73.600527,15.933828],[73.60002,15.933875],[73.599763,15.933888],[73.59967,15.933864],[73.598234,15.934318],[73.598108,15.934381],[73.597953,15.934453],[73.597138,15.934889],[73.596859,15.934933],[73.596477,15.935902],[73.596596,15.936334],[73.596657,15.936519],[73.59569,15.9363],[73.595279,15.936186],[73.594552,15.936187],[73.59438,15.93619],[73.59425,15.936147],[73.593716,15.935902],[73.593603,15.935858],[73.59361,15.935985],[73.59365,15.937133],[73.593636,15.937261],[73.593596,15.937371],[73.59355,15.93748],[73.593649,15.938333],[73.594102,15.939157],[73.594105,15.939251],[73.594029,15.939364],[73.593607,15.939771],[73.593483,15.94052],[73.593751,15.941471],[73.59379,15.94157],[73.593963,15.942128],[73.593972,15.942234],[73.593873,15.942342],[73.593747,15.942453],[73.593094,15.943131],[73.59276,15.94347],[73.592624,15.943603],[73.592516,15.943729],[73.592376,15.94363],[73.591563,15.943005],[73.591177,15.94279],[73.591259,15.943108],[73.590323,15.943101],[73.59022,15.943085],[73.59004,15.94485],[73.590353,15.945386],[73.590561,15.946013],[73.59066,15.946052],[73.590864,15.946145],[73.592084,15.946597],[73.593301,15.947824],[73.59341,15.94793],[73.593458,15.947988],[73.593943,15.94857],[73.594158,15.949219],[73.594153,15.949306],[73.593908,15.950065],[73.593815,15.950409],[73.593608,15.95181],[73.593586,15.951856],[73.593558,15.953308],[73.593576,15.953387],[73.593658,15.953559],[73.593839,15.953776],[73.59394,15.953943],[73.594973,15.954245],[73.595098,15.954508],[73.595176,15.956127],[73.595344,15.957004],[73.595174,15.9573],[73.595213,15.957453],[73.595409,15.958024],[73.595428,15.958117],[73.595434,15.958242],[73.59541,15.958327],[73.595446,15.958508],[73.595719,15.959517],[73.596143,15.960282],[73.596789,15.961431],[73.596756,15.961795],[73.596702,15.96212],[73.596451,15.963441],[73.596452,15.963468],[73.596842,15.963551],[73.597528,15.963494],[73.602791,15.963078],[73.612448,15.962305],[73.615316,15.962555],[73.616802,15.962498],[73.616941,15.960304],[73.616928,15.95821],[73.616797,15.957274],[73.616291,15.956205],[73.616285,15.95539],[73.616403,15.954464],[73.616644,15.953194],[73.617507,15.951835],[73.618122,15.950582],[73.618239,15.949539],[73.618107,15.948717],[73.617727,15.948],[73.617223,15.947393],[73.616717,15.946669],[73.616459,15.945723],[73.616328,15.945015],[73.616319,15.94408],[73.617423,15.941796],[73.618783,15.940226],[73.619775,15.939456],[73.62014,15.938422],[73.620127,15.937017],[73.619613,15.935703],[73.61885,15.934608],[73.61859,15.933773],[73.618705,15.932841],[73.618691,15.931666],[73.618929,15.930506],[73.618787,15.929089],[73.618525,15.928135],[73.618013,15.9274],[73.615104,15.926045],[73.612184,15.924557],[73.610574,15.924224],[73.608765,15.923844],[73.607879,15.923778],[73.607378,15.923979],[73.607078,15.925209],[73.607448,15.926383],[73.606947,15.927331],[73.605635,15.928393],[73.6057,15.928703]]]]},"geometry_name":"the_geom","properties":{"ADI_2001":0,"ADI_2011":0,"ADI_2019":0,"ASSET_2001":0,"ASSET_2011":0,"ASSET_2019":0,"BF_2001":0,"BF_2011":0,"BF_2019":0,"FC_2001":0,"FC_2011":0,"FC_2019":0,"F_ILL":90,"F_LIT":308,"F_SC":1,"F_ST":0,"MSW_2001":0,"MSW_2011":0,"MSW_2019":0,"M_ILL":80,"M_LIT":346,"M_SC":1,"M_ST":0,"No_HH":185,"P_ILL":170,"P_LIT":654,"P_SC":2,"P_ST":0,"TOT_F":398,"TOT_M":426,"TOT_P":824,"block_cen":4280,"dist_cen":529,"district":"SINDHUDURG","state":"MAHARASHTRA","state_cen":27,"tehsil":"Kudal","vill_ID":566833,"vill_name":"MUNAGI"}},{"type":"Feature","id":"sindhudurg_kudal.148","geometry":{"type":"MultiPolygon","coordinates":[[[[73.641097,15.977826],[73.639865,15.976078],[73.639093,15.97449],[73.639085,15.972651],[73.639681,15.968851],[73.640575,15.963494],[73.64081,15.962952],[73.638757,15.962375],[73.63552,15.961883],[73.630416,15.961889],[73.625433,15.962022],[73.623939,15.962306],[73.623318,15.962627],[73.622948,15.963424],[73.622956,15.964931],[73.623089,15.966558],[73.623472,15.968424],[73.623981,15.970755],[73.625615,15.974049],[73.626494,15.975925],[73.6295,15.9772],[73.631103,15.97756],[73.631369,15.977619],[73.63386,15.977949],[73.637968,15.978117],[73.638057,15.978111],[73.640082,15.977975],[73.641292,15.977987],[73.641097,15.977826]]]]},"geometry_name":"the_geom","properties":{"ADI_2001":0,"ADI_2011":0,"ADI_2019":0,"ASSET_2001":0,"ASSET_2011":0,"ASSET_2019":0,"BF_2001":0,"BF_2011":0,"BF_2019":0,"FC_2001":0,"FC_2011":0,"FC_2019":0,"F_ILL":135,"F_LIT":382,"F_SC":1,"F_ST":0,"MSW_2001":0,"MSW_2011":0,"MSW_2019":0,"M_ILL":97,"M_LIT":393,"M_SC":2,"M_ST":0,"No_HH":215,"P_ILL":232,"P_LIT":775,"P_SC":3,"P_ST":0,"TOT_F":517,"TOT_M":490,"TOT_P":1007,"block_cen":4280,"dist_cen":529,"district":"SINDHUDURG","state":"MAHARASHTRA","state_cen":27,"tehsil":"Kudal","vill_ID":566834,"vill_name":"RAYGAON"}},{"type":"Feature","id":"sindhudurg_kudal.149","geometry":{"type":"MultiPolygon","coordinates":[[[[73.672776,15.944497],[73.669882,15.943536],[73.668686,15.941892],[73.667972,15.941118],[73.666469,15.942434],[73.66434,15.945413],[73.661751,15.947244],[73.659618,15.948823],[73.657341,15.952099],[73.654903,15.953672],[73.652772,15.955266],[73.649882,15.958245],[73.64923,15.958728],[73.647901,15.959712],[73.645918,15.960755],[73.643013,15.961188],[73.641486,15.961971],[73.640877,15.962797],[73.64081,15.962952],[73.640575,15.963494],[73.639681,15.968851],[73.639085,15.972651],[73.639093,15.97449],[73.639865,15.976078],[73.641097,15.977826],[73.641292,15.977987],[73.642173,15.978719],[73.642658,15.979048],[73.64364,15.977578],[73.647056,15.972458],[73.650559,15.969506],[73.653609,15.968092],[73.654123,15.967828],[73.659399,15.965121],[73.663057,15.964033],[73.668394,15.963605],[73.668471,15.963609],[73.668575,15.959208],[73.668696,15.958527],[73.669064,15.957859],[73.66968,15.957205],[73.671905,15.956298],[73.673757,15.955373],[73.674868,15.954636],[73.675113,15.953963],[73.675229,15.951912],[73.674099,15.94716],[73.67366,15.944699],[73.672776,15.944497]]]]},"geometry_name":"the_geom","properties":{"ADI_2001":0,"ADI_2011":0,"ADI_2019":0,"ASSET_2001":0,"ASSET_2011":0,"ASSET_2019":0,"BF_2001":0,"BF_2011":0,"BF_2019":0,"FC_2001":0,"FC_2011":0,"FC_2019":0,"F_ILL":139,"F_LIT":372,"F_SC":67,"F_ST":1,"MSW_2001":0,"MSW_2011":0,"MSW_2019":0,"M_ILL":74,"M_LIT":415,"M_SC":57,"M_ST":1,"No_HH":208,"P_ILL":213,"P_LIT":787,"P_SC":124,"P_ST":2,"TOT_F":511,"TOT_M":489,"TOT_P":1000,"block_cen":4280,"dist_cen":529,"district":"SINDHUDURG","state":"MAHARASHTRA","state_cen":27,"tehsil":"Kudal","vill_ID":566835,"vill_name":"GOVERI"}},{"type":"Feature","id":"sindhudurg_kudal.150","geometry":{"type":"MultiPolygon","coordinates":[[[[73.667702,15.979041],[73.669201,15.974053],[73.671008,15.969642],[73.672216,15.967311],[73.673885,15.965851],[73.674867,15.965154],[73.673274,15.964149],[73.671748,15.963784],[73.668471,15.963609],[73.668394,15.963605],[73.663057,15.964033],[73.659399,15.965121],[73.654123,15.967828],[73.655141,15.968872],[73.656522,15.97021],[73.656987,15.971644],[73.657297,15.972646],[73.657151,15.973908],[73.655937,15.975684],[73.655179,15.976918],[73.654572,15.977877],[73.653811,15.978407],[73.651824,15.978599],[73.649683,15.978504],[73.64364,15.977578],[73.642658,15.979048],[73.644169,15.980074],[73.646163,15.981006],[73.655805,15.9827],[73.658863,15.983262],[73.660543,15.983199],[73.661458,15.98296],[73.661915,15.982559],[73.663134,15.982053],[73.667504,15.980742],[73.667702,15.979041]]]]},"geometry_name":"the_geom","properties":{"ADI_2001":0,"ADI_2011":0,"ADI_2019":0,"ASSET_2001":0,"ASSET_2011":0,"ASSET_2019":0,"BF_2001":0,"BF_2011":0,"BF_2019":0,"FC_2001":0,"FC_2011":0,"FC_2019":0,"F_ILL":66,"F_LIT":145,"F_SC":0,"F_ST":0,"MSW_2001":0,"MSW_2011":0,"MSW_2019":0,"M_ILL":25,"M_LIT":178,"M_SC":0,"M_ST":0,"No_HH":90,"P_ILL":91,"P_LIT":323,"P_SC":0,"P_ST":0,"TOT_F":211,"TOT_M":203,"TOT_P":414,"block_cen":4280,"dist_cen":529,"district":"SINDHUDURG","state":"MAHARASHTRA","state_cen":27,"tehsil":"Kudal","vill_ID":566836,"vill_name":"GONDHAYALE"}},{"type":"Feature","id":"sindhudurg_kudal.151","geometry":{"type":"MultiPolygon","coordinates":[[[[73.649445,15.920605],[73.647962,15.920599],[73.647628,15.920636],[73.647518,15.920658],[73.647296,15.920702],[73.645961,15.920951],[73.644822,15.921326],[73.64281,15.921151],[73.641842,15.921642],[73.641749,15.921714],[73.641669,15.921689],[73.641661,15.921665],[73.641528,15.921696],[73.641171,15.921714],[73.640542,15.922105],[73.640077,15.92245],[73.639499,15.922287],[73.639394,15.922265],[73.638538,15.921992],[73.638069,15.921823],[73.637882,15.921805],[73.637665,15.921877],[73.63735,15.922055],[73.637015,15.922295],[73.636781,15.922422],[73.636085,15.922347],[73.635521,15.922261],[73.634969,15.92212],[73.634561,15.92211],[73.634043,15.921986],[73.633372,15.921648],[73.632951,15.921402],[73.632614,15.921236],[73.632226,15.921011],[73.632103,15.920953],[73.631761,15.920725],[73.631524,15.920628],[73.631229,15.920597],[73.630881,15.920567],[73.630445,15.920724],[73.629983,15.920921],[73.629832,15.920866],[73.629649,15.920646],[73.629489,15.920623],[73.629161,15.920632],[73.628583,15.92051],[73.628276,15.920415],[73.627986,15.920211],[73.627739,15.919915],[73.627499,15.919575],[73.627264,15.919185],[73.626894,15.918613],[73.626743,15.918384],[73.626587,15.918175],[73.626451,15.918127],[73.626113,15.918299],[73.625945,15.918307],[73.625565,15.917906],[73.625137,15.917413],[73.624811,15.917254],[73.624364,15.917195],[73.623967,15.917284],[73.623749,15.917292],[73.623528,15.917028],[73.623229,15.916443],[73.6229,15.916614],[73.622639,15.916615],[73.622425,15.916472],[73.622325,15.916283],[73.62231,15.91619],[73.622211,15.916149],[73.622172,15.916133],[73.622085,15.916009],[73.622122,15.915929],[73.622183,15.915914],[73.622264,15.915896],[73.622251,15.915812],[73.62146,15.914676],[73.621029,15.91422],[73.620771,15.913944],[73.620044,15.913618],[73.619851,15.913189],[73.619554,15.912864],[73.619295,15.912695],[73.618939,15.912942],[73.618558,15.913183],[73.618075,15.913067],[73.617692,15.912805],[73.617517,15.912539],[73.6174,15.911989],[73.617321,15.911758],[73.617073,15.911567],[73.616546,15.911378],[73.61559,15.91087],[73.615109,15.910575],[73.614404,15.910313],[73.613868,15.910185],[73.613368,15.909944],[73.613153,15.909632],[73.612905,15.909208],[73.612703,15.908609],[73.612582,15.908356],[73.612378,15.908218],[73.612027,15.9081],[73.611816,15.907943],[73.611587,15.907567],[73.611362,15.907338],[73.610975,15.906943],[73.610895,15.906792],[73.610878,15.906419],[73.610726,15.905836],[73.610597,15.905402],[73.610266,15.905178],[73.609932,15.905094],[73.609607,15.90491],[73.609254,15.904362],[73.60899,15.904067],[73.608527,15.903617],[73.608291,15.903523],[73.607785,15.903253],[73.607631,15.903205],[73.607298,15.903476],[73.607107,15.90345],[73.606891,15.903273],[73.606784,15.902835],[73.606677,15.902693],[73.606465,15.902332],[73.606228,15.902186],[73.605907,15.901925],[73.605865,15.901594],[73.605628,15.901421],[73.605464,15.901292],[73.60492,15.903043],[73.604161,15.905433],[73.603266,15.906372],[73.60273,15.906905],[73.602665,15.906932],[73.602721,15.907187],[73.602768,15.907401],[73.602815,15.907664],[73.602916,15.90805],[73.602955,15.908485],[73.603016,15.908924],[73.603013,15.909053],[73.602969,15.909158],[73.602674,15.909535],[73.602553,15.909601],[73.602539,15.909609],[73.602416,15.909684],[73.601404,15.910225],[73.601271,15.910279],[73.601124,15.910327],[73.60078,15.910449],[73.600456,15.911011],[73.600445,15.911317],[73.600078,15.9121],[73.599847,15.912699],[73.59963,15.912704],[73.599233,15.913162],[73.598951,15.913518],[73.598616,15.913945],[73.598478,15.914069],[73.598396,15.914161],[73.598353,15.914129],[73.598234,15.914253],[73.598114,15.914393],[73.597985,15.914608],[73.597879,15.9148],[73.597803,15.91493],[73.597725,15.915063],[73.597597,15.915136],[73.597324,15.915309],[73.597258,15.915356],[73.597206,15.915329],[73.597084,15.915371],[73.595325,15.915265],[73.595212,15.915255],[73.595077,15.915267],[73.594341,15.915277],[73.594297,15.915281],[73.594421,15.915679],[73.596004,15.916683],[73.598108,15.918046],[73.599869,15.919697],[73.601279,15.920976],[73.603044,15.922605],[73.603999,15.923693],[73.60405,15.9237],[73.604101,15.923708],[73.604152,15.923716],[73.604202,15.923726],[73.604253,15.923736],[73.604303,15.923747],[73.604353,15.923759],[73.604403,15.923772],[73.604453,15.923786],[73.604502,15.9238],[73.604551,15.923815],[73.6046,15.923832],[73.604648,15.923849],[73.604697,15.923867],[73.604959,15.924254],[73.605183,15.924566],[73.605336,15.924755],[73.605858,15.924792],[73.607078,15.925209],[73.607378,15.923979],[73.607879,15.923778],[73.608765,15.923844],[73.610574,15.924224],[73.610169,15.923153],[73.609746,15.922352],[73.609466,15.921945],[73.609457,15.921431],[73.609588,15.921056],[73.61027,15.92098],[73.611364,15.921063],[73.612322,15.921261],[73.613693,15.921742],[73.614656,15.922445],[73.615482,15.923137],[73.616166,15.923436],[73.616845,15.923353],[73.617251,15.923252],[73.617519,15.922889],[73.618062,15.922797],[73.619561,15.923147],[73.62079,15.923729],[73.623381,15.92515],[73.625559,15.926288],[73.626513,15.926973],[73.627334,15.928153],[73.628294,15.929843],[73.629943,15.933579],[73.631995,15.937582],[73.634031,15.939945],[73.634841,15.940362],[73.635383,15.941017],[73.635656,15.941657],[73.63593,15.942422],[73.63607,15.943306],[73.636344,15.944196],[73.636886,15.944849],[73.637292,15.94537],[73.637968,15.946029],[73.638241,15.946668],[73.638244,15.947169],[73.638929,15.949578],[73.639204,15.950716],[73.639746,15.951617],[73.64069,15.952412],[73.642036,15.953101],[73.643111,15.953403],[73.643649,15.953679],[73.643785,15.95406],[73.644058,15.954821],[73.644463,15.95534],[73.645269,15.955753],[73.646074,15.955792],[73.646612,15.956067],[73.647551,15.956238],[73.648089,15.956638],[73.648629,15.957412],[73.64923,15.958728],[73.649882,15.958245],[73.652772,15.955266],[73.654903,15.953672],[73.657341,15.952099],[73.659618,15.948823],[73.661751,15.947244],[73.66434,15.945413],[73.666469,15.942434],[73.667972,15.941118],[73.66715,15.940228],[73.665954,15.938583],[73.664929,15.937106],[73.663564,15.936235],[73.661176,15.935302],[73.659641,15.935208],[73.658276,15.93481],[73.657079,15.933793],[73.655539,15.931966],[73.653998,15.929508],[73.652628,15.92706],[73.650574,15.925357],[73.649717,15.923729],[73.649545,15.922145],[73.649715,15.920603],[73.649445,15.920605]]]]},"geometry_name":"the_geom","properties":{"ADI_2001":0,"ADI_2011":0,"ADI_2019":0,"ASSET_2001":0,"ASSET_2011":0,"ASSET_2019":0,"BF_2001":0,"BF_2011":0,"BF_2019":0,"FC_2001":0,"FC_2011":0,"FC_2019":0,"F_ILL":468,"F_LIT":1203,"F_SC":139,"F_ST":0,"MSW_2001":0,"MSW_2011":0,"MSW_2019":0,"M_ILL":328,"M_LIT":1365,"M_SC":128,"M_ST":0,"No_HH":740,"P_ILL":796,"P_LIT":2568,"P_SC":267,"P_ST":0,"TOT_F":1671,"TOT_M":1693,"TOT_P":3364,"block_cen":4280,"dist_cen":529,"district":"SINDHUDURG","state":"MAHARASHTRA","state_cen":27,"tehsil":"Kudal","vill_ID":566837,"vill_name":"TENDOLI"}},{"type":"Feature","id":"sindhudurg_kudal.152","geometry":{"type":"MultiPolygon","coordinates":[[[[73.674099,15.94716],[73.675229,15.951912],[73.675113,15.953963],[73.674868,15.954636],[73.673757,15.955373],[73.671905,15.956298],[73.66968,15.957205],[73.669064,15.957859],[73.668696,15.958527],[73.668575,15.959208],[73.668471,15.963609],[73.671748,15.963784],[73.673274,15.964149],[73.674867,15.965154],[73.676466,15.964019],[73.679314,15.962594],[73.681024,15.961741],[73.685884,15.959773],[73.688464,15.958663],[73.691645,15.956612],[73.696184,15.953396],[73.698303,15.952273],[73.699968,15.951821],[73.702521,15.951616],[73.701506,15.946864],[73.700049,15.942605],[73.699217,15.943224],[73.697191,15.943866],[73.694992,15.944031],[73.68076,15.94452],[73.678724,15.944862],[73.676346,15.945029],[73.674647,15.944924],[73.67366,15.944699],[73.674099,15.94716]]]]},"geometry_name":"the_geom","properties":{"ADI_2001":0,"ADI_2011":0,"ADI_2019":0,"ASSET_2001":0,"ASSET_2011":0,"ASSET_2019":0,"BF_2001":0,"BF_2011":0,"BF_2019":0,"FC_2001":0,"FC_2011":0,"FC_2019":0,"F_ILL":174,"F_LIT":492,"F_SC":62,"F_ST":0,"MSW_2001":0,"MSW_2011":0,"MSW_2019":0,"M_ILL":127,"M_LIT":568,"M_SC":66,"M_ST":0,"No_HH":305,"P_ILL":301,"P_LIT":1060,"P_SC":128,"P_ST":0,"TOT_F":666,"TOT_M":695,"TOT_P":1361,"block_cen":4280,"dist_cen":529,"district":"SINDHUDURG","state":"MAHARASHTRA","state_cen":27,"tehsil":"Kudal","vill_ID":566838,"vill_name":"WADIVARVADE"}},{"type":"Feature","id":"sindhudurg_kudal.153","geometry":{"type":"MultiPolygon","coordinates":[[[[73.687031,15.990922],[73.684982,15.990523],[73.681934,15.989931],[73.681055,15.989886],[73.680441,15.990017],[73.678512,15.991168],[73.676321,15.992195],[73.67404,15.992814],[73.671754,15.992947],[73.670347,15.99288],[73.669643,15.992847],[73.669115,15.992903],[73.668325,15.993273],[73.667714,15.994139],[73.663431,15.999814],[73.661513,16.003737],[73.661429,16.004553],[73.661429,16.004614],[73.661433,16.005291],[73.662143,16.006224],[73.663294,16.007012],[73.663825,16.007445],[73.664621,16.007808],[73.664711,16.00814],[73.664625,16.008629],[73.664344,16.009447],[73.664348,16.010004],[73.6645,16.010567],[73.665249,16.010878],[73.666746,16.011222],[73.667944,16.011692],[73.668245,16.012124],[73.668106,16.01379],[73.667661,16.014329],[73.667067,16.015001],[73.666922,16.015833],[73.666928,16.016811],[73.667097,16.020035],[73.667606,16.020581],[73.668059,16.0206],[73.668813,16.02049],[73.670773,16.020291],[73.674086,16.019729],[73.678599,16.0188],[73.678264,16.015784],[73.678511,16.013724],[73.678888,16.011793],[73.679404,16.010844],[73.679921,16.01026],[73.681093,16.009829],[73.68266,16.010023],[73.683708,16.010558],[73.684494,16.01096],[73.685539,16.011252],[73.686831,16.012917],[73.687425,16.012325],[73.689073,16.011704],[73.690725,16.011643],[73.692075,16.011429],[73.693124,16.0112],[73.693719,16.010531],[73.693847,16.010044],[73.69401,16.009429],[73.69385,16.008305],[73.693543,16.007454],[73.693382,16.006192],[73.693673,16.005093],[73.694412,16.003739],[73.696346,16.001754],[73.698875,15.999391],[73.701856,15.997474],[73.703624,15.995133],[73.705262,15.992971],[73.706443,15.991109],[73.707032,15.989904],[73.707024,15.98894],[73.706126,15.988751],[73.705378,15.988709],[73.702887,15.990166],[73.699133,15.991409],[73.695984,15.992125],[73.694319,15.992197],[73.692476,15.991937],[73.690544,15.991511],[73.689943,15.99141],[73.687031,15.990922]]]]},"geometry_name":"the_geom","properties":{"ADI_2001":0,"ADI_2011":0,"ADI_2019":0,"ASSET_2001":0,"ASSET_2011":0,"ASSET_2019":0,"BF_2001":0,"BF_2011":0,"BF_2019":0,"FC_2001":0,"FC_2011":0,"FC_2019":0,"F_ILL":1606,"F_LIT":6338,"F_SC":601,"F_ST":45,"MSW_2001":0,"MSW_2011":0,"MSW_2019":0,"M_ILL":1452,"M_LIT":6619,"M_SC":560,"M_ST":64,"No_HH":4001,"P_ILL":3058,"P_LIT":12957,"P_SC":1161,"P_ST":109,"TOT_F":7944,"TOT_M":8071,"TOT_P":16015,"block_cen":4280,"dist_cen":529,"district":"SINDHUDURG","state":"MAHARASHTRA","state_cen":27,"tehsil":"Kudal","vill_ID":566839,"vill_name":"KUDAL"}},{"type":"Feature","id":"sindhudurg_kudal.154","geometry":{"type":"MultiPolygon","coordinates":[[[[73.797594,15.940961],[73.797233,15.94177],[73.797801,15.941634],[73.797594,15.940961]]]]},"geometry_name":"the_geom","properties":{"ADI_2001":0,"ADI_2011":0,"ADI_2019":0,"ASSET_2001":0,"ASSET_2011":0,"ASSET_2019":0,"BF_2001":0,"BF_2011":0,"BF_2019":0,"FC_2001":0,"FC_2011":0,"FC_2019":0,"F_ILL":303,"F_LIT":1019,"F_SC":119,"F_ST":4,"MSW_2001":0,"MSW_2011":0,"MSW_2019":0,"M_ILL":179,"M_LIT":1117,"M_SC":117,"M_ST":6,"No_HH":624,"P_ILL":482,"P_LIT":2136,"P_SC":236,"P_ST":10,"TOT_F":1322,"TOT_M":1296,"TOT_P":2618,"block_cen":4281,"dist_cen":529,"district":"SINDHUDURG","state":"MAHARASHTRA","state_cen":27,"tehsil":"Kudal","vill_ID":566842,"vill_name":"KOLGAON"}},{"type":"Feature","id":"sindhudurg_kudal.155","geometry":{"type":"MultiPolygon","coordinates":[[[[73.798155,15.943015],[73.797818,15.941691],[73.797801,15.941634],[73.797233,15.94177],[73.796672,15.942244],[73.79583,15.942956],[73.796669,15.944075],[73.797194,15.944366],[73.798264,15.944959],[73.798155,15.943015]]]]},"geometry_name":"the_geom","properties":{"ADI_2001":0,"ADI_2011":0,"ADI_2019":0,"ASSET_2001":0,"ASSET_2011":0,"ASSET_2019":0,"BF_2001":0,"BF_2011":0,"BF_2019":0,"FC_2001":0,"FC_2011":0,"FC_2019":0,"F_ILL":206,"F_LIT":551,"F_SC":48,"F_ST":0,"MSW_2001":0,"MSW_2011":0,"MSW_2019":0,"M_ILL":101,"M_LIT":653,"M_SC":53,"M_ST":0,"No_HH":363,"P_ILL":307,"P_LIT":1204,"P_SC":101,"P_ST":0,"TOT_F":757,"TOT_M":754,"TOT_P":1511,"block_cen":4281,"dist_cen":529,"district":"SINDHUDURG","state":"MAHARASHTRA","state_cen":27,"tehsil":"Kudal","vill_ID":566843,"vill_name":"KUNKERI"}},{"type":"Feature","id":"sindhudurg_kudal.156","geometry":{"type":"MultiPolygon","coordinates":[[[[73.994513,16.07945],[73.996425,16.079486],[73.99749,16.079465],[73.998346,16.079448],[73.999451,16.079419],[74.000944,16.07938],[74.002816,16.079343],[74.00439,16.07913],[74.004916,16.077795],[74.003666,16.078288],[74.001047,16.079322],[73.993914,16.078536],[73.994325,16.079446],[73.994513,16.07945]]],[[[73.990774,16.093227],[73.991205,16.093187],[73.991706,16.09314],[73.993543,16.09297],[73.994151,16.092914],[73.995183,16.092819],[73.995878,16.092742],[73.995945,16.092735],[73.995952,16.092734],[73.995719,16.092139],[73.995437,16.091419],[73.99524,16.090932],[73.994928,16.090162],[73.991912,16.090889],[73.991491,16.091666],[73.990778,16.092585],[73.990457,16.093259],[73.990774,16.093227]]]]},"geometry_name":"the_geom","properties":{"ADI_2001":0,"ADI_2011":0,"ADI_2019":0,"ASSET_2001":0,"ASSET_2011":0,"ASSET_2019":0,"BF_2001":0,"BF_2011":0,"BF_2019":0,"FC_2001":0,"FC_2011":0,"FC_2019":0,"F_ILL":324,"F_LIT":445,"F_SC":74,"F_ST":0,"MSW_2001":0,"MSW_2011":0,"MSW_2019":0,"M_ILL":193,"M_LIT":552,"M_SC":72,"M_ST":0,"No_HH":323,"P_ILL":517,"P_LIT":997,"P_SC":146,"P_ST":0,"TOT_F":769,"TOT_M":745,"TOT_P":1514,"block_cen":4291,"dist_cen":530,"district":"SINDHUDURG","state":"MAHARASHTRA","state_cen":27,"tehsil":"Kudal","vill_ID":567855,"vill_name":"MATHAGAON"}},{"type":"Feature","id":"sindhudurg_kudal.157","geometry":{"type":"MultiPolygon","coordinates":[[[[73.972682,16.094609],[73.974218,16.093886],[73.974711,16.093623],[73.976744,16.093773],[73.976765,16.093775],[73.982317,16.094225],[73.982504,16.09424],[73.982775,16.09427],[73.983025,16.093952],[73.983365,16.093914],[73.984158,16.093827],[73.9863,16.093642],[73.988277,16.093478],[73.990457,16.093259],[73.990778,16.092585],[73.991491,16.091666],[73.991912,16.090889],[73.989618,16.091442],[73.985158,16.091672],[73.974709,16.092213],[73.969541,16.095241],[73.972682,16.094609]]]]},"geometry_name":"the_geom","properties":{"ADI_2001":0,"ADI_2011":0,"ADI_2019":0,"ASSET_2001":0,"ASSET_2011":0,"ASSET_2019":0,"BF_2001":0,"BF_2011":0,"BF_2019":0,"FC_2001":0,"FC_2011":0,"FC_2019":0,"F_ILL":34,"F_LIT":35,"F_SC":17,"F_ST":0,"MSW_2001":0,"MSW_2011":0,"MSW_2019":0,"M_ILL":25,"M_LIT":54,"M_SC":25,"M_ST":0,"No_HH":35,"P_ILL":59,"P_LIT":89,"P_SC":42,"P_ST":0,"TOT_F":69,"TOT_M":79,"TOT_P":148,"block_cen":4291,"dist_cen":530,"district":"SINDHUDURG","state":"MAHARASHTRA","state_cen":27,"tehsil":"Kudal","vill_ID":567856,"vill_name":"MANI"}},{"type":"Feature","id":"sindhudurg_kudal.158","geometry":{"type":"MultiPolygon","coordinates":[[[[73.929668,16.169536],[73.928858,16.16943],[73.928418,16.169775],[73.927857,16.170213],[73.92751,16.170479],[73.926887,16.170955],[73.926846,16.170966],[73.925595,16.171304],[73.925392,16.171359],[73.925154,16.171423],[73.924236,16.171686],[73.922938,16.172813],[73.92204,16.173593],[73.921839,16.173561],[73.92061,16.173367],[73.919054,16.173122],[73.91774,16.172915],[73.917444,16.172812],[73.917127,16.173287],[73.923083,16.175008],[73.925631,16.173704],[73.925702,16.173593],[73.927394,16.170928],[73.931278,16.169746],[73.929668,16.169536]]],[[[73.906507,16.13601],[73.90606,16.135784],[73.905287,16.135912],[73.904023,16.136344],[73.902856,16.136697],[73.901901,16.137087],[73.900925,16.137281],[73.900079,16.137569],[73.899049,16.138188],[73.898153,16.138568],[73.897518,16.138997],[73.896859,16.139391],[73.89623,16.139451],[73.895577,16.139465],[73.895007,16.139526],[73.894571,16.13937],[73.894159,16.139169],[73.893734,16.139048],[73.893141,16.139097],[73.892625,16.13947],[73.892278,16.139661],[73.89178,16.139608],[73.891247,16.1396],[73.890259,16.139829],[73.889531,16.140083],[73.889112,16.140343],[73.888705,16.140567],[73.888614,16.141096],[73.888498,16.141613],[73.888497,16.14242],[73.888561,16.142859],[73.888555,16.143228],[73.888347,16.143617],[73.888061,16.143682],[73.887388,16.143488],[73.886928,16.143355],[73.886397,16.143186],[73.885957,16.143272],[73.885712,16.14373],[73.885342,16.144589],[73.884933,16.144975],[73.8843,16.145243],[73.883663,16.145446],[73.88763,16.146006],[73.890518,16.142032],[73.89271,16.140819],[73.900655,16.139157],[73.906583,16.136368],[73.906731,16.136361],[73.906843,16.136356],[73.906507,16.13601]]],[[[73.901119,16.090081],[73.901219,16.090427],[73.900819,16.090578],[73.900331,16.090762],[73.90012,16.09084],[73.89993,16.09091],[73.899782,16.091481],[73.899569,16.092193],[73.899465,16.092542],[73.899476,16.092703],[73.89958,16.093307],[73.899623,16.093588],[73.899663,16.093851],[73.899763,16.094496],[73.899794,16.094698],[73.899973,16.095832],[73.90012,16.09683],[73.900187,16.096905],[73.900212,16.096933],[73.900421,16.097213],[73.900469,16.097304],[73.900667,16.097678],[73.900931,16.098139],[73.901393,16.098414],[73.901403,16.098564],[73.901413,16.098724],[73.901242,16.098856],[73.901291,16.09891],[73.901623,16.098722],[73.902293,16.098417],[73.903132,16.097678],[73.90383,16.09742],[73.90227,16.08991],[73.901072,16.089917],[73.901119,16.090081]]],[[[73.881692,16.145148],[73.881237,16.144692],[73.880899,16.144353],[73.880462,16.144243],[73.87981,16.144233],[73.879277,16.144145],[73.878616,16.143963],[73.878216,16.143796],[73.877601,16.143648],[73.876969,16.143905],[73.876538,16.144187],[73.87788,16.14463],[73.880492,16.144999],[73.881726,16.145173],[73.881692,16.145148]]],[[[73.873218,16.096257],[73.873236,16.09628],[73.873851,16.097045],[73.874888,16.097044],[73.875225,16.097044],[73.875409,16.097044],[73.875415,16.097034],[73.875176,16.096905],[73.872727,16.095582],[73.873218,16.096257]]],[[[73.875157,16.143683],[73.874769,16.143481],[73.874581,16.143541],[73.875206,16.143747],[73.875157,16.143683]]],[[[73.873202,16.144289],[73.872712,16.144512],[73.872113,16.144169],[73.871645,16.143736],[73.871202,16.14328],[73.871016,16.143058],[73.870712,16.142777],[73.870168,16.142677],[73.869538,16.142737],[73.869377,16.143161],[73.8696,16.14404],[73.869559,16.144374],[73.869417,16.14511],[73.869123,16.145682],[73.868662,16.146286],[73.868157,16.14666],[73.868115,16.146675],[73.868385,16.147375],[73.870696,16.147134],[73.87124,16.147077],[73.872347,16.145543],[73.873289,16.14424],[73.873202,16.144289]]],[[[73.866226,16.139991],[73.866071,16.139332],[73.865555,16.138979],[73.864569,16.139103],[73.863479,16.139698],[73.862291,16.140522],[73.861197,16.140702],[73.859807,16.141558],[73.858662,16.142625],[73.857388,16.143644],[73.856154,16.144386],[73.855222,16.144776],[73.853959,16.145795],[73.852804,16.146816],[73.851615,16.147674],[73.850458,16.148729],[73.849711,16.149422],[73.848948,16.150367],[73.848687,16.150588],[73.84691,16.153208],[73.856906,16.145598],[73.861392,16.143098],[73.866205,16.140415],[73.866226,16.139991]]]]},"geometry_name":"the_geom","properties":{"ADI_2001":0,"ADI_2011":0,"ADI_2019":0,"ASSET_2001":0,"ASSET_2011":0,"ASSET_2019":0,"BF_2001":0,"BF_2011":0,"BF_2019":0,"FC_2001":0,"FC_2011":0,"FC_2019":0,"F_ILL":190,"F_LIT":304,"F_SC":119,"F_ST":8,"MSW_2001":0,"MSW_2011":0,"MSW_2019":0,"M_ILL":81,"M_LIT":383,"M_SC":105,"M_ST":5,"No_HH":222,"P_ILL":271,"P_LIT":687,"P_SC":224,"P_ST":13,"TOT_F":494,"TOT_M":464,"TOT_P":958,"block_cen":4291,"dist_cen":530,"district":"SINDHUDURG","state":"MAHARASHTRA","state_cen":27,"tehsil":"Kudal","vill_ID":567857,"vill_name":"SHIVDAV"}},{"type":"Feature","id":"sindhudurg_kudal.159","geometry":{"type":"MultiPolygon","coordinates":[[[[73.859345,16.106095],[73.859498,16.106134],[73.859734,16.106195],[73.860653,16.106431],[73.860109,16.10525],[73.859345,16.106095]]],[[[73.859065,16.103923],[73.859226,16.104065],[73.859793,16.104565],[73.859296,16.103484],[73.858747,16.103645],[73.859065,16.103923]]],[[[73.855378,16.077649],[73.854699,16.07887],[73.854142,16.079918],[73.85367,16.080906],[73.853375,16.081688],[73.853246,16.081731],[73.852994,16.081815],[73.852937,16.081834],[73.851257,16.082332],[73.849134,16.083028],[73.848084,16.083377],[73.847822,16.083464],[73.847599,16.083529],[73.846358,16.083889],[73.846129,16.083953],[73.845849,16.084032],[73.845366,16.084168],[73.844342,16.089822],[73.843593,16.09061],[73.843642,16.091709],[73.843777,16.093909],[73.844476,16.094812],[73.846233,16.094781],[73.846442,16.094775],[73.846363,16.090339],[73.849178,16.083958],[73.852263,16.083142],[73.855276,16.084794],[73.855478,16.084905],[73.8559,16.084708],[73.857969,16.083744],[73.858625,16.079466],[73.859165,16.075937],[73.855828,16.076895],[73.855378,16.077649]]],[[[73.852727,16.099917],[73.852723,16.10006],[73.852501,16.101188],[73.852403,16.101703],[73.852288,16.102304],[73.85233,16.102344],[73.852396,16.102408],[73.852474,16.10249],[73.852541,16.10256],[73.852714,16.102744],[73.853255,16.102835],[73.853943,16.102944],[73.855021,16.103114],[73.85542,16.103179],[73.854454,16.100642],[73.853796,16.098913],[73.853438,16.098867],[73.852727,16.099917]]],[[[73.848968,16.096039],[73.849022,16.096127],[73.849063,16.096194],[73.849647,16.097151],[73.849708,16.09725],[73.849785,16.097375],[73.850166,16.097953],[73.850272,16.098106],[73.85094,16.097896],[73.851219,16.097808],[73.849317,16.095836],[73.848873,16.095891],[73.848968,16.096039]]],[[[73.844618,16.107057],[73.844176,16.1064],[73.843998,16.106137],[73.843929,16.10613],[73.843621,16.106098],[73.84353,16.106086],[73.843461,16.106077],[73.843047,16.106022],[73.8427,16.105983],[73.844827,16.107442],[73.844618,16.107057]]]]},"geometry_name":"the_geom","properties":{"ADI_2001":0,"ADI_2011":0,"ADI_2019":0,"ASSET_2001":0,"ASSET_2011":0,"ASSET_2019":0,"BF_2001":0,"BF_2011":0,"BF_2019":0,"FC_2001":0,"FC_2011":0,"FC_2019":0,"F_ILL":8,"F_LIT":5,"F_SC":0,"F_ST":0,"MSW_2001":0,"MSW_2011":0,"MSW_2019":0,"M_ILL":10,"M_LIT":5,"M_SC":0,"M_ST":0,"No_HH":7,"P_ILL":18,"P_LIT":10,"P_SC":0,"P_ST":0,"TOT_F":13,"TOT_M":15,"TOT_P":28,"block_cen":4291,"dist_cen":530,"district":"SINDHUDURG","state":"MAHARASHTRA","state_cen":27,"tehsil":"Kudal","vill_ID":567863,"vill_name":"CHIKKEWADI"}},{"type":"Feature","id":"sindhudurg_kudal.160","geometry":{"type":"MultiPolygon","coordinates":[[[[74.007147,16.072548],[74.00863,16.069158],[74.008644,16.069127],[74.011374,16.066632],[74.010529,16.065121],[74.009191,16.064647],[74.007161,16.06653],[74.006898,16.066335],[74.006802,16.066264],[74.007562,16.065625],[74.008887,16.06451],[74.008093,16.064016],[74.007631,16.063728],[74.005177,16.062248],[74.00413,16.061618],[74.002099,16.060396],[74.000483,16.05941],[73.99899,16.05981],[73.997991,16.059086],[73.997063,16.059631],[73.99684,16.058351],[73.995364,16.058406],[73.997583,16.060705],[73.999079,16.061303],[74.001057,16.062093],[74.003196,16.063362],[74.00447,16.064521],[74.005705,16.065732],[74.00696,16.067054],[74.007776,16.068488],[74.006771,16.069962],[74.006533,16.071604],[74.006791,16.073309],[74.006802,16.073357],[74.007147,16.072548]]]]},"geometry_name":"the_geom","properties":{"ADI_2001":0,"ADI_2011":0,"ADI_2019":0,"ASSET_2001":0,"ASSET_2011":0,"ASSET_2019":0,"BF_2001":0,"BF_2011":0,"BF_2019":0,"FC_2001":0,"FC_2011":0,"FC_2019":0,"F_ILL":244,"F_LIT":256,"F_SC":17,"F_ST":0,"MSW_2001":0,"MSW_2011":0,"MSW_2019":0,"M_ILL":140,"M_LIT":334,"M_SC":16,"M_ST":1,"No_HH":222,"P_ILL":384,"P_LIT":590,"P_SC":33,"P_ST":1,"TOT_F":500,"TOT_M":474,"TOT_P":974,"block_cen":4292,"dist_cen":530,"district":"SINDHUDURG","state":"MAHARASHTRA","state_cen":27,"tehsil":"Kudal","vill_ID":567926,"vill_name":"KITVADE"}}],"totalFeatures":160,"numberMatched":160,"numberReturned":160,"timeStamp":"2026-01-14T19:55:27.981Z","crs":{"type":"name","properties":{"name":"urn:ogc:def:crs:EPSG::4326"}}}