year,dataset,month,Water,Trees,Grass,Flooded Vegetation,Crops,Shrub and Scrub,Built,Bare,Snow and ice
2018,Dynamic World,January,2571.361696499835,83840.11705495295,783.2307498911171,194.76110390870554,6052.926899868422,12836.896839553438,2139.5562010866247,43.57662471676335,6.826200911454983
2019,Dynamic World,January,2583.734771465064,84052.95606136812,728.2797516185909,222.52496501902962,5875.8715042028825,12940.143703085636,2421.915948492927,76.9651410820535,2.057453204031432
2020,Dynamic World,January,2820.6656569130073,83957.13921316939,907.2907844623165,191.7611433318986,4697.014579312486,12560.819237962729,2654.614781867537,51.63363546310054,16.319559318429754
2021,Dynamic World,January,2767.018960559899,84146.9370073512,1170.4177905546308,194.26918497825835,4712.974162629684,11888.878367949334,2663.9022436973305,47.17548078526155,13.42896420449817
2022,Dynamic World,January,2836.493790422251,85364.79379966756,954.7980553931094,175.18884151135856,4187.22829075113,10265.11657364966,3065.4404041512344,43.06478549691736,14.696535549569644
2023,Dynamic World,January,2778.993459687579,86923.87066379671,922.6422126062884,166.0326354955176,5013.241902407157,9968.117778524842,3095.3879374586804,60.77523873810338,2.8523127582390284
2024,Dynamic World,January,2466.129076568376,84336.09239654198,1108.489001152519,155.2275884742549,4462.383123561274,10605.425923563886,3449.065577718623,63.21928387270773,42.55995462630064
2025,Dynamic World,January,2904.9754744395286,87346.11507457135,918.202565616023,180.83414404134973,4704.693458550963,8410.555324927125,3375.0056413523826,41.91814159322127,4.064578599662033
